// GENERATED by scripts/build_assets.py from scripts/assets.toml — DO NOT EDIT.
// Fonts: Teko, Montserrat (OFL-1.1); icons: Meteocons by Bas Milius (MIT).
// See docs/THIRD-PARTY.md and docs/licenses/.

#include "wx_assets.h"

alignas(4) const uint8_t WX_CLOCK96[2548] = {
  0x30, 0x00, 0x00, 0x00, 0x68, 0x65, 0x61, 0x64, 0x01, 0x00, 0x00, 0x00, 0x03, 0x00, 0x60, 0x00,
  0x3c, 0x00, 0x00, 0x00, 0x5c, 0x00, 0xd2, 0xff, 0x00, 0x00, 0x00, 0x00, 0x3c, 0x00, 0x00, 0x00,
  0x10, 0x00, 0x00, 0x00, 0x00, 0x04, 0x04, 0x06, 0x07, 0x01, 0x00, 0x00, 0x05, 0x00, 0x00, 0x00,
  0x1c, 0x00, 0x00, 0x00, 0x63, 0x6d, 0x61, 0x70, 0x01, 0x00, 0x00, 0x00, 0x1c, 0x00, 0x00, 0x00,
  0x30, 0x00, 0x00, 0x00, 0x0b, 0x00, 0x01, 0x00, 0x0b, 0x00, 0x02, 0x00, 0x24, 0x00, 0x00, 0x00,
  0x6c, 0x6f, 0x63, 0x61, 0x0c, 0x00, 0x00, 0x00, 0x08, 0x00, 0x08, 0x00, 0xbe, 0x00, 0xf8, 0x00,
  0x44, 0x02, 0x3f, 0x03, 0x7f, 0x04, 0x38, 0x05, 0x1c, 0x06, 0x7a, 0x07, 0x7a, 0x08, 0x5d, 0x09,
  0x84, 0x09, 0x00, 0x00, 0x67, 0x6c, 0x79, 0x66, 0x4a, 0x80, 0xef, 0x80, 0x18, 0x5e, 0xfb, 0xff,
  0xff, 0x83, 0xd9, 0x28, 0x01, 0xf4, 0x74, 0x20, 0x80, 0x7f, 0xf0, 0x44, 0xda, 0xf0, 0x80, 0x35,
  0x38, 0x07, 0xff, 0x24, 0xf0, 0x80, 0x0a, 0xa0, 0x0f, 0xfe, 0x58, 0xf0, 0x02, 0x00, 0x3f, 0xf9,
  0xa6, 0x84, 0x40, 0x0f, 0xfe, 0x76, 0xb8, 0x07, 0xff, 0x3d, 0x48, 0x03, 0xf0, 0xdf, 0xff, 0xdc,
  0xe0, 0x1f, 0x88, 0x03, 0xfa, 0x50, 0x03, 0xe1, 0x81, 0x00, 0xff, 0xe2, 0x90, 0x07, 0xf8, 0xc0,
  0x3f, 0xff, 0xe0, 0x1f, 0xff, 0xf0, 0x0f, 0xff, 0xf8, 0x07, 0xff, 0xfc, 0x03, 0xff, 0xfe, 0x01,
  0xff, 0xff, 0x00, 0xff, 0xff, 0x80, 0x7f, 0xff, 0xc0, 0x3f, 0xff, 0xe0, 0x1f, 0xff, 0xf0, 0x0f,
  0xff, 0xf8, 0x07, 0xff, 0xfc, 0x03, 0xff, 0xfe, 0x01, 0xff, 0xff, 0x00, 0xff, 0xff, 0x80, 0x7f,
  0xff, 0xc0, 0x3c, 0x40, 0x1f, 0xe2, 0x00, 0xff, 0xe2, 0xca, 0x08, 0x07, 0x86, 0x00, 0x3f, 0x88,
  0x03, 0xf0, 0xdf, 0x7f, 0xfb, 0x9c, 0x03, 0xf1, 0x38, 0x07, 0xff, 0x3d, 0x48, 0x80, 0x1f, 0xfc,
  0xed, 0x08, 0x00, 0xff, 0xe6, 0x9a, 0x02, 0xa8, 0x03, 0xff, 0x96, 0x3c, 0x01, 0x53, 0x80, 0x7f,
  0xf2, 0x4f, 0x08, 0x03, 0x47, 0x42, 0x08, 0x07, 0xff, 0x04, 0x4d, 0xaf, 0x08, 0x00, 0x2e, 0x20,
  0x8f, 0x83, 0xff, 0xff, 0xc3, 0x90, 0x0f, 0xff, 0xf8, 0x07, 0xff, 0x3c, 0x7f, 0xfd, 0x80, 0x1f,
  0xfc, 0x41, 0x00, 0xff, 0xff, 0x80, 0x7f, 0xff, 0xc0, 0x3f, 0xff, 0xe0, 0x1f, 0xff, 0xf0, 0x0f,
  0xff, 0xf8, 0x07, 0xff, 0xfc, 0x03, 0xff, 0xfe, 0x01, 0xff, 0xff, 0x00, 0xff, 0xff, 0x80, 0x7f,
  0xff, 0xc0, 0x3f, 0xff, 0xe0, 0x1f, 0xfe, 0x70, 0x3e, 0x40, 0xdf, 0x80, 0x18, 0xa3, 0x3b, 0xff,
  0xfe, 0xeb, 0x72, 0x00, 0xfa, 0x75, 0xcc, 0x40, 0x3f, 0xe1, 0x48, 0xd9, 0x00, 0xec, 0x60, 0x0f,
  0xfe, 0x3b, 0x58, 0x04, 0xe6, 0x01, 0xff, 0xc9, 0x47, 0x00, 0x48, 0x07, 0xff, 0x2e, 0x41, 0x04,
  0x03, 0xff, 0x96, 0x28, 0x60, 0x1f, 0xfc, 0xd3, 0xf0, 0x0f, 0xc9, 0xbf, 0xfd, 0xa8, 0x01, 0xfb,
  0x84, 0x03, 0xf4, 0x90, 0x07, 0x17, 0x80, 0x7f, 0xf1, 0x88, 0x03, 0xe6, 0x00, 0xff, 0xff, 0x80,
  0x7f, 0xff, 0xc0, 0x3f, 0xfb, 0x42, 0x01, 0xf8, 0x40, 0x3f, 0xf8, 0xae, 0x01, 0xfb, 0xc0, 0x3f,
  0xf8, 0xa4, 0x01, 0xf8, 0xb1, 0x9b, 0xf0, 0x07, 0xee, 0x00, 0xfc, 0xcb, 0x33, 0xf8, 0x03, 0xf2,
  0x00, 0x7e, 0x30, 0x0f, 0xfe, 0x29, 0x80, 0x7c, 0x60, 0x1f, 0xfc, 0x55, 0x00, 0xfd, 0x60, 0x1f,
  0xfc, 0x59, 0x00, 0xfc, 0xc0, 0x1f, 0xfc, 0x43, 0x30, 0x07, 0xc8, 0x20, 0x1f, 0xfc, 0x48, 0x00,
  0xfd, 0xe0, 0x1f, 0xfc, 0x43, 0x40, 0x0f, 0x8d, 0x00, 0x3f, 0xf8, 0x9e, 0x01, 0xfa, 0x00, 0x3f,
  0xf8, 0x88, 0x60, 0x1f, 0x1a, 0x00, 0x7f, 0xf1, 0x24, 0x03, 0xf4, 0x00, 0x7f, 0xf1, 0x18, 0x80,
  0x3e, 0x34, 0x00, 0xff, 0xe2, 0x40, 0x07, 0xe8, 0x00, 0xff, 0xe2, 0x38, 0x80, 0x7c, 0x88, 0x00,
  0xff, 0xe2, 0x48, 0x07, 0xe8, 0x00, 0xff, 0xe2, 0x40, 0x80, 0x7c, 0x86, 0x01, 0xff, 0xc3, 0x17,
  0x00, 0xfd, 0x00, 0x1f, 0xfc, 0x48, 0x00, 0xfc, 0x86, 0x01, 0xff, 0xc3, 0x26, 0x00, 0xfd, 0x00,
  0x1f, 0xfc, 0x48, 0x00, 0xfc, 0xa6, 0x01, 0xff, 0xc3, 0x25, 0x00, 0xfd, 0x00, 0x1f, 0xfc, 0x49,
  0x00, 0xfc, 0xa4, 0x01, 0xff, 0xc3, 0x34, 0x00, 0xfd, 0x00, 0x1f, 0xfc, 0x4f, 0x00, 0xfc, 0xa4,
  0x01, 0xff, 0xc3, 0x43, 0x00, 0xfd, 0x00, 0x1f, 0xfc, 0x49, 0x00, 0xfc, 0xc4, 0x01, 0xff, 0xc3,
  0x52, 0x00, 0xfd, 0x00, 0x1f, 0xfc, 0x4b, 0x00, 0xfc, 0xc2, 0x01, 0xff, 0xc3, 0x71, 0x00, 0xfd,
  0x00, 0x1f, 0xfc, 0x49, 0x00, 0xfc, 0xc2, 0x01, 0xff, 0xc3, 0x81, 0x00, 0xfd, 0x00, 0x1f, 0xfc,
  0x31, 0x70, 0x0f, 0xce, 0x20, 0x1f, 0xfc, 0x38, 0x00, 0xfe, 0x90, 0x0f, 0xfe, 0x19, 0x30, 0x07,
  0xe7, 0x10, 0x0f, 0xfe, 0x1a, 0x80, 0x7f, 0x3f, 0xff, 0xff, 0x14, 0x03, 0xff, 0xfe, 0x01, 0xff,
  0xff, 0x00, 0xff, 0x80, 0x44, 0x40, 0xe7, 0x80, 0x1c, 0xd5, 0xbf, 0xff, 0xfc, 0x0e, 0xb7, 0x20,
  0x0f, 0x97, 0xa5, 0x48, 0x03, 0xff, 0x80, 0x29, 0x1b, 0x20, 0x1c, 0xb4, 0x20, 0x1f, 0xfc, 0x76,
  0xb0, 0x08, 0x68, 0x03, 0xff, 0x94, 0x8c, 0x00, 0x80, 0x0f, 0xfe, 0x64, 0x00, 0x1c, 0x03, 0xff,
  0x98, 0x26, 0x22, 0x00, 0xff, 0xe6, 0xa9, 0x80, 0x7e, 0x1b, 0xef, 0xfe, 0xd4, 0x00, 0xfd, 0xc2,
  0x01, 0xf9, 0x90, 0x40, 0x38, 0xa0, 0x03, 0xff, 0x8d, 0xc0, 0x1f, 0x88, 0x03, 0xf0, 0x80, 0x7f,
  0xff, 0xc0, 0x3f, 0xff, 0xe0, 0x1f, 0xff, 0xe1, 0x44, 0xfc, 0x40, 0x1f, 0xfc, 0x62, 0xbb, 0xfc,
  0x80, 0x1f, 0xff, 0xf0, 0x0f, 0xff, 0x50, 0x80, 0x7f, 0xf1, 0x88, 0x03, 0xff, 0x9c, 0x50, 0x01,
  0xfb, 0x40, 0x3f, 0x17, 0xff, 0xed, 0x40, 0x0f, 0xc8, 0x01, 0xff, 0xce, 0x71, 0x00, 0xff, 0xe6,
  0xbc, 0x00, 0x7f, 0xf3, 0x5e, 0x00, 0x3f, 0xf9, 0xcf, 0xa2, 0x01, 0xff, 0xce, 0x2d, 0x00, 0xff,
  0xe7, 0x99, 0x80, 0x3f, 0x17, 0xff, 0xee, 0x50, 0x0f, 0xc8, 0x01, 0xff, 0xc5, 0x19, 0x00, 0xfd,
  0xe0, 0x1f, 0xfc, 0x62, 0x00, 0xfc, 0x20, 0x1f, 0xff, 0xf0, 0x0f, 0xff, 0xa9, 0x66, 0x7e, 0x50,
  0x0f, 0xfe, 0x30, 0x99, 0xff, 0x00, 0x7f, 0xff, 0xc0, 0x3f, 0xff, 0xe0, 0x1f, 0xff, 0xf0, 0x0f,
  0xfe, 0x77, 0x80, 0x7e, 0x20, 0x0f, 0xc2, 0x20, 0x0f, 0xcc, 0xa2, 0x01, 0xc5, 0x00, 0x1f, 0xc6,
  0x01, 0xfd, 0x5d, 0xff, 0xda, 0x80, 0x1f, 0xb8, 0x48, 0x03, 0xff, 0x9a, 0xa0, 0xa0, 0x1f, 0xfc,
  0xc1, 0x30, 0x90, 0x0f, 0xfe, 0x64, 0x00, 0x06, 0x80, 0x3f, 0xf9, 0x48, 0xc0, 0x12, 0xd8, 0x80,
  0x7f, 0xf1, 0xda, 0xc0, 0x39, 0x3a, 0x94, 0x80, 0x3f, 0xf8, 0x02, 0x91, 0xb2, 0x01, 0x00, 0x46,
  0x01, 0x1f, 0x80, 0x1f, 0xfc, 0x55, 0xff, 0xfc, 0x80, 0x1f, 0xfc, 0xd9, 0x00, 0xf8, 0x90, 0x03,
  0xff, 0x98, 0x66, 0x00, 0xfa, 0xc0, 0x3f, 0xf9, 0xb2, 0x01, 0xf9, 0x80, 0x3f, 0xf9, 0x82, 0xa0,
  0x1f, 0x38, 0x07, 0xff, 0x35, 0x80, 0x3f, 0x50, 0x07, 0xff, 0x36, 0x40, 0x3e, 0x42, 0x00, 0xff,
  0xe6, 0x28, 0x80, 0x7d, 0xe0, 0x1f, 0xfc, 0xde, 0x00, 0xf8, 0x90, 0x03, 0xff, 0x98, 0x48, 0x01,
  0xf5, 0x80, 0x7f, 0xf3, 0x6c, 0x03, 0xe1, 0x60, 0x0f, 0xfe, 0x6b, 0x00, 0x7c, 0xc0, 0x1f, 0xfc,
  0xd7, 0x00, 0xfd, 0x20, 0x1f, 0xfc, 0xda, 0x00, 0xf9, 0x44, 0x03, 0xff, 0x98, 0x84, 0x01, 0xf4,
  0x80, 0x7f, 0xf3, 0x7c, 0x03, 0xe3, 0x30, 0x07, 0xff, 0x30, 0x90, 0x03, 0xe9, 0x00, 0xff, 0xe6,
  0xd0, 0x07, 0xc2, 0xa0, 0x1f, 0xfc, 0xd7, 0x00, 0xf9, 0x80, 0x3f, 0xf9, 0xac, 0x01, 0xfa, 0x40,
  0x3f, 0xf9, 0xb6, 0x01, 0xf2, 0x88, 0x07, 0xff, 0x31, 0x08, 0x03, 0xe9, 0x00, 0xff, 0xe6, 0xf0,
  0x07, 0xc6, 0x60, 0x0f, 0xfe, 0x60, 0xa8, 0x07, 0xd2, 0x01, 0xff, 0xcd, 0x90, 0x0f, 0x85, 0x40,
  0x3f, 0xf9, 0xac, 0x01, 0xf4, 0x80, 0x7f, 0xf3, 0x58, 0x40, 0x3e, 0x60, 0x0f, 0xfe, 0x6d, 0x00,
  0x7c, 0xc2, 0x01, 0xff, 0xcc, 0x33, 0x00, 0x7d, 0x40, 0x1f, 0xfc, 0xd9, 0x00, 0xf8, 0xcc, 0x01,
  0xe7, 0x99, 0xf9, 0x00, 0x3f, 0x85, 0x40, 0x3e, 0x90, 0x0f, 0xad, 0x9b, 0xe3, 0x00, 0xfe, 0x60,
  0x0f, 0x85, 0x40, 0x3f, 0xf9, 0xb2, 0x01, 0xf4, 0x80, 0x7f, 0xf3, 0x54, 0x40, 0x3e, 0x60, 0x0f,
  0xfe, 0x6c, 0x80, 0x7c, 0xc2, 0x01, 0xff, 0xcc, 0x33, 0x00, 0x7d, 0x60, 0x1f, 0xfc, 0xda, 0x00,
  0xf9, 0x08, 0x03, 0xff, 0x98, 0x2c, 0x01, 0xf7, 0x80, 0x7f, 0xf3, 0x58, 0x03, 0xe2, 0x40, 0x0f,
  0xfe, 0x6d, 0x00, 0x7d, 0x40, 0x1f, 0xfc, 0xd4, 0x20, 0x0f, 0x90, 0x8b, 0xfe, 0x10, 0x0f, 0xbc,
  0x8b, 0x09, 0x00, 0x7e, 0xcd, 0xdf, 0xf8, 0x80, 0x3e, 0x7d, 0xdd, 0x80, 0x1f, 0xff, 0xf0, 0x0f,
  0xff, 0xf8, 0x07, 0xff, 0xc1, 0xbf, 0xff, 0xf9, 0x06, 0x01, 0xf4, 0x7f, 0xed, 0x00, 0xff, 0xff,
  0x80, 0x7f, 0xff, 0xc0, 0x3f, 0xff, 0xe0, 0x1f, 0xff, 0xf0, 0x0f, 0xff, 0xf8, 0x07, 0xf8, 0x44,
  0x60, 0xef, 0x81, 0xff, 0xff, 0xce, 0xd0, 0x0f, 0xff, 0xf8, 0x07, 0xff, 0xfc, 0x03, 0xff, 0xac,
  0xbf, 0xff, 0xfc, 0x5d, 0x00, 0xff, 0xff, 0x80, 0x7f, 0xff, 0xc0, 0x3f, 0xff, 0xe0, 0x1f, 0xff,
  0xf0, 0x0f, 0xff, 0xf8, 0x07, 0xff, 0x75, 0x7f, 0xff, 0xbb, 0x6e, 0x0c, 0x03, 0xff, 0x98, 0x24,
  0x8f, 0x98, 0x20, 0x0f, 0xfe, 0x79, 0xe1, 0x00, 0x7f, 0xf3, 0xc7, 0x80, 0x3f, 0xfa, 0x06, 0x80,
  0x1f, 0xfd, 0x0e, 0x00, 0xff, 0xe8, 0x38, 0x03, 0xff, 0xff, 0x89, 0xd2, 0x01, 0xf8, 0x80, 0x3f,
  0xf8, 0xc2, 0xc4, 0x01, 0xff, 0xd0, 0x60, 0x0f, 0xff, 0xf8, 0x07, 0xff, 0xfc, 0x03, 0xff, 0xfe,
  0x01, 0xff, 0xc5, 0x55, 0xfc, 0x40, 0x1f, 0xfc, 0x72, 0xaa, 0xfd, 0x60, 0x1f, 0xff, 0xf0, 0x0f,
  0xff, 0xf8, 0x07, 0xff, 0xfc, 0x03, 0xff, 0xe8, 0x40, 0x1f, 0xca, 0x01, 0xfc, 0x60, 0x1f, 0x91,
  0x84, 0x03, 0x85, 0xc4, 0x03, 0xf8, 0x40, 0x3f, 0xa7, 0xbf, 0xfb, 0xa0, 0x03, 0xf1, 0x00, 0x0c,
  0x03, 0xff, 0x9a, 0xe0, 0x0b, 0x00, 0xff, 0xe6, 0xf8, 0x01, 0x84, 0x03, 0xff, 0x96, 0x4a, 0x00,
  0x1a, 0x00, 0xff, 0xe5, 0xf8, 0x06, 0x4b, 0x10, 0x0f, 0xfe, 0x39, 0x69, 0x00, 0x72, 0x75, 0x29,
  0x00, 0x7f, 0xf0, 0x04, 0xda, 0xf4, 0x80, 0x20, 0x4a, 0x80, 0xef, 0x80, 0x18, 0x5e, 0xfb, 0xff,
  0xff, 0x83, 0xb6, 0xc2, 0x01, 0xf4, 0x74, 0x20, 0x80, 0x7f, 0xf0, 0x49, 0x27, 0x98, 0x03, 0xa9,
  0xc0, 0x3f, 0xf9, 0x33, 0x00, 0x12, 0xa8, 0x03, 0xff, 0x96, 0xe6, 0x00, 0x80, 0x0f, 0xfe, 0x6c,
  0x01, 0x10, 0x03, 0xff, 0x9a, 0x80, 0xe0, 0x1f, 0xfc, 0xf3, 0x20, 0x0f, 0xc5, 0x9f, 0xff, 0x61,
  0x80, 0x7e, 0x60, 0x0f, 0xeb, 0x30, 0x0f, 0x8e, 0x40, 0x3f, 0xf8, 0xc4, 0x01, 0xfc, 0xc0, 0x1f,
  0xff, 0xf0, 0x0f, 0xff, 0xf8, 0x07, 0xff, 0xfc, 0x03, 0xff, 0xae, 0x4e, 0xff, 0xc0, 0x1f, 0xfc,
  0x71, 0x88, 0xfc, 0x40, 0x1f, 0xff, 0xf0, 0x0f, 0xff, 0xf8, 0x06, 0xbf, 0xff, 0xf7, 0x6d, 0xb8,
  0x80, 0x7f, 0xf3, 0x04, 0x92, 0x3a, 0x00, 0x3f, 0xfa, 0x0f, 0x40, 0x1f, 0xfd, 0x05, 0x60, 0x0f,
  0xfe, 0x84, 0x00, 0x7f, 0xf4, 0x05, 0x00, 0x3f, 0xfa, 0x06, 0x01, 0xfd, 0x7f, 0xff, 0xb9, 0x40,
  0x3f, 0x70, 0x07, 0xff, 0x18, 0x6c, 0x03, 0xf1, 0x80, 0x7f, 0xf1, 0xc4, 0x03, 0xff, 0xfe, 0x01,
  0xff, 0xff, 0x00, 0xff, 0xff, 0x80, 0x7f, 0xff, 0xc0, 0x3f, 0xff, 0xe0, 0x1f, 0xff, 0xf0, 0x0f,
  0xfe, 0xa1, 0x00, 0x7f, 0x10, 0x07, 0xff, 0x1a, 0xcc, 0x03, 0xe2, 0x80, 0x0f, 0xc6, 0x40, 0x1f,
  0x8b, 0x3f, 0xfe, 0xd5, 0x00, 0xfd, 0xce, 0x01, 0xff, 0xcf, 0x32, 0x20, 0x07, 0xff, 0x34, 0x50,
  0x20, 0x03, 0xff, 0x9b, 0x20, 0x05, 0x50, 0x07, 0xff, 0x2d, 0x1c, 0x02, 0xa7, 0x00, 0xff, 0xe4,
  0xb5, 0x80, 0x74, 0x74, 0x20, 0x80, 0x7f, 0xf0, 0x44, 0xdf, 0x64, 0x02, 0x38, 0x00, 0xe7, 0x8d,
  0xff, 0xff, 0xce, 0x70, 0x0f, 0xff, 0xf8, 0x07, 0xff, 0xd0, 0x40, 0x3f, 0xf9, 0xe8, 0xf9, 0x9f,
  0xfc, 0x50, 0x0f, 0xc4, 0x41, 0x33, 0xff, 0xe2, 0x38, 0x07, 0xe5, 0x00, 0xff, 0xe3, 0x68, 0x07,
  0xeb, 0x00, 0xff, 0xe3, 0x20, 0x07, 0xc2, 0x60, 0x1f, 0xfc, 0x52, 0x20, 0x07, 0xc8, 0x01, 0xff,
  0xc6, 0x50, 0x0f, 0xde, 0x01, 0xff, 0xc6, 0xc0, 0x0f, 0xc8, 0x01, 0xff, 0xc5, 0x14, 0x00, 0xf8,
  0xc4, 0x03, 0xff, 0x8a, 0x80, 0x1f, 0xac, 0x03, 0xff, 0x8d, 0xe0, 0x1f, 0x94, 0x03, 0xff, 0x8c,
  0x80, 0x1f, 0x09, 0x00, 0x7f, 0xf1, 0x4c, 0x40, 0x3e, 0x70, 0x0f, 0xfe, 0x35, 0x80, 0x7e, 0xd0,
  0x0f, 0xfe, 0x32, 0x80, 0x7e, 0x40, 0x0f, 0xfe, 0x28, 0x90, 0x07, 0xc8, 0x01, 0xff, 0xc6, 0x70,
  0x0f, 0xda, 0x01, 0xff, 0xc6, 0xd0, 0x0f, 0xce, 0x01, 0xff, 0xc6, 0x40, 0x0f, 0x88, 0x40, 0x3f,
  0xf8, 0xa8, 0x01, 0xf9, 0x40, 0x3f, 0xf8, 0xda, 0x01, 0xfa, 0xc0, 0x3f, 0xf8, 0xce, 0x01, 0xf0,
  0x98, 0x07, 0xff, 0x14, 0x84, 0x03, 0xe4, 0x00, 0xff, 0xe3, 0x28, 0x07, 0xef, 0x00, 0xff, 0xe3,
  0x58, 0x07, 0xe4, 0x00, 0xff, 0xe2, 0x89, 0x80, 0x7c, 0x82, 0x01, 0xff, 0xc5, 0x40, 0x0f, 0xd8,
  0x01, 0xff, 0xc6, 0xf0, 0x0f, 0xca, 0x01, 0xff, 0xc6, 0x50, 0x0f, 0x88, 0x80, 0x1f, 0xfc, 0x54,
  0x00, 0xfc, 0x80, 0x1f, 0xfc, 0x6c, 0x00, 0xfd, 0xa0, 0x1f, 0xfc, 0x65, 0x00, 0xfc, 0x80, 0x1f,
  0xfc, 0x52, 0x20, 0x07, 0xca, 0x01, 0xff, 0xc6, 0x50, 0x0f, 0xd8, 0x01, 0xff, 0xc6, 0xc0, 0x0f,
  0xce, 0x01, 0xff, 0xc6, 0x40, 0x0f, 0x8c, 0x40, 0x3f, 0xf8, 0xaa, 0x01, 0xfa, 0xc0, 0x3f, 0xf8,
  0xd8, 0x01, 0xf9, 0x00, 0x3f, 0xf8, 0xce, 0x01, 0xf0, 0x98, 0x07, 0xff, 0x14, 0xc4, 0x03, 0xe7,
  0x00, 0xff, 0xe3, 0x58, 0x07, 0xec, 0x00, 0xff, 0xe3, 0x20, 0x07, 0xe5, 0x00, 0xff, 0xe2, 0x89,
  0x80, 0x7c, 0x80, 0x1f, 0xfc, 0x67, 0x00, 0xfd, 0xa0, 0x1f, 0xfc, 0x6d, 0x00, 0xfc, 0x80, 0x1f,
  0xfc, 0x64, 0x00, 0xf8, 0x88, 0x01, 0xff, 0xc5, 0x40, 0x0f, 0xca, 0x01, 0xff, 0xc6, 0xd0, 0x0f,
  0xd6, 0x01, 0xff, 0xc6, 0x70, 0x0f, 0xc6, 0x01, 0xff, 0xc5, 0x21, 0x00, 0xf9, 0x40, 0x3f, 0xf8,
  0xca, 0x01, 0xfb, 0xc0, 0x3f, 0xf8, 0xd6, 0x01, 0xf9, 0x00, 0x3f, 0xf8, 0xa2, 0x60, 0x1f, 0x18,
  0x80, 0x7f, 0xf1, 0x50, 0x03, 0xf5, 0x80, 0x7f, 0xf1, 0x00, 0x4a, 0x80, 0xef, 0x80, 0x18, 0x5e,
  0xfb, 0xff, 0xff, 0x83, 0xd9, 0x26, 0x01, 0xf4, 0x74, 0x20, 0x80, 0x7f, 0xf0, 0x44, 0xdb, 0x2c,
  0x40, 0x35, 0x38, 0x07, 0xff, 0x25, 0x3c, 0x40, 0x0a, 0xa0, 0x0f, 0xfe, 0x58, 0xd8, 0x02, 0x00,
  0x3f, 0xf9, 0xaa, 0x45, 0x00, 0x7f, 0xf3, 0x95, 0xc0, 0x3f, 0xf9, 0xfa, 0x40, 0x1f, 0x97, 0xbf,
  0xff, 0x50, 0x07, 0xe6, 0x00, 0xfe, 0x81, 0x00, 0xfc, 0xa4, 0x01, 0xf0, 0x80, 0x7f, 0x18, 0x07,
  0xf9, 0x80, 0x3f, 0xff, 0xe0, 0x1f, 0xff, 0xf0, 0x0f, 0xff, 0xf8, 0x07, 0xff, 0xfc, 0x03, 0xff,
  0xfe, 0x01, 0xff, 0xe4, 0x30, 0x0f, 0xf3, 0x80, 0x7c, 0x24, 0x01, 0xf9, 0x40, 0x3f, 0x88, 0xc0,
  0x3e, 0x64, 0x00, 0xfd, 0x19, 0x55, 0x5d, 0x55, 0x7a, 0x01, 0xfb, 0x05, 0x40, 0x3f, 0x1a, 0xac,
  0x8a, 0xb2, 0x00, 0x7e, 0x17, 0x0b, 0x30, 0x0f, 0xfe, 0x65, 0x08, 0x0e, 0x40, 0x07, 0xff, 0x25,
  0x35, 0x00, 0x27, 0x80, 0x0f, 0xfe, 0x4a, 0x40, 0x80, 0x1e, 0x00, 0x3f, 0xf9, 0x6b, 0xa0, 0x08,
  0x00, 0xff, 0xe6, 0x9a, 0xa0, 0x07, 0xe4, 0xdf, 0xff, 0xba, 0x40, 0x3f, 0x79, 0x80, 0x7e, 0x82,
  0x00, 0xf8, 0x58, 0x80, 0x3e, 0x60, 0x0f, 0xe2, 0x00, 0xff, 0x30, 0x07, 0xc2, 0x01, 0xff, 0xff,
  0x00, 0xff, 0xff, 0x80, 0x7f, 0xff, 0xc0, 0x3f, 0xff, 0xe0, 0x1f, 0xff, 0xf0, 0x0f, 0xff, 0xc9,
  0x00, 0x7f, 0x98, 0x03, 0xff, 0x8b, 0x02, 0x01, 0xf9, 0x48, 0x03, 0xe1, 0x20, 0x0f, 0xc9, 0xdf,
  0xff, 0xa8, 0x03, 0xf3, 0x38, 0x07, 0xff, 0x3f, 0x48, 0x80, 0x1f, 0xfc, 0xe5, 0x08, 0x00, 0xff,
  0xe6, 0xa9, 0x02, 0xa8, 0x03, 0xff, 0x96, 0x56, 0x01, 0x53, 0x80, 0x7f, 0xf2, 0x53, 0x04, 0x03,
  0x47, 0x42, 0x08, 0x07, 0xff, 0x04, 0x4d, 0xb2, 0xc4, 0x00, 0x48, 0x60, 0xef, 0x80, 0x18, 0x5a,
  0xf7, 0xff, 0xff, 0x83, 0xd9, 0x06, 0x01, 0xf3, 0xf4, 0xa1, 0x00, 0x7f, 0xf0, 0x44, 0xdf, 0x2c,
  0x40, 0x34, 0x40, 0x03, 0xff, 0x92, 0x98, 0x20, 0x03, 0x70, 0x0f, 0xfe, 0x59, 0x58, 0x02, 0x00,
  0x3f, 0xf9, 0xaa, 0x40, 0x80, 0x1f, 0xfc, 0xe4, 0x30, 0x0f, 0xfe, 0x7e, 0x30, 0x07, 0xe2, 0xcf,
  0xff, 0xb5, 0x80, 0x3f, 0x08, 0x07, 0xf5, 0x98, 0x07, 0xc5, 0x00, 0x1f, 0x9c, 0x03, 0xf8, 0x80,
  0x3f, 0x84, 0x03, 0xff, 0xfe, 0x01, 0xff, 0xff, 0x00, 0xff, 0xff, 0x80, 0x7f, 0xff, 0xc0, 0x3f,
  0xff, 0xe0, 0x1f, 0xff, 0xf0, 0x0f, 0xfe, 0xa1, 0x00, 0x7f, 0xf4, 0x28, 0x40, 0x3f, 0xf8, 0xcc,
  0x01, 0xf8, 0xfb, 0x77, 0xf8, 0x03, 0xf8, 0xc0, 0x3f, 0xc4, 0x5f, 0xc0, 0x1f, 0xe5, 0x00, 0xff,
  0xe8, 0x48, 0x07, 0xff, 0x40, 0xe0, 0x03, 0xff, 0xa0, 0xf2, 0x01, 0xff, 0xd0, 0x6e, 0x94, 0x20,
  0x0f, 0xfe, 0x68, 0xb5, 0xef, 0xff, 0xff, 0x00, 0x03, 0xff, 0xfe, 0x01, 0xff, 0xff, 0x00, 0xc5,
  0xff, 0xf9, 0xc0, 0x3f, 0xff, 0xe0, 0x1f, 0xff, 0xf0, 0x0f, 0xff, 0xf8, 0x07, 0xff, 0xd3, 0x40,
  0x3f, 0x84, 0x03, 0xf8, 0xc0, 0x3f, 0x2a, 0x84, 0x03, 0xc5, 0x60, 0x1f, 0x9c, 0x40, 0x3f, 0xab,
  0xbf, 0xfd, 0xaa, 0x01, 0xf8, 0x40, 0xc0, 0x3f, 0xf9, 0xd8, 0x16, 0x01, 0xff, 0xce, 0x40, 0x61,
  0x00, 0xff, 0xe6, 0x29, 0x00, 0xd0, 0x07, 0xff, 0x2c, 0xac, 0x02, 0x4b, 0x10, 0x0f, 0xfe, 0x42,
  0x60, 0x80, 0x64, 0xea, 0x52, 0x00, 0xff, 0xe0, 0x89, 0xbe, 0x58, 0x80, 0x00, 0x20, 0x60, 0x55,
  0xfd, 0xff, 0xfb, 0x00, 0x3f, 0xff, 0xe0, 0x1f, 0xfc, 0xd2, 0x2f, 0xe6, 0xcd, 0xdf, 0xd4, 0x01,
  0xff, 0xff, 0x00, 0xff, 0xff, 0x80, 0x7f, 0xfe, 0xb3, 0x77, 0xf5, 0x11, 0x7f, 0x30, 0x07, 0xff,
  0xfc, 0x03, 0xff, 0x9a,
};

alignas(4) const uint8_t WX_SEC40[932] = {
  0x30, 0x00, 0x00, 0x00, 0x68, 0x65, 0x61, 0x64, 0x01, 0x00, 0x00, 0x00, 0x03, 0x00, 0x28, 0x00,
  0x1a, 0x00, 0x00, 0x00, 0x26, 0x00, 0xed, 0xff, 0x00, 0x00, 0x00, 0x00, 0x1a, 0x00, 0x00, 0x00,
  0x10, 0x00, 0x00, 0x00, 0x00, 0x04, 0x02, 0x05, 0x06, 0x01, 0x00, 0x00, 0x02, 0x00, 0x00, 0x00,
  0x1c, 0x00, 0x00, 0x00, 0x63, 0x6d, 0x61, 0x70, 0x01, 0x00, 0x00, 0x00, 0x1c, 0x00, 0x00, 0x00,
  0x30, 0x00, 0x00, 0x00, 0x0a, 0x00, 0x01, 0x00, 0x0a, 0x00, 0x02, 0x00, 0x24, 0x00, 0x00, 0x00,
  0x6c, 0x6f, 0x63, 0x61, 0x0b, 0x00, 0x00, 0x00, 0x08, 0x00, 0x08, 0x00, 0x41, 0x00, 0x55, 0x00,
  0xc1, 0x00, 0x1d, 0x01, 0x8c, 0x01, 0xc9, 0x01, 0x1c, 0x02, 0x86, 0x02, 0xe0, 0x02, 0x00, 0x00,
  0x34, 0x03, 0x00, 0x00, 0x67, 0x6c, 0x79, 0x66, 0x41, 0x1b, 0xa0, 0x04, 0x77, 0xff, 0xb1, 0x40,
  0x12, 0xe2, 0x01, 0xe3, 0xa3, 0x06, 0x00, 0xff, 0x50, 0x80, 0x49, 0xff, 0x70, 0x04, 0x46, 0x01,
  0x10, 0x04, 0x22, 0x00, 0xff, 0xff, 0x80, 0x7f, 0xff, 0xc0, 0x3f, 0xff, 0xc6, 0x01, 0x10, 0x04,
  0x22, 0x00, 0x84, 0x02, 0x4f, 0xfb, 0x80, 0x22, 0x06, 0x00, 0xff, 0x50, 0x4b, 0x88, 0x07, 0x8e,
  0x8c, 0x24, 0x11, 0xa3, 0xff, 0xf2, 0x80, 0x7f, 0xf1, 0x0f, 0xfd, 0x40, 0x1f, 0xff, 0xf0, 0x0f,
  0xff, 0xf8, 0x07, 0xff, 0x48, 0x35, 0x19, 0xa0, 0x8e, 0xff, 0xed, 0x70, 0x03, 0xb8, 0x40, 0x38,
  0xa1, 0x82, 0x80, 0x3f, 0xa8, 0x08, 0x00, 0x9f, 0xf1, 0x00, 0x08, 0x03, 0x10, 0x04, 0xc0, 0x1f,
  0xfd, 0x77, 0x00, 0x18, 0x44, 0x5a, 0x01, 0x10, 0x01, 0x81, 0xde, 0x40, 0x01, 0x08, 0x00, 0xc0,
  0x3e, 0xa0, 0x0a, 0x80, 0x3c, 0x2e, 0x00, 0x42, 0x00, 0xf4, 0x80, 0x5e, 0x01, 0xe1, 0x70, 0x01,
  0xa0, 0x07, 0xa0, 0x02, 0x80, 0x0f, 0x0b, 0x00, 0x0d, 0x00, 0x3d, 0x00, 0x14, 0x00, 0x78, 0x58,
  0x00, 0x68, 0x01, 0xe8, 0x00, 0xa4, 0x03, 0xc4, 0xc0, 0x02, 0x50, 0x0f, 0x58, 0x05, 0x00, 0x1e,
  0x26, 0x00, 0x12, 0x80, 0x7a, 0x00, 0x28, 0x00, 0xf9, 0x40, 0x2a, 0xff, 0xf0, 0x80, 0x7f, 0xf3,
  0x00, 0x39, 0x19, 0xa0, 0x6d, 0xff, 0xee, 0xa1, 0x04, 0x92, 0x00, 0xe1, 0x5d, 0x0e, 0x00, 0xfe,
  0x32, 0x70, 0x00, 0xff, 0xd0, 0x01, 0x30, 0x04, 0x40, 0x11, 0x80, 0x42, 0x01, 0xff, 0xd8, 0xa7,
  0x75, 0x00, 0x7e, 0x78, 0x83, 0x00, 0x7f, 0xf3, 0xcc, 0x02, 0x60, 0x09, 0xff, 0xe8, 0x00, 0x09,
  0x80, 0x7f, 0xac, 0x03, 0xfe, 0xa1, 0x00, 0x9f, 0xfe, 0x90, 0x09, 0x40, 0x3e, 0x20, 0x08, 0x40,
  0x3f, 0xf8, 0x13, 0x76, 0x80, 0x0f, 0xc8, 0x98, 0x03, 0xff, 0xae, 0x40, 0x11, 0x00, 0x42, 0xc0,
  0x01, 0xff, 0xa4, 0x02, 0x7e, 0x00, 0xfe, 0x23, 0x59, 0x20, 0x0e, 0x15, 0xc0, 0x3c, 0x1f, 0xa0,
  0x0f, 0xb3, 0xfd, 0xa0, 0x1f, 0xe2, 0x30, 0x05, 0x80, 0x7f, 0xac, 0x02, 0x60, 0x0f, 0xf3, 0x80,
  0x18, 0x03, 0xfc, 0xc2, 0x00, 0xa0, 0x0f, 0xf5, 0x00, 0x0c, 0xc0, 0x1f, 0xc4, 0x60, 0x0a, 0x00,
  0xff, 0x58, 0x00, 0x58, 0x03, 0xfc, 0xc0, 0x06, 0x00, 0xff, 0x30, 0x05, 0x40, 0x1f, 0xea, 0x00,
  0x21, 0x00, 0x7f, 0x11, 0x80, 0x38, 0x03, 0xfd, 0x60, 0x01, 0x50, 0x00, 0x8c, 0x01, 0xcc, 0x00,
  0x90, 0x01, 0x77, 0x48, 0x01, 0x30, 0x04, 0xc0, 0x1f, 0xea, 0x00, 0x28, 0x80, 0x7f, 0x19, 0x80,
  0x1c, 0x01, 0xfe, 0xa0, 0x01, 0x20, 0x04, 0x20, 0x1e, 0x50, 0x01, 0x7f, 0xec, 0x00, 0xaf, 0xe0,
  0x03, 0xff, 0xa5, 0x9f, 0xff, 0x68, 0x05, 0x7f, 0x00, 0x1f, 0xff, 0x00, 0x39, 0x19, 0xa5, 0xff,
  0xff, 0x68, 0x07, 0xff, 0x42, 0xff, 0xfd, 0xa0, 0x1f, 0xff, 0xf0, 0xbf, 0xfd, 0xae, 0x01, 0xfe,
  0x28, 0x61, 0x00, 0xff, 0x52, 0x7f, 0xfc, 0x40, 0x02, 0x00, 0xfc, 0xc0, 0x1f, 0xfd, 0x02, 0x28,
  0x03, 0xf3, 0x6e, 0xc6, 0x01, 0xff, 0xe3, 0x50, 0x09, 0x80, 0x22, 0x00, 0xa7, 0xfe, 0x20, 0x01,
  0x21, 0x00, 0x7f, 0x50, 0x7a, 0x88, 0x07, 0x14, 0x30, 0x3d, 0x1b, 0xa0, 0x04, 0x77, 0xff, 0xac,
  0xc0, 0x12, 0xe2, 0x01, 0xe4, 0xd0, 0x03, 0x00, 0x7f, 0x0a, 0x88, 0x04, 0xbf, 0xf6, 0x00, 0x44,
  0x60, 0x11, 0x00, 0x44, 0x01, 0xff, 0xe7, 0x1d, 0xd9, 0x80, 0x3f, 0x88, 0xa1, 0x00, 0xff, 0xe2,
  0xbf, 0xfe, 0xeb, 0x30, 0x0f, 0xf0, 0xa6, 0x08, 0x07, 0xff, 0x01, 0x80, 0x33, 0xff, 0xda, 0x01,
  0x70, 0x07, 0xe2, 0x00, 0xff, 0xff, 0x80, 0x7c, 0x60, 0x11, 0x00, 0x44, 0x01, 0x84, 0x02, 0x5f,
  0xfb, 0x40, 0x2e, 0x06, 0x00, 0xff, 0x28, 0x4b, 0x88, 0x07, 0x8f, 0x08, 0x30, 0x19, 0xac, 0xff,
  0xff, 0x38, 0x07, 0xff, 0x2c, 0xb3, 0xbb, 0xcc, 0x01, 0x20, 0x08, 0xf9, 0x00, 0x04, 0x20, 0x1e,
  0x22, 0x00, 0x14, 0x03, 0xe4, 0x00, 0xac, 0x03, 0xed, 0x00, 0x8c, 0x03, 0xe4, 0x00, 0x28, 0x07,
  0xc8, 0x01, 0x60, 0x07, 0xd8, 0x01, 0x38, 0x07, 0xca, 0x00, 0x21, 0x00, 0xf0, 0x90, 0x01, 0x40,
  0x3e, 0x70, 0x0b, 0x00, 0x3e, 0xd0, 0x09, 0x00, 0x3e, 0x40, 0x02, 0x00, 0x7c, 0x80, 0x16, 0x80,
  0x7d, 0x80, 0x12, 0x00, 0x7c, 0xa0, 0x02, 0x20, 0x07, 0x84, 0x80, 0x08, 0x01, 0xf3, 0x80, 0x5a,
  0x01, 0xf6, 0x00, 0x48, 0x01, 0xf2, 0x80, 0x10, 0x03, 0xe3, 0x00, 0xb4, 0x03, 0xeb, 0x00, 0x90,
  0x03, 0xe5, 0x00, 0x11, 0x00, 0x3c, 0x41, 0x1b, 0xa0, 0x04, 0x77, 0xff, 0xb1, 0x00, 0x12, 0xe2,
  0x01, 0xe3, 0xb2, 0x06, 0x00, 0xff, 0x50, 0x80, 0x4d, 0xff, 0x80, 0x22, 0x30, 0x0b, 0x80, 0x30,
  0x80, 0x04, 0x03, 0xff, 0xfe, 0x01, 0x10, 0x05, 0xc0, 0x10, 0x88, 0x00, 0x40, 0x80, 0x06, 0xff,
  0xb8, 0x02, 0xd0, 0x91, 0x00, 0xfc, 0xa8, 0x1e, 0x20, 0x02, 0x28, 0x40, 0x0a, 0xc2, 0x40, 0x07,
  0xdd, 0xb8, 0x40, 0x18, 0x60, 0x17, 0x80, 0x7c, 0x20, 0x1f, 0xff, 0x53, 0x00, 0xb8, 0x03, 0x08,
  0x00, 0x44, 0x01, 0x37, 0xfe, 0x00, 0x8c, 0x14, 0x03, 0xfd, 0x41, 0x4c, 0x20, 0x1e, 0x3a, 0x30,
  0x3d, 0x1b, 0xa0, 0x2b, 0xff, 0xf7, 0x48, 0x80, 0x31, 0x00, 0x3c, 0x2d, 0x40, 0xa2, 0x01, 0xfc,
  0x82, 0x40, 0x15, 0xff, 0xce, 0x01, 0x10, 0x06, 0x60, 0x0b, 0x80, 0x3f, 0xff, 0xe0, 0x1f, 0xfc,
  0xc7, 0x00, 0xfc, 0x60, 0x15, 0x7f, 0xd2, 0x01, 0x90, 0x80, 0x3f, 0xf8, 0x18, 0xc4, 0x23, 0x80,
  0x3c, 0x33, 0xbd, 0xda, 0x40, 0x3f, 0xf8, 0xa9, 0x77, 0x10, 0x07, 0xe2, 0x44, 0x84, 0x03, 0xff,
  0xb4, 0xc0, 0x17, 0x80, 0x62, 0x00, 0xab, 0xfe, 0x60, 0x08, 0x90, 0x40, 0x3f, 0x90, 0x43, 0x10,
  0x03, 0xc2, 0xd4, 0x00,
};

alignas(4) const uint8_t WX_CITY22[13612] = {
  0x30, 0x00, 0x00, 0x00, 0x68, 0x65, 0x61, 0x64, 0x01, 0x00, 0x00, 0x00, 0x03, 0x00, 0x16, 0x00,
  0x16, 0x00, 0xfa, 0xff, 0x15, 0x00, 0xfa, 0xff, 0x00, 0x00, 0xfa, 0xff, 0x16, 0x00, 0x00, 0x00,
  0x10, 0x00, 0x00, 0x00, 0x00, 0x04, 0x05, 0x05, 0x06, 0x01, 0x00, 0x00, 0x01, 0x00, 0x00, 0x00,
  0x3c, 0x00, 0x00, 0x00, 0x63, 0x6d, 0x61, 0x70, 0x03, 0x00, 0x00, 0x00, 0x3c, 0x00, 0x00, 0x00,
  0x20, 0x00, 0x00, 0x00, 0x5f, 0x00, 0x01, 0x00, 0x5f, 0x00, 0x02, 0x00, 0x3c, 0x00, 0x00, 0x00,
  0xa0, 0x00, 0x00, 0x00, 0x0d, 0x00, 0x60, 0x00, 0x0d, 0x00, 0x02, 0x00, 0x3c, 0x00, 0x00, 0x00,
  0xae, 0x00, 0x00, 0x00, 0x52, 0x00, 0x6d, 0x00, 0x52, 0x00, 0x02, 0x00, 0x8c, 0x01, 0x00, 0x00,
  0x6c, 0x6f, 0x63, 0x61, 0xbf, 0x00, 0x00, 0x00, 0x08, 0x00, 0x08, 0x00, 0x0c, 0x00, 0x2a, 0x00,
  0x41, 0x00, 0xab, 0x00, 0x19, 0x01, 0x9b, 0x01, 0x10, 0x02, 0x1d, 0x02, 0x54, 0x02, 0x90, 0x02,
  0xb9, 0x02, 0xd5, 0x02, 0xe3, 0x02, 0xec, 0x02, 0xf6, 0x02, 0x40, 0x03, 0x9c, 0x03, 0xab, 0x03,
  0xfa, 0x03, 0x47, 0x04, 0x8e, 0x04, 0xd9, 0x04, 0x33, 0x05, 0x79, 0x05, 0xe5, 0x05, 0x49, 0x06,
  0x5b, 0x06, 0x71, 0x06, 0xa8, 0x06, 0xbe, 0x06, 0xf4, 0x06, 0x3c, 0x07, 0xf3, 0x07, 0x5d, 0x08,
  0xae, 0x08, 0x0b, 0x09, 0x5d, 0x09, 0x80, 0x09, 0x9c, 0x09, 0xfb, 0x09, 0x17, 0x0a, 0x1f, 0x0a,
  0x49, 0x0a, 0x9a, 0x0a, 0xac, 0x0a, 0x0b, 0x0b, 0x53, 0x0b, 0xc0, 0x0b, 0xfb, 0x0b, 0x80, 0x0c,
  0xca, 0x0c, 0x26, 0x0d, 0x3f, 0x0d, 0x74, 0x0d, 0xda, 0x0d, 0x7e, 0x0e, 0xe3, 0x0e, 0x2e, 0x0f,
  0x77, 0x0f, 0x8b, 0x0f, 0xd4, 0x0f, 0xea, 0x0f, 0x1b, 0x10, 0x25, 0x10, 0x32, 0x10, 0x73, 0x10,
  0xbb, 0x10, 0xfb, 0x10, 0x45, 0x11, 0x8c, 0x11, 0xb7, 0x11, 0x1e, 0x12, 0x4b, 0x12, 0x5d, 0x12,
  0x84, 0x12, 0xc0, 0x12, 0xc8, 0x12, 0x09, 0x13, 0x32, 0x13, 0x7f, 0x13, 0xcb, 0x13, 0x18, 0x14,
  0x32, 0x14, 0x74, 0x14, 0xa1, 0x14, 0xc9, 0x14, 0x10, 0x15, 0x7e, 0x15, 0xc2, 0x15, 0x1c, 0x16,
  0x4f, 0x16, 0x7f, 0x16, 0x87, 0x16, 0xb7, 0x16, 0xd1, 0x16, 0xd5, 0x16, 0xf5, 0x16, 0x46, 0x17,
  0x93, 0x17, 0xf9, 0x17, 0x60, 0x18, 0x75, 0x18, 0xd4, 0x18, 0xe2, 0x18, 0x5b, 0x19, 0x79, 0x19,
  0xa9, 0x19, 0xb9, 0x19, 0x31, 0x1a, 0x3b, 0x1a, 0x62, 0x1a, 0x8f, 0x1a, 0xbb, 0x1a, 0xe6, 0x1a,
  0xf4, 0x1a, 0x1d, 0x1b, 0x48, 0x1b, 0x53, 0x1b, 0x66, 0x1b, 0x7e, 0x1b, 0xa6, 0x1b, 0xd8, 0x1b,
  0x5c, 0x1c, 0xdc, 0x1c, 0x72, 0x1d, 0xb8, 0x1d, 0x37, 0x1e, 0xb7, 0x1e, 0x38, 0x1f, 0xc0, 0x1f,
  0x42, 0x20, 0xcf, 0x20, 0x39, 0x21, 0xb3, 0x21, 0xe7, 0x21, 0x1b, 0x22, 0x52, 0x22, 0x8a, 0x22,
  0xa3, 0x22, 0xbc, 0x22, 0xda, 0x22, 0xf4, 0x22, 0x57, 0x23, 0xbd, 0x23, 0x3e, 0x24, 0xc0, 0x24,
  0x44, 0x25, 0xcf, 0x25, 0x53, 0x26, 0x81, 0x26, 0x15, 0x27, 0x5c, 0x27, 0xa2, 0x27, 0xec, 0x27,
  0x36, 0x28, 0x94, 0x28, 0xd5, 0x28, 0x28, 0x29, 0x7c, 0x29, 0xd0, 0x29, 0x2a, 0x2a, 0x85, 0x2a,
  0xdb, 0x2a, 0x35, 0x2b, 0xa4, 0x2b, 0xfe, 0x2b, 0x58, 0x2c, 0xb3, 0x2c, 0x12, 0x2d, 0x6f, 0x2d,
  0x88, 0x2d, 0xa2, 0x2d, 0xc3, 0x2d, 0xd9, 0x2d, 0x3e, 0x2e, 0x82, 0x2e, 0xe5, 0x2e, 0x47, 0x2f,
  0xaf, 0x2f, 0x17, 0x30, 0x7b, 0x30, 0xa5, 0x30, 0x0b, 0x31, 0x47, 0x31, 0x83, 0x31, 0xc4, 0x31,
  0x02, 0x32, 0x72, 0x32, 0xc1, 0x32, 0x00, 0x00, 0x34, 0x33, 0x00, 0x00, 0x67, 0x6c, 0x79, 0x66,
  0x18, 0x00, 0x00, 0x00, 0x18, 0x20, 0x24, 0x13, 0xfc, 0x4e, 0x01, 0xe3, 0x10, 0x08, 0xc0, 0x02,
  0x01, 0x84, 0x03, 0x84, 0x02, 0x30, 0x0f, 0x2a, 0x00, 0x2a, 0x40, 0x38, 0x72, 0xc5, 0x8d, 0x10,
  0xa2, 0x48, 0x24, 0x29, 0x39, 0xe7, 0xcc, 0x27, 0xcc, 0x03, 0xc2, 0x20, 0x10, 0x0f, 0xc2, 0x01,
  0x8c, 0x02, 0x3f, 0x00, 0xf3, 0xf8, 0x84, 0x78, 0x80, 0x3c, 0x00, 0x7c, 0x00, 0x3b, 0xe4, 0x02,
  0x4f, 0x40, 0x0f, 0x08, 0x70, 0x04, 0x40, 0xc0, 0x1e, 0x20, 0x20, 0x0b, 0x80, 0x80, 0x3c, 0xc0,
  0xc0, 0x11, 0x08, 0x06, 0xbf, 0xf5, 0x06, 0x7f, 0xca, 0x3f, 0xee, 0x0c, 0x55, 0x08, 0x2a, 0xe0,
  0x15, 0x53, 0x83, 0xd5, 0x14, 0xaa, 0xb0, 0x35, 0x52, 0x40, 0x33, 0x30, 0x02, 0x20, 0xe0, 0x0f,
  0x88, 0x80, 0x13, 0x01, 0x80, 0x78, 0x43, 0x80, 0x21, 0x06, 0x00, 0x92, 0xaa, 0x0b, 0xaa, 0xa4,
  0x22, 0xa8, 0x24, 0xaa, 0x40, 0x35, 0x58, 0xc1, 0x15, 0x46, 0xdf, 0xe8, 0x0d, 0xff, 0x90, 0xbf,
  0xe2, 0x00, 0xb8, 0x08, 0x02, 0x66, 0x00, 0x7c, 0x62, 0x01, 0x88, 0x80, 0x1f, 0x31, 0x00, 0x42,
  0x1c, 0x01, 0x80, 0x38, 0x1d, 0x6d, 0x80, 0x3c, 0xca, 0x01, 0xff, 0x57, 0x80, 0x7f, 0xf2, 0x4e,
  0xb4, 0xd7, 0xad, 0x80, 0x33, 0xe2, 0x90, 0x00, 0x52, 0x78, 0x00, 0x70, 0x0f, 0xc6, 0xbf, 0x6a,
  0x80, 0x0a, 0x05, 0x81, 0x00, 0x92, 0xa8, 0x00, 0x20, 0xd0, 0x0f, 0xf1, 0x05, 0x80, 0x7f, 0xa8,
  0x0f, 0x5c, 0x03, 0xf1, 0xd0, 0x94, 0x1a, 0xca, 0x80, 0x72, 0xf4, 0xa0, 0x01, 0xab, 0x90, 0x03,
  0x9a, 0xcc, 0xce, 0x22, 0xb3, 0x00, 0xf9, 0xa3, 0xcc, 0x24, 0x03, 0xf8, 0x68, 0x18, 0x10, 0x80,
  0x3e, 0xf0, 0x60, 0x9d, 0x94, 0x00, 0x85, 0xd8, 0x38, 0x28, 0x1a, 0xfc, 0xd7, 0xa0, 0x21, 0x01,
  0xfa, 0x10, 0x40, 0x04, 0xb8, 0xe0, 0x10, 0xbd, 0xf1, 0xae, 0xd1, 0x80, 0x7f, 0xf2, 0x6b, 0xc0,
  0x38, 0x4c, 0x00, 0x94, 0x00, 0x0f, 0xdf, 0xa8, 0x01, 0xea, 0xf1, 0x00, 0x9e, 0x21, 0xab, 0x68,
  0x01, 0x91, 0x64, 0x40, 0x29, 0x76, 0x28, 0x4f, 0x00, 0x86, 0x91, 0x80, 0x22, 0x1c, 0x00, 0xb1,
  0x40, 0x28, 0x19, 0x00, 0xff, 0x84, 0x00, 0x8d, 0x24, 0x01, 0x88, 0x30, 0x02, 0xd3, 0x00, 0x51,
  0xb0, 0x07, 0x99, 0xd0, 0x59, 0x68, 0x24, 0x78, 0x03, 0xe9, 0x5b, 0xe9, 0x76, 0x36, 0x82, 0x9f,
  0xf5, 0x90, 0x05, 0x5d, 0x9d, 0x01, 0xc6, 0xf4, 0xf3, 0x6f, 0x80, 0x18, 0x4c, 0x42, 0x4b, 0x85,
  0x61, 0x93, 0x45, 0x80, 0x3c, 0x6d, 0x04, 0x80, 0xe0, 0x01, 0x3c, 0x00, 0xf7, 0x1b, 0x81, 0x80,
  0x80, 0x4e, 0x20, 0x1d, 0x05, 0xc0, 0x03, 0x01, 0x00, 0x9c, 0x40, 0x31, 0xbb, 0x88, 0x00, 0x80,
  0x80, 0x01, 0x3c, 0x00, 0xdc, 0x50, 0x01, 0x0b, 0x5a, 0x1d, 0x13, 0x00, 0x50, 0x5c, 0x01, 0xd2,
  0xd5, 0x81, 0x80, 0x3c, 0x1f, 0x7c, 0x40, 0x32, 0xe7, 0xfb, 0x14, 0x03, 0xf3, 0xd1, 0xaa, 0x8a,
  0x94, 0x03, 0xe8, 0x0d, 0xaa, 0x60, 0x48, 0x07, 0x84, 0x08, 0x80, 0x02, 0x01, 0x00, 0xf0, 0x81,
  0x08, 0x01, 0x81, 0xc0, 0x3e, 0x70, 0xd0, 0x89, 0x1b, 0x00, 0xfa, 0x0c, 0xde, 0xe7, 0x82, 0x01,
  0xf1, 0x00, 0x45, 0x84, 0x01, 0xf2, 0xe9, 0xb9, 0x12, 0xc0, 0x26, 0x30, 0x01, 0xd0, 0x64, 0x61,
  0x25, 0x00, 0x23, 0x40, 0x1e, 0x14, 0x60, 0x38, 0x4b, 0x48, 0x2e, 0x00, 0x30, 0x40, 0x08, 0x70,
  0x96, 0xc2, 0x80, 0x31, 0x00, 0x61, 0xc1, 0x02, 0x30, 0x02, 0x87, 0x18, 0x04, 0x56, 0x20, 0x52,
  0x00, 0xb3, 0x2c, 0xec, 0xdd, 0x29, 0xe0, 0xb4, 0x00, 0xe4, 0x98, 0x99, 0x92, 0xb0, 0xf0, 0xa8,
  0x02, 0x6c, 0xff, 0x75, 0xa8, 0x00, 0xb4, 0x80, 0x14, 0x29, 0x19, 0xe7, 0xcc, 0x02, 0x10, 0x10,
  0x0e, 0x3f, 0x00, 0x3f, 0x88, 0x1c, 0x5c, 0x2d, 0x40, 0x13, 0xee, 0x02, 0xc2, 0xe1, 0x20, 0xc0,
  0x06, 0x0b, 0x02, 0x11, 0x18, 0x20, 0x20, 0x03, 0xc3, 0x40, 0x04, 0x04, 0x00, 0x60, 0x60, 0x01,
  0x80, 0x80, 0x7f, 0xf0, 0x0c, 0x04, 0x00, 0xc0, 0xc0, 0x02, 0x02, 0x00, 0x78, 0x68, 0x01, 0x01,
  0x00, 0x04, 0x41, 0x30, 0x02, 0x85, 0x80, 0x24, 0x18, 0x00, 0x2c, 0x2e, 0x1c, 0x1c, 0x35, 0x47,
  0xf8, 0x40, 0x02, 0xe3, 0x20, 0x15, 0x03, 0x00, 0x44, 0x62, 0xa0, 0x15, 0x86, 0x00, 0x48, 0x08,
  0x01, 0x18, 0x10, 0x06, 0x10, 0x20, 0x08, 0x81, 0x80, 0x27, 0x01, 0x00, 0xff, 0xe1, 0xb8, 0x08,
  0x04, 0x40, 0xc0, 0x10, 0x81, 0x00, 0x0c, 0x08, 0x02, 0x40, 0x40, 0x0a, 0xc3, 0x00, 0x04, 0x62,
  0xa0, 0x0a, 0x06, 0x00, 0x0b, 0x8c, 0x80, 0x00, 0x24, 0x08, 0x4a, 0x40, 0x24, 0xf0, 0x0e, 0x40,
  0x0e, 0x50, 0x5b, 0xb1, 0x02, 0x6d, 0x12, 0xdb, 0x48, 0x58, 0xe1, 0x02, 0x28, 0x05, 0x46, 0x07,
  0xce, 0xa0, 0xb3, 0x84, 0x29, 0xdc, 0x0a, 0xc7, 0x22, 0x50, 0x80, 0x47, 0x60, 0x19, 0x64, 0x03,
  0x00, 0x34, 0x23, 0x5a, 0x80, 0x34, 0x7a, 0x80, 0x7f, 0xf6, 0x5b, 0x32, 0x60, 0x8c, 0xc9, 0x38,
  0xce, 0x10, 0x23, 0x38, 0x63, 0xfe, 0x70, 0xaf, 0xf9, 0x40, 0x3f, 0xfa, 0xa0, 0x14, 0x3d, 0x19,
  0xc0, 0x28, 0xf9, 0x60, 0x76, 0x02, 0xb0, 0xa4, 0x07, 0xc4, 0x10, 0x20, 0x25, 0x38, 0xab, 0x77,
  0x89, 0x88, 0xb8, 0x00, 0x14, 0x20, 0x19, 0x00, 0x29, 0xf9, 0x60, 0x77, 0x03, 0x00, 0x23, 0xfe,
  0x55, 0x40, 0x3e, 0x8f, 0x60, 0x0f, 0x98, 0x1c, 0x03, 0xc6, 0x28, 0x20, 0x1e, 0xa0, 0xe0, 0x0f,
  0x9c, 0x14, 0x03, 0xc8, 0x2a, 0x01, 0xf6, 0x87, 0x80, 0x7c, 0xe0, 0xa0, 0x1e, 0x41, 0x60, 0x0f,
  0xb8, 0x34, 0x03, 0xe5, 0x14, 0x00, 0xf2, 0x83, 0x80, 0x7d, 0xe1, 0x40, 0x1f, 0x28, 0x98, 0x07,
  0x94, 0x18, 0x03, 0xee, 0x0b, 0x00, 0xf0, 0xa1, 0x18, 0x07, 0x9c, 0x14, 0x03, 0xea, 0x0a, 0x00,
  0xf0, 0x99, 0x10, 0x03, 0xcc, 0x14, 0x01, 0xf0, 0x3c, 0x20, 0x6c, 0x00, 0x24, 0xbe, 0xfe, 0x91,
  0x00, 0xe8, 0xb4, 0x10, 0x16, 0xe4, 0x00, 0x99, 0xc1, 0xfb, 0xf1, 0x02, 0xc8, 0x06, 0x42, 0x60,
  0x40, 0xed, 0x02, 0x41, 0xc0, 0x98, 0x03, 0xa4, 0x10, 0x74, 0x14, 0x03, 0xc4, 0x40, 0x46, 0x0d,
  0x00, 0xf9, 0xc3, 0x4c, 0x04, 0x03, 0xe3, 0x01, 0x00, 0xff, 0xe0, 0x98, 0x08, 0x07, 0xc6, 0x02,
  0xc1, 0xa0, 0x1f, 0x38, 0x76, 0x82, 0x80, 0x78, 0x88, 0x0e, 0xe0, 0x26, 0x00, 0xe9, 0x04, 0x11,
  0x40, 0x4c, 0x08, 0x15, 0xa0, 0x48, 0x01, 0xdc, 0x0f, 0xdf, 0xa8, 0x16, 0x40, 0x14, 0x5a, 0x08,
  0x0b, 0x72, 0x00, 0x00, 0x20, 0x00, 0x34, 0x37, 0xff, 0x68, 0x80, 0x76, 0x7f, 0xa8, 0x03, 0xff,
  0xfe, 0x01, 0xc0, 0x34, 0x00, 0x64, 0x00, 0x09, 0x5d, 0xfe, 0xd8, 0x10, 0x0a, 0xec, 0xa2, 0x00,
  0x27, 0xf2, 0x06, 0x41, 0x8d, 0xfe, 0xa1, 0x17, 0x03, 0x4e, 0x39, 0x00, 0xad, 0x01, 0x90, 0x31,
  0x00, 0x72, 0x00, 0x04, 0x03, 0xf0, 0x80, 0x08, 0x03, 0xf4, 0x81, 0x88, 0x07, 0xc6, 0xe1, 0x00,
  0x1f, 0x1e, 0x04, 0x20, 0x07, 0x8f, 0x01, 0xdc, 0x01, 0xe3, 0xc0, 0x78, 0x00, 0xf1, 0xe0, 0x3c,
  0x00, 0x78, 0xf0, 0x1e, 0x00, 0x3c, 0x98, 0x0f, 0x00, 0x1e, 0x1b, 0x00, 0x3f, 0xff, 0xb4, 0x80,
  0x3f, 0xc6, 0x34, 0x00, 0x64, 0x0f, 0xff, 0xfc, 0x02, 0x01, 0xfc, 0x20, 0x5f, 0xfe, 0xd0, 0x05,
  0x00, 0x7e, 0xf0, 0x74, 0x00, 0xfa, 0x48, 0xe0, 0x03, 0xe5, 0x61, 0xd0, 0x0f, 0x8a, 0x82, 0x84,
  0x03, 0xeb, 0x00, 0x55, 0x0c, 0x03, 0xc2, 0x44, 0x15, 0xc7, 0x00, 0xe8, 0xdd, 0x73, 0x04, 0x10,
  0x07, 0xc3, 0x26, 0x14, 0x01, 0xfc, 0xc0, 0x20, 0x80, 0x1f, 0x38, 0x74, 0x5d, 0x94, 0x40, 0x07,
  0x84, 0x0d, 0xc0, 0x95, 0xdf, 0xec, 0x30, 0xa1, 0x6e, 0x84, 0x10, 0x01, 0x36, 0xa8, 0x00, 0x3c,
  0x00, 0x7c, 0x00, 0x3f, 0x57, 0xd8, 0x07, 0xfc, 0xca, 0x34, 0x01, 0xfe, 0x39, 0x0d, 0x10, 0x0f,
  0xf7, 0x04, 0x18, 0x07, 0xfa, 0x89, 0x1c, 0x03, 0xfc, 0xea, 0x34, 0x01, 0xfe, 0x38, 0x0d, 0x10,
  0x36, 0x30, 0x0e, 0x1d, 0x08, 0x30, 0x05, 0xcd, 0x80, 0x75, 0x0a, 0x38, 0x07, 0xf9, 0xd0, 0x68,
  0x03, 0xfc, 0x30, 0x03, 0xdf, 0xf9, 0xc1, 0xff, 0xcc, 0x60, 0x1f, 0xfc, 0x11, 0x2f, 0xff, 0xcc,
  0x0f, 0xfe, 0x70, 0x0f, 0xff, 0x08, 0x34, 0x00, 0x64, 0x00, 0x17, 0xff, 0xf8, 0x02, 0x60, 0x0f,
  0xf8, 0x83, 0xbf, 0xfc, 0x01, 0xc2, 0x01, 0xf8, 0x80, 0x40, 0x3f, 0x84, 0x08, 0x03, 0xf9, 0x80,
  0xff, 0xdd, 0x90, 0x40, 0x11, 0x00, 0x61, 0x37, 0xd7, 0x00, 0x3f, 0xfe, 0xeb, 0x40, 0x84, 0x00,
  0xf0, 0xa5, 0xa0, 0x70, 0x07, 0xf6, 0x83, 0x80, 0x7f, 0xf0, 0x5c, 0x03, 0xed, 0x07, 0x48, 0xe7,
  0x20, 0x01, 0xd2, 0x04, 0xb9, 0x0c, 0x6f, 0xfb, 0x14, 0x24, 0xcd, 0xb4, 0xa4, 0x00, 0x15, 0xc6,
  0x00, 0x38, 0x20, 0x64, 0x00, 0x21, 0x7c, 0xff, 0x75, 0xb0, 0x04, 0x9f, 0x06, 0x00, 0x14, 0xb0,
  0x01, 0xd8, 0xa6, 0x7f, 0xd7, 0x20, 0x0e, 0x06, 0xb3, 0x00, 0x91, 0x00, 0xa4, 0x32, 0x01, 0xfb,
  0xc1, 0x80, 0x3f, 0x9c, 0x34, 0x1e, 0xf3, 0x12, 0x40, 0x03, 0x03, 0xe8, 0x43, 0x33, 0x6b, 0x80,
  0x52, 0x33, 0xdf, 0xac, 0x10, 0x86, 0x00, 0xb6, 0x10, 0x29, 0x60, 0x86, 0x02, 0x40, 0x0e, 0xa0,
  0x33, 0x00, 0x7f, 0xd4, 0x04, 0x40, 0x0e, 0xb0, 0x32, 0x60, 0xf3, 0x00, 0x99, 0xc2, 0x42, 0x54,
  0xb3, 0xb7, 0xe4, 0x1d, 0x40, 0x15, 0x44, 0x02, 0x14, 0xb8, 0x00, 0x34, 0x00, 0x6c, 0x17, 0xff,
  0xfe, 0x40, 0x0f, 0xfe, 0x03, 0x80, 0x0f, 0xff, 0xd2, 0x04, 0x60, 0x1f, 0xd6, 0x16, 0x02, 0x4a,
  0x01, 0xc8, 0x40, 0xc0, 0x9b, 0x20, 0x1d, 0xe0, 0xc0, 0x1f, 0xc4, 0x81, 0x60, 0x1f, 0xd6, 0x08,
  0x40, 0x1f, 0x85, 0x83, 0xc0, 0x3f, 0x98, 0x09, 0x00, 0x3f, 0xa4, 0x2c, 0x03, 0xf9, 0x44, 0x18,
  0x03, 0xfa, 0x41, 0xc0, 0x3f, 0x8c, 0xc1, 0x40, 0x1f, 0xd2, 0x08, 0x40, 0x1f, 0x85, 0x43, 0xc0,
  0x3c, 0x38, 0x00, 0x74, 0x00, 0x22, 0x9d, 0xff, 0x75, 0x18, 0x07, 0x36, 0xb1, 0x14, 0x2b, 0x90,
  0x01, 0x14, 0x82, 0xf6, 0xeb, 0xe0, 0x1d, 0x00, 0x08, 0x05, 0x42, 0x01, 0x3a, 0x86, 0x80, 0x04,
  0x18, 0x03, 0xc4, 0x06, 0x00, 0x40, 0x41, 0x00, 0xe5, 0x0c, 0x00, 0x1b, 0x06, 0x32, 0x21, 0x70,
  0x91, 0x80, 0x29, 0x32, 0x9b, 0xb5, 0x19, 0x50, 0x04, 0x3a, 0x62, 0xf5, 0x48, 0x22, 0x79, 0x00,
  0x2c, 0x8f, 0xa1, 0x54, 0xfa, 0xa3, 0xc0, 0x05, 0x08, 0x00, 0xf5, 0x81, 0x88, 0x04, 0xe0, 0x1e,
  0x10, 0x01, 0x81, 0x02, 0x00, 0x79, 0x40, 0x04, 0x14, 0x10, 0xc0, 0x19, 0x6c, 0x18, 0x00, 0xec,
  0x13, 0xfb, 0xaf, 0xa1, 0x49, 0x00, 0xa6, 0xd4, 0x48, 0x82, 0x95, 0x60, 0x00, 0x38, 0x00, 0x6c,
  0x00, 0x27, 0xcf, 0xf6, 0xc9, 0x00, 0x61, 0xd8, 0x31, 0x22, 0x36, 0xa8, 0x05, 0x44, 0x4d, 0xed,
  0xf8, 0x0a, 0x20, 0x24, 0x0c, 0x20, 0x09, 0xdc, 0x12, 0x0e, 0x06, 0x20, 0x1d, 0x60, 0x82, 0x00,
  0x10, 0x0f, 0x38, 0x01, 0x1c, 0x08, 0xc0, 0x3b, 0xc0, 0x04, 0x44, 0x0d, 0x51, 0x03, 0xa4, 0x00,
  0x78, 0x51, 0x8d, 0x77, 0xe2, 0xa9, 0x03, 0xc0, 0x72, 0x94, 0xcc, 0xd7, 0x4e, 0x02, 0x01, 0x2d,
  0x66, 0x25, 0x00, 0xc1, 0x40, 0x3f, 0x94, 0x04, 0xc0, 0x3f, 0x0d, 0x84, 0x80, 0x4c, 0x40, 0x01,
  0x6f, 0x13, 0x70, 0x02, 0xce, 0xff, 0x72, 0x45, 0x34, 0x02, 0x76, 0x20, 0x11, 0x25, 0x58, 0x80,
  0x00, 0x14, 0x20, 0x1b, 0x23, 0xe1, 0xc1, 0x98, 0x0f, 0x3f, 0x20, 0x1f, 0xfc, 0x39, 0xf9, 0x60,
  0x77, 0x03, 0x00, 0x14, 0x3d, 0x1b, 0xe3, 0xe1, 0xc1, 0x98, 0x0f, 0x3f, 0x20, 0x1f, 0xfc, 0x38,
  0xf9, 0x60, 0x76, 0x02, 0xb0, 0xa4, 0x07, 0xc4, 0x10, 0x34, 0x22, 0x5a, 0xc0, 0x3f, 0x0b, 0x98,
  0x07, 0x92, 0xba, 0x18, 0x02, 0x17, 0xdb, 0x53, 0x95, 0x03, 0xae, 0x82, 0x6c, 0xc3, 0x03, 0xe2,
  0x9d, 0x7c, 0x98, 0x05, 0xe0, 0x36, 0x80, 0x1e, 0x97, 0x08, 0xea, 0x40, 0x0c, 0x31, 0xd4, 0x8b,
  0x7d, 0x02, 0x01, 0x96, 0xf5, 0xc1, 0xf9, 0x00, 0x38, 0xa3, 0xa9, 0x04, 0x03, 0xf2, 0xda, 0x80,
  0x34, 0x24, 0x59, 0xe3, 0xff, 0xf9, 0x78, 0xcf, 0xf8, 0x5b, 0x33, 0xf9, 0x00, 0x3f, 0xf9, 0x4d,
  0x99, 0xfc, 0x9c, 0x67, 0xfc, 0x20, 0x34, 0x22, 0x5a, 0xd5, 0x80, 0x3f, 0xb6, 0x7e, 0x48, 0x03,
  0xd3, 0x04, 0xdb, 0x8a, 0x01, 0x85, 0xf6, 0xd4, 0xeb, 0xa0, 0x80, 0x32, 0x57, 0x41, 0xbe, 0xa0,
  0x07, 0x0a, 0xa8, 0x00, 0x20, 0x19, 0x73, 0x5c, 0xa1, 0x40, 0xa7, 0xe8, 0xd6, 0xf5, 0xc1, 0xf5,
  0x8a, 0x3a, 0x90, 0x02, 0xf5, 0xbd, 0x71, 0x00, 0xe8, 0xa4, 0x00, 0xfc, 0x34, 0x00, 0x64, 0x00,
  0x09, 0x5d, 0xfe, 0xd9, 0x10, 0x0a, 0xec, 0xa2, 0x20, 0x26, 0xf3, 0x08, 0x41, 0xaf, 0xef, 0xb1,
  0x17, 0x04, 0x4f, 0xa8, 0x04, 0x94, 0x04, 0x20, 0xc2, 0x01, 0xcc, 0x01, 0xff, 0x20, 0x10, 0x80,
  0x7c, 0x92, 0x12, 0x01, 0xf2, 0xd8, 0x4a, 0x00, 0x78, 0xe8, 0x25, 0x80, 0x3e, 0x80, 0x66, 0x00,
  0x7e, 0x61, 0xa0, 0x0f, 0xed, 0xe3, 0x00, 0xff, 0xe4, 0xde, 0x10, 0x07, 0xe4, 0x41, 0xd0, 0x07,
  0xe4, 0x21, 0xb0, 0x0c, 0x5c, 0x3c, 0xad, 0x00, 0x3c, 0xb5, 0xbf, 0xf6, 0xca, 0x00, 0x7f, 0x9b,
  0xa9, 0x1d, 0xd0, 0xef, 0x5e, 0xa0, 0x07, 0xd7, 0x25, 0x7d, 0x50, 0xf1, 0x5d, 0x61, 0x70, 0x01,
  0xd6, 0x91, 0x88, 0x01, 0xf2, 0x6b, 0x3c, 0x00, 0x4c, 0x8e, 0xe0, 0x00, 0xbc, 0xc9, 0x84, 0x2a,
  0x64, 0xce, 0x60, 0x08, 0x38, 0x00, 0x37, 0x43, 0x32, 0x79, 0x15, 0xc2, 0x47, 0xc1, 0x86, 0x40,
  0x09, 0x21, 0x3d, 0xf8, 0x96, 0x01, 0xa0, 0xcb, 0x01, 0x40, 0x14, 0x16, 0xc2, 0x07, 0x68, 0x01,
  0x9c, 0x11, 0xcc, 0x00, 0x62, 0x68, 0x01, 0xd0, 0x01, 0x84, 0x5e, 0x6c, 0x00, 0x50, 0x50, 0x0f,
  0x18, 0x07, 0x19, 0x80, 0x3c, 0x20, 0x1f, 0xfc, 0x23, 0x60, 0x01, 0x01, 0x80, 0x78, 0x80, 0x38,
  0xcc, 0xe6, 0x00, 0x40, 0x42, 0x00, 0xeb, 0x00, 0xc2, 0x2f, 0xf0, 0x28, 0x01, 0xc3, 0xc8, 0x02,
  0x76, 0x01, 0x10, 0x40, 0x3a, 0x8c, 0x80, 0x21, 0x0b, 0x72, 0xfa, 0x19, 0x43, 0xf1, 0x9c, 0x42,
  0x0e, 0x00, 0x17, 0x26, 0x64, 0x2a, 0x9b, 0x41, 0x27, 0x80, 0x03, 0x2b, 0xb8, 0x00, 0xd9, 0xfe,
  0xc5, 0x01, 0xbf, 0xe8, 0x00, 0xd4, 0xb1, 0x88, 0x01, 0xf1, 0x00, 0x7f, 0x54, 0x95, 0xf5, 0x44,
  0x26, 0xff, 0x00, 0x3f, 0xcd, 0xd4, 0x8e, 0xfe, 0xd0, 0x0f, 0x00, 0x43, 0xe0, 0x94, 0x00, 0x3e,
  0x4f, 0xf2, 0x80, 0x7f, 0xf0, 0xbc, 0x01, 0x20, 0x1f, 0xfc, 0x12, 0x41, 0x11, 0x98, 0x03, 0xff,
  0x81, 0x60, 0xd2, 0x12, 0x01, 0xff, 0xc0, 0x60, 0x96, 0x05, 0x10, 0x0f, 0xf3, 0x82, 0x08, 0x94,
  0x24, 0x03, 0xfd, 0x41, 0xe0, 0x09, 0x06, 0x00, 0xfe, 0x52, 0x22, 0x00, 0x0c, 0xc2, 0xc0, 0x1f,
  0xa4, 0x2c, 0x03, 0x48, 0x58, 0x07, 0xc6, 0x60, 0x60, 0x0c, 0xa2, 0x48, 0x01, 0xea, 0x00, 0x66,
  0x78, 0x43, 0xc0, 0x38, 0x58, 0x00, 0x67, 0xe0, 0x02, 0x10, 0x06, 0x60, 0x4f, 0xff, 0xca, 0x16,
  0x01, 0xa4, 0x3c, 0x03, 0xf4, 0x83, 0x08, 0x01, 0x44, 0x90, 0x03, 0xf1, 0x90, 0x30, 0x02, 0x42,
  0x80, 0x3f, 0xd6, 0x12, 0x00, 0x44, 0x40, 0x74, 0x2f, 0xff, 0xee, 0xb6, 0x00, 0xe1, 0x22, 0xe1,
  0x49, 0xb0, 0x0c, 0xdb, 0xbd, 0xf0, 0x08, 0xe0, 0x1f, 0xe7, 0x50, 0xc0, 0x0f, 0xfb, 0x40, 0x3f,
  0xf8, 0x3a, 0x18, 0x01, 0xfe, 0x75, 0x37, 0x00, 0x9b, 0x77, 0xbe, 0x02, 0x00, 0x30, 0x91, 0x70,
  0x05, 0x6e, 0x01, 0x3f, 0xff, 0x75, 0xa0, 0x41, 0x00, 0x7e, 0x14, 0xb1, 0x05, 0x00, 0xff, 0x94,
  0x3c, 0x03, 0xfe, 0x60, 0xf0, 0x0f, 0xe1, 0x92, 0x05, 0x00, 0x36, 0xef, 0x77, 0x18, 0x24, 0x80,
  0x02, 0x45, 0xc2, 0x4d, 0x8c, 0x00, 0x40, 0x20, 0x7c, 0x00, 0x31, 0xce, 0xff, 0xba, 0xd4, 0x03,
  0xd3, 0x8c, 0x40, 0x01, 0x4a, 0xd2, 0x00, 0xb1, 0x81, 0x6f, 0xfd, 0xb2, 0x44, 0xf0, 0x04, 0x98,
  0x5d, 0x20, 0x00, 0x9b, 0x5b, 0xc0, 0xd8, 0x29, 0x00, 0x3e, 0x92, 0x0a, 0x03, 0x50, 0x0f, 0xf9,
  0x42, 0x80, 0x3f, 0xf8, 0x04, 0x04, 0x01, 0xff, 0xcf, 0x20, 0x20, 0x0f, 0xfe, 0x02, 0x85, 0x00,
  0x7f, 0xf0, 0x28, 0x0d, 0x00, 0x3f, 0xe3, 0x60, 0xb4, 0x00, 0xfa, 0x48, 0x01, 0x26, 0x17, 0x46,
  0x00, 0x16, 0xd6, 0xf0, 0x0b, 0x14, 0x17, 0x3f, 0xdd, 0x24, 0x4f, 0x00, 0xd5, 0x8c, 0x40, 0x01,
  0x4a, 0xd2, 0x00, 0x48, 0x40, 0x84, 0x2f, 0xff, 0xed, 0xa4, 0x00, 0xff, 0xe0, 0x92, 0xde, 0x10,
  0x07, 0x3f, 0xff, 0x6c, 0x01, 0xe1, 0x00, 0x7f, 0x89, 0xf8, 0x87, 0xc0, 0x3f, 0xf8, 0x03, 0x80,
  0x4c, 0x01, 0xff, 0xc0, 0x17, 0x0a, 0x00, 0xff, 0xe0, 0xd8, 0x18, 0x07, 0xff, 0x04, 0x80, 0x02,
  0x01, 0xff, 0xd0, 0x20, 0x00, 0x80, 0x7f, 0xf0, 0x2c, 0x0c, 0x03, 0xff, 0x80, 0x4e, 0x14, 0x01,
  0xff, 0x0f, 0x81, 0x30, 0x07, 0xf1, 0x47, 0x10, 0xf8, 0x06, 0x7f, 0xfe, 0xd7, 0x03, 0xc2, 0x00,
  0xff, 0x12, 0xde, 0x10, 0x04, 0x3c, 0x40, 0x64, 0x2f, 0xff, 0xfc, 0x40, 0x1f, 0xfc, 0x27, 0xff,
  0xfc, 0x40, 0x1f, 0xfe, 0x67, 0xee, 0xf8, 0xc0, 0x30, 0x8f, 0xc0, 0x19, 0xff, 0xfe, 0x30, 0x0f,
  0xff, 0x3b, 0xff, 0xfe, 0x70, 0x0f, 0xfe, 0x00, 0x38, 0x40, 0x64, 0x2f, 0xff, 0xfc, 0x40, 0x1f,
  0xfc, 0x27, 0xff, 0xfc, 0x40, 0x1f, 0xff, 0x27, 0xff, 0xf8, 0xc0, 0x3f, 0xf8, 0x6f, 0xff, 0xf1,
  0x80, 0x7f, 0xfc, 0x40, 0x44, 0x20, 0x7c, 0x00, 0x31, 0x4e, 0xff, 0xba, 0xd8, 0x03, 0xd3, 0xac,
  0x40, 0x01, 0x49, 0xe4, 0x00, 0xb1, 0x81, 0x6f, 0xbf, 0xa8, 0xc6, 0x80, 0x12, 0x61, 0x74, 0x82,
  0x02, 0xb9, 0x1a, 0x06, 0xc1, 0x48, 0x01, 0xf3, 0x98, 0x50, 0x1a, 0x80, 0x7f, 0xca, 0x14, 0x01,
  0xff, 0xc0, 0x20, 0x20, 0x0f, 0xe1, 0x10, 0x07, 0xff, 0x07, 0xb8, 0x24, 0x04, 0x01, 0xff, 0xc0,
  0x50, 0xa0, 0x0f, 0xfe, 0x05, 0x01, 0xa8, 0x07, 0xfc, 0x6c, 0x14, 0x80, 0x1f, 0xf4, 0x98, 0x5d,
  0x20, 0x00, 0x56, 0xc0, 0x3b, 0x18, 0x16, 0xff, 0xdd, 0x48, 0x10, 0x20, 0x14, 0xe3, 0x10, 0x00,
  0x52, 0x39, 0xc0, 0x48, 0x40, 0x74, 0x2f, 0xe0, 0x03, 0xf5, 0x7c, 0x00, 0x7f, 0xff, 0xc0, 0x3f,
  0xe7, 0xff, 0xfc, 0xa0, 0x1f, 0xfc, 0x67, 0xff, 0xfc, 0xa0, 0x1f, 0xff, 0xf0, 0x0f, 0xf8, 0x1c,
  0x40, 0x1c, 0x2f, 0xe0, 0x03, 0xff, 0xc2, 0x2f, 0xe0, 0x5c, 0x00, 0x15, 0xff, 0xf0, 0x80, 0x0c,
  0x03, 0xfd, 0x3f, 0xfb, 0x80, 0x3f, 0xff, 0xe0, 0x1f, 0xfd, 0x03, 0x50, 0x0c, 0x80, 0x22, 0x0d,
  0xa7, 0x00, 0x14, 0x02, 0x00, 0x18, 0x23, 0xfd, 0xa4, 0x36, 0x00, 0x8b, 0x40, 0x00, 0xb7, 0x88,
  0x00, 0x40, 0x40, 0x74, 0x2f, 0xe0, 0x03, 0xe9, 0xfd, 0x10, 0x0f, 0xe8, 0x61, 0xc1, 0x00, 0xfc,
  0xee, 0x1c, 0x10, 0x0f, 0xcd, 0x01, 0xa4, 0x01, 0xf9, 0x64, 0x2c, 0xc0, 0x3f, 0x25, 0x05, 0x20,
  0x07, 0xe3, 0xb0, 0x85, 0x00, 0xfc, 0x78, 0x00, 0x60, 0x0f, 0xc5, 0xa0, 0x16, 0x80, 0x7e, 0x51,
  0x4c, 0x03, 0xa0, 0x0f, 0xc7, 0x67, 0x40, 0xac, 0x01, 0xe2, 0xc0, 0x02, 0xb8, 0x49, 0x80, 0x72,
  0x80, 0x68, 0x50, 0xd1, 0x00, 0xff, 0x51, 0x8e, 0x80, 0x7f, 0xda, 0x27, 0x20, 0x1f, 0xe1, 0xd0,
  0x66, 0x00, 0x34, 0x40, 0x5c, 0x2f, 0xe0, 0x03, 0xff, 0xfe, 0x01, 0xff, 0xff, 0x00, 0x9f, 0xff,
  0xec, 0x00, 0xff, 0x08, 0x54, 0x40, 0x8c, 0x2f, 0xd8, 0x03, 0xfe, 0x6f, 0xa0, 0x04, 0x00, 0x7f,
  0xd0, 0x01, 0x86, 0x00, 0x3f, 0xa0, 0x40, 0x39, 0xc4, 0x03, 0xe1, 0x70, 0x0f, 0xac, 0x03, 0xeb,
  0x00, 0xf2, 0x82, 0x98, 0x07, 0x1a, 0x82, 0x80, 0x80, 0x31, 0x83, 0xc0, 0x3a, 0x01, 0xb4, 0x03,
  0xa0, 0x4d, 0x40, 0x24, 0x40, 0xc0, 0x80, 0x70, 0xc0, 0x40, 0x05, 0x21, 0x02, 0x01, 0xf3, 0x19,
  0x38, 0x31, 0x1b, 0x00, 0x7f, 0x78, 0x41, 0x40, 0x78, 0x07, 0xf8, 0xd8, 0x30, 0x58, 0xc0, 0x3f,
  0xe8, 0x11, 0xa0, 0x03, 0xff, 0x80, 0x30, 0x10, 0x20, 0x1f, 0xfc, 0x16, 0xd6, 0x00, 0xff, 0xe1,
  0x90, 0x07, 0xe0, 0x48, 0x40, 0x74, 0x2f, 0xe0, 0x03, 0xf5, 0x7c, 0x00, 0x1d, 0x00, 0x3f, 0xf8,
  0x36, 0x40, 0x1f, 0xfc, 0x1f, 0x00, 0xff, 0x88, 0x0a, 0x80, 0x3f, 0xca, 0xe0, 0xae, 0x01, 0xfe,
  0x84, 0x08, 0x40, 0x0f, 0xf5, 0x08, 0x50, 0x80, 0x7f, 0x0e, 0x80, 0xe8, 0x07, 0xf8, 0xe4, 0x0e,
  0x40, 0x3f, 0xcc, 0xc0, 0x66, 0x00, 0x7f, 0xa4, 0xc2, 0x5c, 0x03, 0xfd, 0xa2, 0x04, 0x01, 0xfe,
  0x1d, 0x00, 0xff, 0xe0, 0x9c, 0x00, 0x7f, 0xf0, 0x5d, 0x40, 0x00, 0x48, 0x20, 0x8c, 0x00, 0x31,
  0x4e, 0xff, 0xba, 0xd8, 0x03, 0xf4, 0xeb, 0x10, 0x00, 0x52, 0x79, 0x00, 0x3b, 0x18, 0x16, 0xff,
  0xdb, 0x24, 0x36, 0xa0, 0x14, 0x98, 0x5d, 0x20, 0x00, 0x9b, 0x50, 0x28, 0x80, 0x98, 0x29, 0x00,
  0x3e, 0xb2, 0x08, 0x0b, 0x03, 0x50, 0x0f, 0xe9, 0x05, 0x15, 0x0a, 0x00, 0xff, 0x20, 0x01, 0x48,
  0x08, 0x03, 0xfe, 0x30, 0x20, 0x0f, 0xfe, 0x29, 0x01, 0x00, 0x7f, 0xc6, 0x04, 0xa1, 0x40, 0x1f,
  0xe4, 0x00, 0x2d, 0x81, 0xa8, 0x07, 0xf4, 0x82, 0x89, 0x30, 0x52, 0x00, 0x7d, 0x44, 0x10, 0x00,
  0x93, 0x0b, 0x93, 0x00, 0x0b, 0x6a, 0x85, 0x10, 0x05, 0x8c, 0x0d, 0x9f, 0xee, 0x92, 0x1b, 0x50,
  0x0e, 0x9d, 0x62, 0x00, 0x0a, 0x4f, 0x20, 0x04, 0x40, 0x40, 0x6c, 0x2f, 0xff, 0xdd, 0x8e, 0x01,
  0xfe, 0x13, 0x8e, 0x20, 0x09, 0xff, 0xfa, 0x88, 0x70, 0x03, 0xf9, 0x70, 0x44, 0xc0, 0x1f, 0xc2,
  0xe1, 0x80, 0x1f, 0xee, 0x01, 0x00, 0xff, 0x70, 0x08, 0x07, 0xf0, 0xb8, 0x60, 0x07, 0xe5, 0xc1,
  0x26, 0x00, 0x3f, 0xff, 0x51, 0x13, 0xc0, 0x3f, 0x09, 0xc6, 0x90, 0x04, 0xff, 0xfb, 0xb1, 0xc0,
  0x3f, 0xfd, 0x60, 0x48, 0x3d, 0x94, 0xc0, 0x31, 0x4e, 0xff, 0xba, 0xd8, 0x03, 0xfa, 0x75, 0x88,
  0x00, 0x29, 0x3c, 0x80, 0x1e, 0xc6, 0x05, 0xbf, 0xf6, 0xc9, 0x0d, 0xa8, 0x06, 0x93, 0x0b, 0xa4,
  0x00, 0x13, 0x6a, 0x05, 0x10, 0x00, 0x98, 0x29, 0x00, 0x3e, 0xb2, 0x08, 0x00, 0x58, 0x1a, 0x80,
  0x7f, 0x48, 0x28, 0x82, 0x85, 0x00, 0x7f, 0x90, 0x00, 0xa0, 0x40, 0x40, 0x1f, 0xf1, 0x81, 0x00,
  0x7f, 0xf1, 0xc8, 0x08, 0x03, 0xfe, 0x30, 0x20, 0x50, 0xa0, 0x0f, 0xf2, 0x00, 0x14, 0x2c, 0x0d,
  0x40, 0x3f, 0xa4, 0x14, 0x40, 0x98, 0x29, 0x00, 0x3e, 0xb2, 0x08, 0x00, 0xa4, 0xc2, 0xe4, 0xc0,
  0x02, 0xda, 0x81, 0x44, 0x01, 0xb1, 0x81, 0xb3, 0xfd, 0xd2, 0x43, 0x6a, 0x01, 0xe9, 0xd6, 0x20,
  0x08, 0xa7, 0x90, 0x03, 0xf1, 0x4e, 0xfa, 0x01, 0x18, 0x04, 0xf2, 0x01, 0xfd, 0x6c, 0x15, 0xd9,
  0xf0, 0xa0, 0x1f, 0xe9, 0xb4, 0x03, 0x27, 0xc0, 0x40, 0x40, 0x6c, 0x2f, 0xff, 0xdd, 0x8e, 0x01,
  0xfe, 0x13, 0x8d, 0x20, 0x09, 0xff, 0xfa, 0x88, 0x98, 0x01, 0xfc, 0xb8, 0x22, 0x60, 0x0f, 0xe1,
  0x70, 0xc0, 0x0f, 0xf7, 0x00, 0x80, 0x7f, 0xb8, 0x04, 0x03, 0xf8, 0x5c, 0x30, 0x03, 0xf2, 0x60,
  0x93, 0x00, 0x1f, 0xbb, 0x7d, 0x91, 0x3c, 0x03, 0x08, 0xe0, 0x02, 0xe9, 0x00, 0x4f, 0xff, 0xa4,
  0x10, 0x40, 0x3f, 0x99, 0x06, 0xc0, 0x3f, 0xd4, 0x0a, 0xa0, 0x0f, 0xe1, 0x90, 0xb1, 0x00, 0xfe,
  0x64, 0x1b, 0x38, 0x00, 0x6c, 0x00, 0x23, 0xad, 0xff, 0x75, 0xb0, 0x06, 0x7c, 0x52, 0x01, 0x12,
  0x4f, 0x00, 0x0e, 0x01, 0xfb, 0xfb, 0xed, 0x50, 0x01, 0x40, 0xb0, 0x20, 0x12, 0x55, 0x00, 0x04,
  0x1a, 0x01, 0xfe, 0x20, 0xb0, 0x0f, 0xf5, 0x01, 0xeb, 0x90, 0x07, 0xc7, 0x42, 0x51, 0xbd, 0x2a,
  0x01, 0xcb, 0xd2, 0x80, 0x2d, 0x5c, 0x80, 0x1c, 0xd7, 0xf8, 0xe2, 0x2b, 0x30, 0x0f, 0x8e, 0x3c,
  0xc2, 0x40, 0x3f, 0x86, 0x81, 0x81, 0x08, 0x03, 0xef, 0x06, 0x09, 0xd9, 0x40, 0x08, 0x5d, 0x83,
  0x82, 0x81, 0xaf, 0xfb, 0xfa, 0x02, 0x10, 0x1f, 0xa1, 0x04, 0x40, 0x4b, 0x8e, 0x00, 0x34, 0x00,
  0x6c, 0x3b, 0xff, 0xfe, 0xd3, 0x00, 0xff, 0x87, 0x7f, 0xf2, 0x83, 0xff, 0xec, 0x00, 0xff, 0xff,
  0x80, 0x7f, 0xff, 0xc0, 0x3f, 0xf8, 0xe0, 0x44, 0x40, 0x74, 0x37, 0xd8, 0x03, 0xf7, 0xf8, 0xc0,
  0x3f, 0xff, 0xe0, 0x1f, 0xfe, 0x76, 0x0e, 0x00, 0xf8, 0x40, 0x04, 0x60, 0x80, 0x1f, 0x20, 0x08,
  0xac, 0x0d, 0x00, 0x3d, 0x00, 0xe0, 0x6a, 0x16, 0xe2, 0x00, 0x4c, 0x21, 0x80, 0x05, 0x20, 0x47,
  0x7f, 0xac, 0xc7, 0x44, 0x02, 0xba, 0x41, 0x00, 0x1b, 0xf9, 0x80, 0x00, 0x43, 0xe0, 0x8c, 0x03,
  0x3e, 0x40, 0x3f, 0xd7, 0xee, 0x14, 0x0c, 0x01, 0xfc, 0x48, 0x0c, 0x0c, 0x20, 0xc0, 0x1f, 0xac,
  0x14, 0x40, 0x0c, 0x16, 0x01, 0xf9, 0x82, 0x40, 0x2a, 0x02, 0x40, 0x0f, 0x30, 0x19, 0x80, 0x22,
  0x40, 0xe0, 0x0f, 0x58, 0x48, 0x07, 0x78, 0x28, 0x80, 0x64, 0x21, 0x50, 0x0e, 0x42, 0x09, 0x00,
  0xde, 0x0c, 0x01, 0xf5, 0x83, 0x00, 0x44, 0x81, 0x20, 0x1f, 0x30, 0x0a, 0x80, 0x28, 0x14, 0x40,
  0x3f, 0x30, 0x48, 0x01, 0x83, 0x80, 0x3f, 0xac, 0x0c, 0xcc, 0x24, 0x80, 0x1f, 0xc4, 0x81, 0x36,
  0x16, 0x01, 0xff, 0x78, 0x29, 0x03, 0x00, 0x7f, 0xc8, 0x40, 0x06, 0x00, 0xff, 0xe0, 0xd0, 0x02,
  0xc0, 0x3c, 0x64, 0x00, 0xcc, 0x0b, 0xfc, 0x40, 0x1f, 0x5f, 0xd0, 0x07, 0xc5, 0xfc, 0x04, 0x40,
  0x50, 0x0f, 0x90, 0x14, 0x03, 0xea, 0x07, 0x00, 0x50, 0x58, 0x07, 0x94, 0x02, 0x40, 0x0f, 0x28,
  0x68, 0x01, 0x40, 0xc4, 0x03, 0xb8, 0x0c, 0x34, 0x03, 0x88, 0x82, 0x80, 0x02, 0x20, 0x38, 0x07,
  0x20, 0x78, 0x38, 0x07, 0x28, 0x38, 0x06, 0x50, 0xd0, 0x0c, 0xa0, 0xa6, 0x42, 0x80, 0x1a, 0xc3,
  0x40, 0x35, 0x82, 0x08, 0x05, 0xc1, 0xe0, 0xa1, 0xa0, 0x11, 0x18, 0x20, 0x06, 0x31, 0x04, 0x00,
  0x90, 0x14, 0x28, 0x1c, 0x02, 0x50, 0x50, 0x0f, 0x30, 0x70, 0x01, 0x41, 0x40, 0x04, 0x41, 0x30,
  0x05, 0x87, 0x80, 0x7a, 0xc1, 0x00, 0x1c, 0x1e, 0x01, 0x28, 0x50, 0x09, 0x82, 0x80, 0x78, 0xc4,
  0x14, 0x10, 0x14, 0x02, 0xb0, 0x70, 0x70, 0x40, 0x0f, 0xce, 0x1e, 0xa0, 0xa0, 0x18, 0xc8, 0x4e,
  0x83, 0x80, 0x3f, 0x68, 0x2f, 0x07, 0x80, 0x72, 0x84, 0x98, 0x20, 0x07, 0xe4, 0x10, 0x40, 0x50,
  0x0e, 0xb0, 0x50, 0x41, 0x00, 0xfe, 0x40, 0x02, 0x00, 0x78, 0xc4, 0x01, 0xa0, 0x1f, 0xee, 0x00,
  0x70, 0x07, 0xcc, 0x00, 0x70, 0x0e, 0x3c, 0x00, 0x7c, 0x07, 0xbd, 0xc0, 0x3e, 0xaf, 0xc0, 0x1b,
  0x08, 0x30, 0x0e, 0x55, 0x07, 0x00, 0x15, 0x83, 0x80, 0x30, 0xd8, 0x51, 0x00, 0x52, 0x44, 0x90,
  0x0a, 0x85, 0x54, 0x01, 0xdc, 0x0c, 0x80, 0xc8, 0x36, 0x01, 0xe3, 0x70, 0xa3, 0x90, 0xa1, 0x00,
  0xfa, 0x08, 0x70, 0x19, 0x00, 0x3f, 0xbc, 0x00, 0x32, 0x01, 0xfe, 0x40, 0x00, 0xa0, 0x07, 0xf1,
  0x48, 0x18, 0x50, 0x80, 0x7e, 0xf0, 0x6c, 0x21, 0xb0, 0x0f, 0xa0, 0x86, 0x43, 0xc1, 0x54, 0x01,
  0xc8, 0xe1, 0xa0, 0x02, 0x80, 0xa1, 0x00, 0x86, 0x81, 0xcc, 0x02, 0x73, 0x0a, 0x00, 0xac, 0x4a,
  0x00, 0x3b, 0x81, 0x1c, 0x15, 0x41, 0xe0, 0x1e, 0x2a, 0x08, 0x30, 0x3b, 0xe0, 0x84, 0x03, 0x3e,
  0x00, 0x3f, 0x17, 0xf8, 0x43, 0xc1, 0xc8, 0x03, 0xe9, 0x08, 0x10, 0x35, 0x09, 0x00, 0xf2, 0xa1,
  0x38, 0x05, 0x60, 0x88, 0x00, 0xe8, 0x09, 0x00, 0xc3, 0x01, 0x20, 0x19, 0xc9, 0x10, 0x01, 0xce,
  0x44, 0x70, 0x00, 0xc0, 0x48, 0x07, 0xd2, 0x10, 0x21, 0x60, 0xe4, 0x01, 0xf2, 0x20, 0x2d, 0x14,
  0x60, 0x03, 0xfa, 0x41, 0x68, 0x2c, 0x03, 0xfc, 0x4e, 0x02, 0x6a, 0x01, 0xff, 0x40, 0x02, 0x00,
  0x3f, 0xf8, 0x6e, 0x01, 0xff, 0xfa, 0x38, 0x00, 0x74, 0x03, 0xbf, 0xff, 0xe8, 0x03, 0x00, 0xff,
  0xbc, 0x37, 0xff, 0xf1, 0x81, 0xb8, 0x07, 0xf4, 0x98, 0xe8, 0x07, 0xf2, 0xb0, 0x50, 0x80, 0x7e,
  0x2a, 0x08, 0x40, 0x0f, 0xef, 0x04, 0x70, 0x0f, 0xea, 0x22, 0x50, 0x07, 0xf3, 0x28, 0x70, 0x80,
  0x7e, 0x39, 0x09, 0x30, 0x0f, 0xc3, 0xa0, 0xcc, 0x00, 0xfe, 0xa1, 0x29, 0x00, 0xfe, 0x84, 0x0f,
  0x00, 0xfe, 0x47, 0x0a, 0x20, 0x0f, 0xeb, 0x00, 0x57, 0xff, 0xec, 0x00, 0xff, 0xe0, 0x88, 0x1c,
  0x5c, 0x2d, 0x6f, 0xfe, 0xe0, 0x00, 0x9a, 0x80, 0x23, 0x2c, 0x03, 0xff, 0xfe, 0x01, 0xf4, 0x65,
  0x80, 0x04, 0xd4, 0x23, 0xfe, 0x55, 0x6b, 0xd0, 0x03, 0xef, 0x0d, 0x00, 0xf9, 0x41, 0xc0, 0x3f,
  0x28, 0xa0, 0x07, 0xdc, 0x1c, 0x01, 0xf2, 0x0a, 0x80, 0x7e, 0x70, 0x50, 0x0f, 0xb4, 0x3c, 0x03,
  0xe4, 0x15, 0x00, 0xfc, 0xc0, 0xa0, 0x1f, 0x58, 0x70, 0x07, 0xc6, 0x48, 0x20, 0x1f, 0x28, 0x38,
  0x07, 0xd4, 0x14, 0x01, 0xf1, 0x10, 0xc4, 0x03, 0xea, 0x06, 0x00, 0xf9, 0x42, 0xc0, 0x3e, 0x23,
  0x31, 0x00, 0x7d, 0x60, 0xa0, 0x1f, 0x30, 0x50, 0x07, 0xc2, 0x64, 0x40, 0x1c, 0x1c, 0x35, 0x67,
  0xff, 0x07, 0x19, 0x80, 0x27, 0xcd, 0x00, 0xff, 0xff, 0x80, 0x7f, 0xf3, 0x1f, 0x34, 0x02, 0xe3,
  0x30, 0x04, 0x34, 0x23, 0x5a, 0x80, 0x32, 0x41, 0x80, 0x7e, 0x97, 0x80, 0x0f, 0x90, 0x85, 0x04,
  0x03, 0xdc, 0x14, 0x12, 0x01, 0xc2, 0xac, 0x86, 0xc0, 0x1d, 0x21, 0x41, 0x42, 0xa0, 0x19, 0x8c,
  0xc0, 0xc3, 0xc0, 0x12, 0x8d, 0x00, 0x4c, 0x84, 0x00, 0xe1, 0x60, 0x0a, 0x82, 0x80, 0x91, 0x80,
  0x31, 0x23, 0x00, 0x2c, 0x1e, 0x58, 0xc4, 0x7f, 0xee, 0xef, 0xfa, 0xef, 0xfe, 0x34, 0x4e, 0x38,
  0xc6, 0xfe, 0xc0, 0x21, 0xb6, 0x4b, 0x00, 0xd3, 0x24, 0xb0, 0x34, 0x20, 0x5b, 0x00, 0xa7, 0x7f,
  0xdd, 0x44, 0x00, 0x5d, 0x62, 0x11, 0x97, 0x4c, 0x10, 0xa7, 0xfb, 0xa3, 0x0e, 0x01, 0xd6, 0x00,
  0x87, 0x40, 0x84, 0x03, 0xe1, 0x10, 0x10, 0x1d, 0xf7, 0xfe, 0x10, 0x02, 0x62, 0x2b, 0x3b, 0xc0,
  0x14, 0x04, 0x5c, 0xc4, 0x42, 0x00, 0x20, 0x40, 0x0e, 0x10, 0x02, 0x85, 0x80, 0x6a, 0x00, 0xa0,
  0x1f, 0x22, 0x79, 0x44, 0x00, 0x78, 0xa4, 0xee, 0x4d, 0x20, 0x00, 0x3c, 0x40, 0x6c, 0x7f, 0xc2,
  0x01, 0xff, 0xf5, 0x4b, 0xff, 0x6c, 0x88, 0x07, 0x5d, 0x90, 0x44, 0x4d, 0xc8, 0x01, 0x95, 0x37,
  0xb9, 0xa8, 0x16, 0x40, 0x11, 0xd9, 0x00, 0x0a, 0xcc, 0x2c, 0x02, 0x90, 0x0f, 0x40, 0x38, 0x04,
  0xe0, 0x1e, 0x50, 0x10, 0x0f, 0xfe, 0x23, 0x80, 0x79, 0x40, 0x40, 0x28, 0x00, 0xf4, 0x03, 0x80,
  0x45, 0x84, 0x00, 0x2b, 0x30, 0x80, 0x09, 0xcf, 0x7b, 0x9a, 0x81, 0x62, 0x01, 0x45, 0xa0, 0x88,
  0x9b, 0x90, 0x00, 0x34, 0x00, 0x63, 0x00, 0x21, 0x7d, 0xff, 0x6c, 0x08, 0x04, 0x7f, 0x04, 0x22,
  0x27, 0xf2, 0x01, 0xd1, 0x4d, 0xee, 0x6a, 0x0d, 0x84, 0x09, 0xd9, 0x00, 0x0a, 0xea, 0x41, 0xc2,
  0x00, 0x3c, 0xa0, 0x01, 0x05, 0x00, 0xff, 0xe4, 0x88, 0x20, 0x07, 0xf3, 0x04, 0x80, 0x79, 0x40,
  0x12, 0x27, 0x84, 0x00, 0x2b, 0xa9, 0x01, 0xc1, 0x3d, 0xfe, 0xd4, 0x1b, 0x00, 0x17, 0x41, 0x00,
  0x93, 0xf9, 0x00, 0x3c, 0x00, 0x6c, 0x40, 0x3f, 0xc3, 0xfe, 0x00, 0xff, 0xf5, 0x8c, 0xef, 0xfa,
  0xd0, 0x03, 0x93, 0x98, 0x84, 0x49, 0x76, 0x00, 0x86, 0xc1, 0x37, 0xb9, 0xa8, 0xa0, 0x14, 0x01,
  0xd9, 0x00, 0x0a, 0xcc, 0x02, 0x70, 0x80, 0x0f, 0x48, 0x04, 0x20, 0xa0, 0x1e, 0x70, 0x0f, 0xfe,
  0x20, 0x82, 0x00, 0x79, 0xc0, 0x27, 0x09, 0x00, 0xf4, 0x00, 0x50, 0x07, 0x64, 0x00, 0x2c, 0x20,
  0x08, 0x6c, 0x53, 0x7b, 0x9a, 0x6e, 0x01, 0x93, 0xd8, 0x84, 0x47, 0x50, 0x00, 0x34, 0x00, 0x6b,
  0x00, 0x21, 0x9d, 0xff, 0x63, 0x00, 0x72, 0x73, 0x11, 0x04, 0xe6, 0xc0, 0x21, 0xb0, 0x7f, 0xde,
  0xd3, 0x49, 0x00, 0x40, 0x34, 0x00, 0x45, 0xa2, 0xc4, 0x0e, 0x1a, 0x45, 0xc6, 0x80, 0x80, 0x21,
  0x7b, 0xbe, 0x50, 0xe0, 0x0a, 0xab, 0xfc, 0x02, 0x0c, 0xab, 0xf8, 0x81, 0xc3, 0xc0, 0x3c, 0x40,
  0x14, 0x09, 0xd9, 0x80, 0x05, 0xf5, 0x40, 0x03, 0xa2, 0x99, 0xfd, 0xc8, 0x00, 0xe3, 0xf8, 0x30,
  0x11, 0x36, 0xa8, 0x00, 0x20, 0x00, 0x4c, 0x40, 0x22, 0xbf, 0xf6, 0x18, 0x00, 0x71, 0x04, 0xcc,
  0x01, 0x30, 0xa7, 0x67, 0x18, 0x03, 0x43, 0x40, 0x02, 0x01, 0x08, 0x07, 0xab, 0xd0, 0x27, 0xfd,
  0x80, 0x46, 0x20, 0x46, 0x65, 0x08, 0xc5, 0x0b, 0xcc, 0x48, 0x07, 0xff, 0xfc, 0x03, 0xe0, 0x3c,
  0x1c, 0x74, 0x00, 0x22, 0x9d, 0xff, 0x63, 0x06, 0xf9, 0x00, 0x17, 0x58, 0x88, 0x66, 0x9c, 0x30,
  0x08, 0xe8, 0x1b, 0xb7, 0x3e, 0x0c, 0x40, 0x28, 0x06, 0x91, 0x00, 0x9e, 0x00, 0x32, 0x05, 0x00,
  0x79, 0xc0, 0x21, 0x00, 0x10, 0x07, 0xc2, 0x00, 0x10, 0x01, 0x00, 0x78, 0x44, 0x01, 0x20, 0x40,
  0x07, 0xa4, 0x03, 0x40, 0x25, 0x10, 0x00, 0x65, 0xc0, 0x31, 0xd0, 0x2e, 0xf7, 0x4c, 0x80, 0x1c,
  0xba, 0xc4, 0x22, 0x39, 0xb0, 0x0f, 0x14, 0xef, 0xfb, 0x18, 0x40, 0x04, 0x00, 0x20, 0x0f, 0x98,
  0x08, 0x00, 0x39, 0x85, 0x00, 0xcf, 0x01, 0x60, 0x03, 0x3a, 0xbf, 0xb9, 0xf0, 0x0a, 0xc0, 0x02,
  0xda, 0x52, 0x11, 0x92, 0xe8, 0x00, 0x3c, 0x40, 0x64, 0x7f, 0xc2, 0x01, 0xff, 0xf0, 0x5c, 0xff,
  0x6c, 0x08, 0x06, 0xaa, 0x18, 0x00, 0x9f, 0x04, 0x02, 0x45, 0xdf, 0xf5, 0x01, 0x48, 0x04, 0x94,
  0x40, 0x05, 0x90, 0x60, 0x0b, 0xc0, 0x39, 0x00, 0x40, 0x26, 0x00, 0xe2, 0x00, 0x08, 0x00, 0xc0,
  0x3f, 0xff, 0x20, 0x18, 0x20, 0x24, 0x47, 0x78, 0x90, 0x85, 0x56, 0x46, 0x0a, 0xb1, 0x00, 0xef,
  0xf0, 0x80, 0x7f, 0xf8, 0x00, 0x1b, 0xbc, 0x45, 0x40, 0x3b, 0x3d, 0x00, 0x31, 0x98, 0x30, 0x03,
  0x1b, 0x25, 0x00, 0x74, 0xd9, 0x00, 0x7f, 0xf0, 0x7b, 0xcc, 0x03, 0xff, 0xfe, 0x01, 0xff, 0xca,
  0x10, 0x02, 0x08, 0x18, 0x57, 0x6d, 0x83, 0x00, 0x08, 0x08, 0x5e, 0x40, 0x38, 0x40, 0x64, 0x7f,
  0xc2, 0x01, 0xff, 0xf4, 0x2e, 0xf8, 0x00, 0xf8, 0xf0, 0x5e, 0x00, 0x3c, 0x78, 0x2f, 0x00, 0x1e,
  0x4c, 0x06, 0x80, 0x0f, 0x2d, 0x83, 0x48, 0x07, 0x9a, 0x80, 0x02, 0x01, 0xf4, 0x02, 0x83, 0xa0,
  0x07, 0xd3, 0x4c, 0x14, 0x40, 0x1d, 0x2c, 0x12, 0x63, 0xc0, 0x1c, 0xe0, 0x16, 0x89, 0xc8, 0x07,
  0xe1, 0xa0, 0x65, 0x00, 0xfc, 0x90, 0x14, 0x40, 0x18, 0x40, 0x1c, 0x7f, 0xc2, 0x01, 0xff, 0xe4,
  0x5c, 0x40, 0xa3, 0x3f, 0xc0, 0xd9, 0xfe, 0xc6, 0x00, 0x1d, 0x77, 0xf5, 0x10, 0x06, 0xb9, 0x32,
  0x13, 0x9a, 0x6c, 0x50, 0x21, 0x5d, 0x30, 0x09, 0x1f, 0xf7, 0xa4, 0x16, 0x47, 0x3b, 0x79, 0x03,
  0x80, 0x25, 0x80, 0x09, 0x90, 0x01, 0x46, 0x00, 0x1a, 0x02, 0x20, 0x03, 0x80, 0x3b, 0x00, 0x50,
  0x03, 0x09, 0x03, 0x80, 0x14, 0x03, 0x84, 0x14, 0x03, 0xc2, 0x01, 0xff, 0xff, 0x00, 0xff, 0xf1,
  0x80, 0x3c, 0x40, 0x63, 0x3f, 0xc0, 0xd9, 0xfe, 0xd8, 0x10, 0x0d, 0x72, 0x64, 0x24, 0xf8, 0x20,
  0x12, 0x3f, 0xef, 0x60, 0x94, 0x80, 0x4b, 0x00, 0x11, 0xc0, 0x30, 0x05, 0xc0, 0x1c, 0xe0, 0x20,
  0x13, 0x00, 0x70, 0x80, 0x04, 0x00, 0x60, 0x1f, 0xff, 0x90, 0x38, 0x00, 0x73, 0x00, 0x21, 0x8d,
  0xff, 0x6c, 0x08, 0x07, 0x1f, 0xb9, 0x08, 0x89, 0xfc, 0xc0, 0x21, 0xd1, 0x4d, 0xee, 0x6a, 0x0e,
  0x88, 0x02, 0x04, 0xec, 0x80, 0x05, 0x66, 0x32, 0x00, 0x70, 0x80, 0x0f, 0x48, 0x30, 0x00, 0x41,
  0x40, 0x3c, 0xe0, 0x20, 0x1f, 0xfc, 0x41, 0x04, 0x00, 0xf3, 0x81, 0x00, 0x18, 0x24, 0x03, 0xd2,
  0x0a, 0x00, 0x91, 0x3b, 0x20, 0x01, 0x59, 0x8c, 0x80, 0x07, 0x45, 0x37, 0xb9, 0xa8, 0x38, 0x20,
  0x11, 0xfb, 0x90, 0x88, 0x9f, 0xc8, 0x00, 0x3c, 0x5c, 0x6c, 0x3f, 0xc0, 0xb7, 0xfe, 0xd9, 0x10,
  0x0e, 0x9a, 0x41, 0x11, 0x37, 0x20, 0x06, 0x64, 0xde, 0xe6, 0xa0, 0x59, 0x00, 0x47, 0x64, 0x00,
  0x2b, 0x30, 0xb0, 0x0a, 0x40, 0x3d, 0x00, 0xe0, 0x13, 0x80, 0x79, 0x40, 0x40, 0x3f, 0xf8, 0x8e,
  0x01, 0xe5, 0x01, 0x00, 0xa0, 0x03, 0xd0, 0x0e, 0x01, 0x16, 0x10, 0x00, 0xac, 0xc2, 0x00, 0x26,
  0x3d, 0xee, 0x6a, 0x05, 0x88, 0x05, 0x16, 0x82, 0x22, 0x6e, 0x40, 0x0e, 0x4b, 0xff, 0x6c, 0x88,
  0x07, 0xff, 0x78, 0x3c, 0x1c, 0x6c, 0x00, 0x21, 0x9d, 0xff, 0x62, 0x87, 0xf8, 0x00, 0x9c, 0xc4,
  0x22, 0x3a, 0x90, 0x08, 0x6c, 0x13, 0x7b, 0x9a, 0x8c, 0x01, 0x40, 0x1d, 0x90, 0x00, 0xac, 0xc0,
  0x27, 0x08, 0x00, 0xf4, 0x80, 0x42, 0x0a, 0x01, 0xe7, 0x00, 0xff, 0xe2, 0x08, 0x20, 0x07, 0x9c,
  0x02, 0x70, 0x90, 0x0f, 0x40, 0x05, 0x00, 0x76, 0x40, 0x02, 0xc2, 0x00, 0x86, 0xc5, 0x37, 0xb9,
  0xa6, 0xc0, 0x19, 0x3d, 0x88, 0x44, 0x97, 0x00, 0x1c, 0x33, 0xbf, 0xeb, 0x40, 0x0f, 0xfe, 0xf0,
  0x24, 0x40, 0x3b, 0x3f, 0xc0, 0xd9, 0xe8, 0x00, 0x99, 0x18, 0x06, 0x65, 0xdf, 0x40, 0x01, 0xd1,
  0x00, 0x69, 0x00, 0xf3, 0x80, 0x78, 0xc0, 0x3f, 0xfb, 0x60, 0x2c, 0x00, 0x5b, 0x00, 0x07, 0x5d,
  0xfe, 0xd9, 0x30, 0x02, 0xe2, 0x89, 0x09, 0x37, 0x80, 0x2c, 0x23, 0xf7, 0xbe, 0x7c, 0x04, 0x40,
  0xe0, 0x19, 0x8c, 0x04, 0x01, 0x24, 0x01, 0xf4, 0x83, 0x6f, 0x5c, 0x10, 0x04, 0xda, 0xe6, 0x28,
  0xfb, 0x20, 0x11, 0x46, 0x7e, 0xc0, 0x31, 0x80, 0x78, 0x9c, 0xc1, 0x83, 0x60, 0x80, 0x24, 0x30,
  0x64, 0x27, 0xdf, 0xef, 0xb0, 0x63, 0x4d, 0x72, 0x01, 0x12, 0x54, 0x80, 0x24, 0x00, 0x4b, 0xc0,
  0x0b, 0x06, 0x01, 0xee, 0x75, 0x00, 0xff, 0xe0, 0xd7, 0xa0, 0x4f, 0xfb, 0x00, 0x8c, 0x40, 0x8c,
  0xca, 0x11, 0x8a, 0x17, 0x98, 0x90, 0x0f, 0xff, 0x20, 0x80, 0x80, 0x78, 0x82, 0xc0, 0x04, 0x01,
  0x50, 0x1f, 0xee, 0x90, 0x00, 0x58, 0x60, 0x48, 0xe0, 0x3c, 0x20, 0x63, 0x07, 0xfc, 0x01, 0xe3,
  0xfe, 0x00, 0xff, 0xfc, 0xb8, 0x07, 0x08, 0x07, 0x10, 0x00, 0x44, 0x0e, 0x01, 0xd6, 0x01, 0x38,
  0x4a, 0x80, 0x0a, 0xc8, 0x02, 0x82, 0x0a, 0xff, 0x6a, 0x28, 0x04, 0x38, 0xe4, 0x00, 0x3a, 0x80,
  0x00, 0x33, 0xe0, 0x73, 0x03, 0x7d, 0x40, 0x3e, 0xef, 0x10, 0xb0, 0x90, 0x0f, 0x30, 0xa8, 0x83,
  0x01, 0x98, 0x03, 0xac, 0x38, 0x02, 0x70, 0xa0, 0x0c, 0x64, 0x44, 0x00, 0xa8, 0x18, 0x40, 0x29,
  0x0b, 0x00, 0xc4, 0x80, 0xc0, 0x01, 0x51, 0x60, 0x0e, 0xf0, 0xa0, 0x04, 0x83, 0x00, 0x79, 0x08,
  0x88, 0x0c, 0x14, 0x01, 0xf5, 0x87, 0xa8, 0xa1, 0x00, 0x7c, 0xc0, 0x90, 0x1e, 0x01, 0xfc, 0xc0,
  0x44, 0x40, 0x0f, 0xeb, 0x00, 0x58, 0x07, 0x00, 0x50, 0x00, 0xa3, 0x2f, 0xd4, 0x03, 0x8b, 0xfc,
  0x01, 0xe6, 0xf7, 0xe0, 0xf0, 0x0e, 0xa0, 0x02, 0x80, 0x75, 0x03, 0x28, 0x28, 0x07, 0x28, 0x03,
  0x80, 0x31, 0x1a, 0x08, 0x30, 0x30, 0x04, 0x84, 0xa4, 0x82, 0x01, 0x50, 0x68, 0x02, 0x83, 0x40,
  0x2d, 0x0e, 0x50, 0x60, 0x09, 0x81, 0x80, 0x06, 0x28, 0x20, 0x06, 0x14, 0xa0, 0xb0, 0x01, 0x8a,
  0x80, 0x66, 0x06, 0x05, 0x06, 0x02, 0x33, 0x10, 0x50, 0x70, 0x06, 0xa0, 0xb0, 0xe0, 0xa0, 0x05,
  0x05, 0x03, 0x0a, 0x00, 0x62, 0x33, 0x22, 0x0c, 0x80, 0x0e, 0x0c, 0xa0, 0xe0, 0x1e, 0xb0, 0xa0,
  0xa0, 0x08, 0x54, 0x6c, 0x28, 0x03, 0xcc, 0x02, 0x0e, 0x01, 0xb8, 0x04, 0x8c, 0x03, 0xc2, 0x80,
  0xa2, 0x01, 0x90, 0x42, 0x80, 0x30, 0x30, 0x00, 0x63, 0x0b, 0xfc, 0x80, 0x18, 0xbf, 0xc6, 0x54,
  0x14, 0x20, 0x17, 0x04, 0x18, 0x2b, 0x0d, 0x00, 0x24, 0xd1, 0xc0, 0x29, 0x24, 0x75, 0x61, 0xa0,
  0x0e, 0xf0, 0x8a, 0x0d, 0x10, 0x0e, 0x29, 0x00, 0x41, 0x80, 0x7d, 0xe0, 0x0d, 0x00, 0xf9, 0x58,
  0x49, 0x5c, 0x03, 0x8a, 0x82, 0xbc, 0x20, 0xc0, 0x37, 0x03, 0xa1, 0x48, 0x68, 0x80, 0x24, 0xcd,
  0x00, 0x06, 0x51, 0xa0, 0x56, 0x1d, 0x00, 0xd4, 0x48, 0xe0, 0x33, 0xfc, 0x74, 0x03, 0x7d, 0x80,
  0x3e, 0xef, 0x10, 0xb0, 0xb0, 0x0f, 0x30, 0xa8, 0x83, 0x09, 0x20, 0x07, 0x58, 0x48, 0x05, 0x21,
  0xe0, 0x19, 0x08, 0xcc, 0x01, 0x30, 0x21, 0x00, 0x5e, 0x12, 0x01, 0x85, 0x82, 0xc0, 0x04, 0x84,
  0xa0, 0x1d, 0x60, 0xc0, 0x0b, 0x0a, 0x00, 0xf1, 0x20, 0x38, 0xb0, 0x38, 0x07, 0xde, 0x12, 0xc0,
  0xe0, 0x1f, 0x90, 0x86, 0x02, 0x80, 0x3f, 0xac, 0x00, 0xa4, 0x01, 0xfc, 0xc0, 0x09, 0x00, 0xff,
  0x28, 0x19, 0x80, 0x3c, 0xc2, 0x03, 0x01, 0x20, 0x1e, 0x49, 0xed, 0xe2, 0x45, 0x00, 0xf2, 0x38,
  0x90, 0xbd, 0x80, 0x7c, 0x2c, 0x00, 0x5b, 0x03, 0xff, 0xf9, 0xc0, 0xcf, 0xc4, 0x00, 0x20, 0xcc,
  0xf0, 0x83, 0x28, 0x07, 0xa4, 0xcd, 0x20, 0x1e, 0x56, 0x1d, 0x00, 0xf1, 0x50, 0x50, 0x80, 0x7b,
  0xc2, 0x10, 0x03, 0xd6, 0x48, 0xe0, 0x1e, 0x74, 0x2a, 0x00, 0xf2, 0x40, 0x78, 0x80, 0x7a, 0x80,
  0x7b, 0x33, 0x9c, 0x84, 0x04, 0xcf, 0xda, 0x20, 0x3c, 0x3d, 0x40, 0x29, 0xef, 0x40, 0x05, 0x30,
  0x93, 0x80, 0x10, 0x27, 0x4c, 0x00, 0x20, 0x80, 0x1f, 0xfd, 0x31, 0x00, 0x18, 0x02, 0x7c, 0x0c,
  0x40, 0x0a, 0x20, 0x80, 0x16, 0x68, 0x38, 0x06, 0x20, 0x01, 0x00, 0x7f, 0xf6, 0xc4, 0x10, 0x03,
  0x30, 0x4e, 0x98, 0x02, 0x18, 0x49, 0xc0, 0x1c, 0x5c, 0x1d, 0x6f, 0xd0, 0x03, 0xff, 0xe0, 0x20,
  0x1c, 0x3d, 0x67, 0xf5, 0xc0, 0x2e, 0x22, 0x42, 0x80, 0x1f, 0x54, 0x3c, 0x03, 0x60, 0x08, 0x07,
  0xff, 0x50, 0xc1, 0xc0, 0x32, 0x09, 0xea, 0x80, 0x04, 0x80, 0x88, 0x00, 0x43, 0x2f, 0x70, 0x01,
  0x03, 0x00, 0x7f, 0xf6, 0xf0, 0x04, 0x00, 0xfc, 0xa1, 0xc0, 0x0e, 0x12, 0x94, 0x00, 0x00, 0x34,
  0x26, 0x59, 0x01, 0x7b, 0xe8, 0x40, 0x2e, 0x83, 0xa0, 0x45, 0xc2, 0x03, 0x1d, 0xb0, 0xfb, 0xb1,
  0x6d, 0xe8, 0xa1, 0xa0, 0x82, 0x69, 0xa1, 0xe8, 0x80, 0x18, 0x00, 0x00, 0x00, 0x18, 0x3c, 0x24,
  0x0b, 0xb4, 0x54, 0x49, 0x18, 0xd1, 0x03, 0x96, 0x20, 0x1d, 0xd8, 0x00, 0x11, 0x00, 0x46, 0x01,
  0xc2, 0x02, 0x01, 0xc6, 0x01, 0xe1, 0x10, 0x00, 0xdc, 0x02, 0x59, 0x91, 0x80, 0x34, 0x1d, 0x64,
  0x80, 0x3c, 0xc8, 0x01, 0xfe, 0xad, 0x00, 0xff, 0xe3, 0x8b, 0xe9, 0xb6, 0xc0, 0x80, 0x47, 0xf0,
  0x40, 0x02, 0x7f, 0x20, 0x1d, 0x14, 0xd3, 0x6d, 0x41, 0xb0, 0x81, 0x3b, 0x20, 0x01, 0x5d, 0x48,
  0x38, 0x40, 0x07, 0x94, 0x00, 0x20, 0xa0, 0x1f, 0xfc, 0x91, 0x04, 0x00, 0xfe, 0x60, 0x90, 0x0f,
  0x28, 0x02, 0x44, 0xf0, 0x80, 0x05, 0x75, 0x20, 0x38, 0x27, 0xa6, 0xda, 0x83, 0x60, 0x02, 0xe8,
  0x20, 0x01, 0x3f, 0x90, 0x06, 0x7d, 0x36, 0xd8, 0x10, 0x0f, 0xfe, 0x3d, 0x68, 0x06, 0x38, 0x00,
  0x74, 0x00, 0x3c, 0xf9, 0xdf, 0xed, 0x82, 0x00, 0xc5, 0xd0, 0x62, 0x00, 0x27, 0x90, 0x08, 0x70,
  0x4e, 0xff, 0xdd, 0x6b, 0xa0, 0x13, 0x09, 0x62, 0x00, 0x05, 0x29, 0x80, 0x2b, 0x0b, 0x00, 0xff,
  0x88, 0x08, 0x03, 0xfe, 0x10, 0x70, 0x0f, 0xe2, 0x20, 0x01, 0x88, 0xb8, 0x02, 0x5d, 0xd0, 0x02,
  0xb7, 0x78, 0x40, 0x09, 0x54, 0x00, 0x45, 0x57, 0x08, 0x00, 0x55, 0x40, 0x04, 0x55, 0xe0, 0x0f,
  0xff, 0x0a, 0xff, 0x80, 0x19, 0xff, 0xf4, 0x00, 0x7f, 0xf0, 0x80, 0x3c, 0x1f, 0x7b, 0xc2, 0x14,
  0x03, 0xf8, 0x6c, 0x44, 0xf4, 0xa0, 0xb5, 0x97, 0x02, 0x2c, 0x46, 0x1c, 0x0a, 0xda, 0x53, 0x47,
  0xef, 0x26, 0x70, 0x3a, 0x02, 0x5c, 0xfe, 0x91, 0x12, 0x48, 0x05, 0x81, 0x14, 0x60, 0x2d, 0x82,
  0x82, 0x01, 0x31, 0x38, 0x07, 0x14, 0x03, 0x00, 0x0c, 0x14, 0x03, 0xe7, 0x0d, 0x00, 0xff, 0xe0,
  0x08, 0x06, 0x20, 0x30, 0x0f, 0x90, 0x08, 0x00, 0x28, 0x90, 0x07, 0xa4, 0x28, 0x02, 0x80, 0xb6,
  0x00, 0x8b, 0x09, 0x48, 0x00, 0x3e, 0x00, 0x9f, 0xcd, 0xd1, 0x82, 0xa0, 0x0e, 0x9a, 0xeb, 0x11,
  0x92, 0x5d, 0x82, 0xd0, 0x41, 0x68, 0xa7, 0x7f, 0xd6, 0x88, 0xb0, 0x70, 0xca, 0x00, 0xfe, 0x4e,
  0x30, 0x43, 0xe0, 0x8c, 0x02, 0xfe, 0x40, 0x3f, 0x87, 0xbd, 0x02, 0x41, 0x90, 0x03, 0xf5, 0x8b,
  0x20, 0x14, 0x85, 0x08, 0x07, 0x95, 0x43, 0x20, 0x13, 0x20, 0xd8, 0x07, 0x0d, 0x85, 0x00, 0x75,
  0x0a, 0xa8, 0x03, 0x58, 0xba, 0x00, 0x70, 0xd8, 0x58, 0x80, 0x15, 0x45, 0x00, 0x1f, 0x2a, 0x86,
  0xc0, 0x68, 0x38, 0x03, 0xfa, 0x85, 0x55, 0x41, 0x06, 0x01, 0xfe, 0xa0, 0xa4, 0x26, 0x00, 0xfd,
  0xff, 0x58, 0x04, 0x5d, 0xfe, 0x80, 0x0e, 0xcc, 0xd0, 0x03, 0x99, 0xa4, 0x03, 0x8c, 0xf1, 0x01,
  0x9f, 0x08, 0x07, 0x7f, 0xea, 0x02, 0xff, 0xd0, 0x01, 0xd9, 0x9a, 0x00, 0x73, 0x34, 0x80, 0x71,
  0x9e, 0x20, 0x33, 0xe1, 0x00, 0xff, 0xe3, 0x80, 0x1c, 0x5c, 0x1d, 0x6f, 0xd0, 0x03, 0xff, 0x8c,
  0x44, 0x79, 0xd3, 0x00, 0xff, 0xe0, 0x4e, 0x99, 0x11, 0xc0, 0x3f, 0xf8, 0xc0, 0x2c, 0x1e, 0x5c,
  0x80, 0x27, 0xcf, 0xf7, 0x5a, 0x80, 0x07, 0x60, 0xcf, 0x25, 0x18, 0x49, 0x37, 0xe6, 0x37, 0x50,
  0x60, 0x61, 0x40, 0x18, 0x9c, 0x00, 0x41, 0x40, 0x1f, 0xac, 0x5b, 0xa5, 0x44, 0x03, 0x08, 0x04,
  0xd5, 0xd4, 0x20, 0x0d, 0x1c, 0xee, 0x49, 0x2e, 0x81, 0x0a, 0x18, 0x0b, 0x69, 0x19, 0x00, 0x18,
  0x03, 0x9c, 0x04, 0x8c, 0xb5, 0x88, 0x0d, 0x44, 0xc3, 0x58, 0xa7, 0x7b, 0x02, 0x80, 0x03, 0x3f,
  0x6c, 0x60, 0x06, 0x00, 0xe4, 0x9d, 0x70, 0x80, 0x0f, 0xd4, 0x0c, 0x00, 0xc5, 0x00, 0xd4, 0x0a,
  0x06, 0x6a, 0xfc, 0xbe, 0x71, 0x80, 0x3d, 0x62, 0x34, 0x37, 0xf1, 0x00, 0x34, 0x6e, 0x38, 0xc1,
  0x00, 0x24, 0x17, 0xb9, 0x06, 0xbb, 0x10, 0x78, 0x28, 0x10, 0x48, 0x20, 0x84, 0x00, 0x31, 0x46,
  0x76, 0xdb, 0x88, 0x07, 0xd3, 0x81, 0xff, 0xb7, 0xd8, 0x03, 0xac, 0xfa, 0x0c, 0x49, 0x2b, 0x2d,
  0xc0, 0x29, 0x1a, 0x00, 0x23, 0xb9, 0x00, 0xb2, 0x50, 0x09, 0xec, 0x0b, 0x6e, 0x21, 0x78, 0x22,
  0xb9, 0x0a, 0x61, 0x0f, 0x29, 0xff, 0x49, 0x28, 0x29, 0x99, 0x30, 0x14, 0xa1, 0x80, 0x0d, 0xc8,
  0x00, 0x74, 0x25, 0x0c, 0x05, 0x00, 0xfd, 0xdc, 0x00, 0xff, 0xe2, 0x11, 0x03, 0x01, 0x40, 0x3f,
  0x77, 0x16, 0xc1, 0x4a, 0x18, 0x00, 0xdc, 0x80, 0x04, 0x45, 0x30, 0x03, 0xca, 0x7f, 0xd2, 0x4a,
  0x0a, 0x06, 0x64, 0x90, 0x2d, 0xb8, 0x85, 0xe0, 0x8a, 0xe4, 0x01, 0x69, 0x20, 0x04, 0x77, 0x20,
  0x16, 0x4a, 0x00, 0x07, 0x0b, 0x58, 0x80, 0x07, 0x39, 0x6e, 0x01, 0x86, 0xe7, 0x31, 0xfe, 0xe1,
  0xf6, 0x00, 0x80, 0x24, 0x0a, 0x41, 0xc1, 0x6f, 0xfd, 0xaa, 0x00, 0xcc, 0xcf, 0x44, 0x12, 0xe6,
  0x6b, 0x04, 0x05, 0xdf, 0xf7, 0x00, 0x8a, 0x97, 0xfd, 0xc0, 0x1f, 0x40, 0x00, 0x69, 0x7f, 0x84,
  0x00, 0x2c, 0x22, 0x52, 0x40, 0x29, 0x80, 0x03, 0xc8, 0x80, 0x25, 0xb4, 0x1a, 0x04, 0x40, 0xac,
  0xc5, 0x29, 0x38, 0x02, 0xa2, 0x90, 0xf0, 0xe0, 0x07, 0x07, 0x04, 0x14, 0x10, 0x02, 0x82, 0x82,
  0xc2, 0xc0, 0x26, 0x56, 0x43, 0x83, 0x80, 0x0a, 0x8a, 0x85, 0xd1, 0xd0, 0x02, 0xe1, 0xa0, 0xa1,
  0xa1, 0x34, 0x23, 0x59, 0x9b, 0x33, 0xf9, 0x38, 0xcf, 0xf8, 0x63, 0xff, 0xe7, 0x00, 0xff, 0xeb,
  0x80, 0x48, 0x20, 0x84, 0x00, 0x31, 0x46, 0x76, 0xdb, 0x88, 0x07, 0xd3, 0x81, 0xff, 0xb7, 0xd8,
  0x03, 0xac, 0xfa, 0x0c, 0x49, 0x2b, 0x2d, 0xc0, 0x29, 0x1a, 0x00, 0xf8, 0xb2, 0x50, 0x09, 0xec,
  0x13, 0xff, 0x74, 0x00, 0xdc, 0x85, 0x30, 0x80, 0x55, 0x97, 0x2f, 0x00, 0xa6, 0x64, 0xc0, 0x0c,
  0xe6, 0x8e, 0x88, 0x00, 0x3a, 0x12, 0x80, 0x61, 0x00, 0x22, 0x14, 0x01, 0xdc, 0x00, 0xf6, 0x7f,
  0xad, 0x20, 0x03, 0x11, 0x00, 0x35, 0x64, 0x84, 0x08, 0x03, 0xb8, 0xb6, 0x01, 0x98, 0xd9, 0x78,
  0x02, 0x44, 0x53, 0x00, 0x7d, 0x04, 0xc0, 0xa0, 0x66, 0x49, 0x05, 0xa2, 0x00, 0x16, 0x10, 0xdc,
  0x80, 0x2d, 0x24, 0x54, 0x40, 0x23, 0x6c, 0x94, 0x00, 0x0e, 0x16, 0xb1, 0x00, 0x0e, 0x72, 0xdc,
  0x03, 0x0d, 0xce, 0x63, 0xfd, 0xc3, 0xec, 0x01, 0x00, 0x34, 0x6e, 0x40, 0xc4, 0x7e, 0x0e, 0xef,
  0x8e, 0xef, 0xe3, 0x24, 0x08, 0x4a, 0x00, 0x0b, 0xbf, 0xce, 0x01, 0x2d, 0x53, 0x2e, 0x60, 0x01,
  0x10, 0x73, 0x5a, 0x71, 0x02, 0x40, 0x09, 0x00, 0x80, 0x54, 0x02, 0x30, 0x20, 0x98, 0x40, 0x3e,
  0x41, 0x07, 0x6b, 0xfc, 0x7b, 0x00, 0xa3, 0xf3, 0xa8, 0x00, 0x34, 0x20, 0x5b, 0x80, 0x32, 0x41,
  0x00, 0x7e, 0xc7, 0x70, 0x07, 0xff, 0x39, 0xb3, 0x26, 0x08, 0xcc, 0x93, 0x8c, 0xe1, 0x02, 0x33,
  0x86, 0x3f, 0xe7, 0x0a, 0xff, 0x94, 0x03, 0xff, 0x9d, 0xe2, 0x20, 0x0f, 0xcf, 0xc8, 0x01, 0xff,
  0xc3, 0x6c, 0xcf, 0xe4, 0xe3, 0x3f, 0xe1, 0x24, 0x07, 0x4a, 0x81, 0x2f, 0xfd, 0xd0, 0x00, 0x2b,
  0x79, 0xa7, 0x74, 0x01, 0x66, 0x19, 0x65, 0x58, 0x00, 0x60, 0x19, 0x8c, 0x03, 0xcc, 0x76, 0x01,
  0xcd, 0x2c, 0xc0, 0x0c, 0xd2, 0xd2, 0x01, 0x9e, 0x5e, 0x40, 0x33, 0xc1, 0xe2, 0x24, 0x21, 0x00,
  0x77, 0x79, 0x00, 0x24, 0x07, 0x4a, 0x8b, 0xff, 0xe0, 0x2b, 0xbc, 0xe0, 0xe0, 0x04, 0x49, 0x98,
  0xb0, 0x01, 0x87, 0x16, 0x80, 0x3a, 0x45, 0x2c, 0xc0, 0x34, 0xe5, 0x36, 0x88, 0x04, 0x26, 0xbc,
  0x28, 0x04, 0x01, 0x9c, 0x04, 0xf6, 0x99, 0x5e, 0x89, 0x0e, 0x5a, 0x6a, 0x5f, 0x00, 0x34, 0x8e,
  0x38, 0xc0, 0x28, 0xfd, 0x20, 0x04, 0x3a, 0x61, 0x04, 0x3b, 0xac, 0x40, 0x3c, 0x5c, 0x5c, 0x3f,
  0xc2, 0x01, 0xc5, 0xfe, 0x00, 0xff, 0xfc, 0x18, 0x07, 0x30, 0x06, 0x50, 0x0e, 0xe0, 0x0d, 0x08,
  0x01, 0x42, 0x80, 0x75, 0xf6, 0xfb, 0xa0, 0x06, 0xb5, 0x02, 0x24, 0x58, 0x06, 0x5a, 0xef, 0xd7,
  0x0f, 0xf0, 0x07, 0xff, 0x54, 0x38, 0x1e, 0x64, 0xc0, 0x0d, 0x9f, 0xff, 0x82, 0xa4, 0xc0, 0x02,
  0x89, 0x00, 0x11, 0x40, 0x31, 0x5d, 0xc4, 0x18, 0x01, 0xff, 0xcb, 0xc0, 0x0f, 0xf9, 0x14, 0x03,
  0xfe, 0xa9, 0x30, 0x0f, 0xf3, 0x67, 0x80, 0x7f, 0xff, 0xc0, 0x3f, 0xfc, 0x28, 0x80, 0x09, 0x54,
  0x18, 0x25, 0x21, 0x00, 0x31, 0xff, 0x15, 0x80, 0xa5, 0x09, 0x38, 0x34, 0x9a, 0x29, 0x80, 0xbc,
  0x40, 0x08, 0x10, 0x20, 0xf6, 0xf6, 0x40, 0xa6, 0x33, 0xdc, 0x38, 0xbd, 0xd7, 0x18, 0x24, 0x27,
  0x42, 0x83, 0xfe, 0xe0, 0x0d, 0x76, 0x30, 0x0e, 0x44, 0x30, 0x07, 0xff, 0x80, 0x51, 0x0c, 0x08,
  0x80, 0x2b, 0xb1, 0x8d, 0xd8, 0x80, 0x24, 0x09, 0x4a, 0x00, 0x0f, 0xbf, 0xd2, 0x20, 0x09, 0x85,
  0xb8, 0x7d, 0x02, 0x68, 0x82, 0x35, 0x1a, 0x30, 0x20, 0x04, 0x80, 0x6c, 0x0c, 0x01, 0x10, 0x11,
  0x12, 0xd0, 0x4f, 0xc5, 0x42, 0x92, 0xfb, 0x07, 0x00, 0x03, 0x5d, 0x9b, 0x84, 0x00, 0x2c, 0x02,
  0x5a, 0x42, 0x60, 0x00, 0xf2, 0x20, 0x1b, 0x9d, 0xc0, 0x6d, 0x40, 0x19, 0xd2, 0x0d, 0x1d, 0x1c,
  0x03, 0x50, 0xe8, 0xc1, 0xc1, 0x80, 0x43, 0x63, 0x61, 0xc1, 0xc0, 0x1b, 0x83, 0x81, 0x42, 0x80,
  0x27, 0x47, 0x43, 0x84, 0x70, 0x01, 0xc1, 0xc0, 0xe8, 0xd0, 0x05, 0xc3, 0xc1, 0x63, 0x42, 0x00,
  0x5c, 0x3f, 0xb4, 0x40, 0x3f, 0xf9, 0x7f, 0xf7, 0x00, 0x7f, 0x4f, 0x90, 0x07, 0xb3, 0x06, 0x01,
  0xfc, 0x8d, 0x24, 0x01, 0xe3, 0x33, 0x00, 0x7e, 0x1a, 0x46, 0x00, 0xff, 0xe3, 0x58, 0x50, 0x07,
  0xff, 0x19, 0x55, 0x62, 0x01, 0xff, 0xc5, 0x1b, 0x55, 0x00, 0x7f, 0xf1, 0xa8, 0x2c, 0x02, 0x1a,
  0x60, 0x0c, 0x23, 0x00, 0x88, 0x00, 0xc9, 0x42, 0x01, 0x52, 0x38, 0x04, 0x7d, 0xc4, 0x1e, 0xe1,
  0x12, 0x59, 0x00, 0x27, 0x4a, 0x10, 0x08, 0xee, 0xfc, 0x5c, 0x52, 0x01, 0x1c, 0x3a, 0x00, 0x72,
  0x27, 0x9c, 0xf8, 0x02, 0x1d, 0x48, 0x0d, 0x40, 0x0f, 0xc5, 0x0e, 0x60, 0x15, 0x04, 0x88, 0x88,
  0x82, 0x01, 0xf7, 0x94, 0x00, 0x46, 0x83, 0xbd, 0xc0, 0x9e, 0x20, 0x0e, 0x82, 0xf0, 0x0c, 0x79,
  0x9a, 0x81, 0xf0, 0x80, 0x31, 0xbc, 0x10, 0x07, 0x19, 0xe7, 0x0e, 0x30, 0x0e, 0x1c, 0x70, 0x0f,
  0xf1, 0x63, 0x80, 0x00, 0x5c, 0x3f, 0xac, 0x40, 0x3f, 0xf9, 0x5f, 0xf7, 0x00, 0x7f, 0x4f, 0x90,
  0x07, 0x66, 0x0c, 0x03, 0xf9, 0x1a, 0x48, 0x03, 0x8c, 0xcc, 0x01, 0xf8, 0x69, 0x18, 0x03, 0xff,
  0x8b, 0x61, 0x40, 0x1f, 0xfc, 0x55, 0x55, 0x88, 0x07, 0xff, 0x10, 0x6d, 0x54, 0x00, 0x10, 0x0f,
  0xfe, 0x15, 0x05, 0x95, 0x7f, 0x7e, 0x10, 0x00, 0x46, 0x01, 0x10, 0x01, 0x92, 0x87, 0xd2, 0x2e,
  0x4b, 0x00, 0xfb, 0x88, 0x3d, 0xc2, 0x24, 0xb2, 0x07, 0xe3, 0xa3, 0x58, 0x99, 0xae, 0xfc, 0x5c,
  0x52, 0x00, 0x22, 0x00, 0x58, 0x04, 0x08, 0x9e, 0x73, 0xe0, 0x0f, 0x9d, 0xa4, 0x40, 0x3c, 0x50,
  0xe6, 0x01, 0xe9, 0x89, 0x60, 0x0f, 0xbc, 0xa0, 0x03, 0xd6, 0xd6, 0xc0, 0x1f, 0x41, 0x78, 0x07,
  0x0e, 0x25, 0xa8, 0x88, 0x03, 0x8d, 0xe0, 0x80, 0x3a, 0xcc, 0x2f, 0xba, 0xa0, 0x0c, 0x38, 0xe0,
  0x1e, 0x8c, 0xcf, 0x40, 0x5c, 0x1f, 0xbc, 0x40, 0x3f, 0xf9, 0x65, 0xff, 0xf0, 0x07, 0xd3, 0xe4,
  0x01, 0xc5, 0x99, 0x9c, 0x20, 0x03, 0xc8, 0xd2, 0x40, 0x1e, 0x33, 0x85, 0xd9, 0xc0, 0x38, 0x69,
  0x18, 0x03, 0xf8, 0x71, 0x24, 0x03, 0xd6, 0x14, 0x01, 0xfe, 0x91, 0x4c, 0x30, 0x0c, 0xaa, 0xb1,
  0x00, 0xff, 0x4e, 0x58, 0x61, 0x00, 0x06, 0xd5, 0x40, 0x1f, 0xf0, 0x9a, 0x78, 0x38, 0x02, 0x82,
  0xc0, 0x34, 0xb0, 0x04, 0x36, 0xa4, 0x27, 0x00, 0xe0, 0xc9, 0x42, 0x01, 0x53, 0xa0, 0x06, 0x1a,
  0xde, 0xc5, 0xa2, 0x24, 0xb2, 0x00, 0x4c, 0xb4, 0x40, 0x10, 0xd7, 0xe5, 0xef, 0x28, 0x71, 0x48,
  0x04, 0x72, 0xe8, 0x01, 0xf1, 0xa1, 0x00, 0x1c, 0xf8, 0x02, 0x1e, 0x38, 0x0e, 0x50, 0x0f, 0xe2,
  0x87, 0x30, 0x0a, 0x8f, 0x84, 0x63, 0x10, 0x0f, 0xde, 0x50, 0x01, 0x1a, 0x0e, 0xf7, 0x02, 0x78,
  0x80, 0x3d, 0x05, 0xe0, 0x18, 0xf3, 0x35, 0x03, 0xe1, 0x00, 0x71, 0xbc, 0x10, 0x07, 0x19, 0xe7,
  0x0e, 0x30, 0x0f, 0x0e, 0x38, 0x07, 0xf8, 0xb1, 0xc0, 0x00, 0x34, 0x3c, 0x64, 0x00, 0x34, 0x7c,
  0x00, 0x7f, 0x30, 0x30, 0x07, 0xf4, 0x14, 0x00, 0x7f, 0x36, 0xb0, 0x07, 0xff, 0x26, 0x7a, 0x00,
  0x3f, 0x9c, 0x74, 0x03, 0xf5, 0x89, 0xa8, 0x07, 0xd8, 0x87, 0xa0, 0x1f, 0x59, 0x9b, 0x04, 0x03,
  0xc6, 0x81, 0xa0, 0x1f, 0x90, 0x10, 0x40, 0x3f, 0x08, 0x28, 0x07, 0x9d, 0x01, 0x00, 0x6c, 0xc0,
  0x07, 0x51, 0x64, 0x49, 0x04, 0xcf, 0xf6, 0x28, 0xd1, 0x03, 0x6b, 0x10, 0x92, 0x47, 0xa8, 0x00,
  0x43, 0xe0, 0x95, 0x00, 0x39, 0xbf, 0xc6, 0x01, 0xff, 0xc2, 0x6c, 0x1c, 0x30, 0x0f, 0xfe, 0x11,
  0xf9, 0xe1, 0x80, 0x7f, 0xf0, 0x87, 0x3c, 0xc0, 0x3f, 0xf8, 0x49, 0xfe, 0x50, 0x0f, 0xfe, 0x17,
  0x80, 0x24, 0x03, 0xff, 0x82, 0x48, 0x22, 0x33, 0x00, 0x7f, 0xf0, 0x2c, 0x1a, 0x42, 0x40, 0x3f,
  0xf8, 0x0c, 0x12, 0xc0, 0xa2, 0x01, 0xfe, 0x70, 0x41, 0x12, 0x84, 0x80, 0x7f, 0xa8, 0x3c, 0x01,
  0x20, 0xc0, 0x1f, 0xca, 0x44, 0x40, 0x01, 0x98, 0x58, 0x03, 0xf4, 0x85, 0x80, 0x69, 0x0b, 0x00,
  0xf8, 0xcc, 0x0c, 0x01, 0x94, 0x49, 0x00, 0x3d, 0x40, 0x0c, 0xcf, 0x08, 0x78, 0x07, 0x0b, 0x00,
  0x0c, 0xfc, 0x00, 0x42, 0x00, 0xcc, 0x09, 0xff, 0xf9, 0x42, 0xc0, 0x34, 0x87, 0x80, 0x7e, 0x90,
  0x61, 0x00, 0x28, 0x92, 0x00, 0x7e, 0x32, 0x06, 0x00, 0x48, 0x50, 0x07, 0xfa, 0xc2, 0x40, 0x43,
  0xe0, 0x95, 0x00, 0x3f, 0x8b, 0xbd, 0xc0, 0x3f, 0xf8, 0x25, 0x83, 0x6e, 0x01, 0xff, 0xc0, 0x2c,
  0x3d, 0x40, 0x0f, 0xfe, 0x09, 0x76, 0x90, 0x07, 0xff, 0x09, 0x3f, 0xca, 0x01, 0xff, 0xc2, 0xf0,
  0x04, 0x80, 0x7f, 0xf0, 0x49, 0x04, 0x46, 0x60, 0x0f, 0xfe, 0x05, 0x83, 0x48, 0x48, 0x07, 0xff,
  0x01, 0x82, 0x58, 0x14, 0x40, 0x3f, 0xce, 0x08, 0x22, 0x50, 0x90, 0x0f, 0xf5, 0x07, 0x80, 0x24,
  0x18, 0x03, 0xf9, 0x48, 0x88, 0x00, 0x33, 0x0b, 0x00, 0x7e, 0x90, 0xb0, 0x0d, 0x21, 0x60, 0x1f,
  0x19, 0x81, 0x80, 0x32, 0x89, 0x20, 0x07, 0xa8, 0x01, 0x99, 0xe1, 0x0f, 0x00, 0xe1, 0x60, 0x01,
  0x9f, 0x80, 0x08, 0x40, 0x19, 0x81, 0x3f, 0xff, 0x28, 0x58, 0x06, 0x90, 0xf0, 0x0f, 0xd2, 0x0c,
  0x20, 0x05, 0x12, 0x40, 0x0f, 0xc6, 0x40, 0xc0, 0x09, 0x0a, 0x00, 0xff, 0x58, 0x48, 0x00, 0x43,
  0xe0, 0x95, 0x00, 0x3e, 0x7f, 0xf4, 0x00, 0x7f, 0xf0, 0x5a, 0x11, 0x5e, 0x00, 0x3f, 0xe6, 0x96,
  0xba, 0x77, 0x80, 0x3f, 0xcd, 0xf2, 0x00, 0x8f, 0x70, 0x0f, 0xfe, 0x02, 0x7f, 0x94, 0x03, 0xff,
  0x85, 0xe0, 0x09, 0x00, 0xff, 0xe0, 0x92, 0x08, 0x8c, 0xc0, 0x1f, 0xfc, 0x0b, 0x06, 0x90, 0x90,
  0x0f, 0xfe, 0x03, 0x04, 0xb0, 0x28, 0x80, 0x7f, 0x9c, 0x10, 0x44, 0xa1, 0x20, 0x1f, 0xea, 0x0f,
  0x00, 0x48, 0x30, 0x07, 0xf2, 0x91, 0x10, 0x00, 0x66, 0x16, 0x00, 0xfd, 0x21, 0x60, 0x1a, 0x42,
  0xc0, 0x3e, 0x33, 0x03, 0x00, 0x65, 0x12, 0x40, 0x0f, 0x50, 0x03, 0x33, 0xc2, 0x1e, 0x01, 0xc2,
  0xc0, 0x03, 0x3f, 0x00, 0x10, 0x80, 0x33, 0x02, 0x7f, 0xfe, 0x50, 0xb0, 0x0d, 0x21, 0xe0, 0x1f,
  0xa4, 0x18, 0x40, 0x0a, 0x24, 0x80, 0x1f, 0x8c, 0x81, 0x80, 0x12, 0x14, 0x01, 0xfe, 0xb0, 0x90,
  0x43, 0xe0, 0x95, 0x40, 0x3e, 0x10, 0x0c, 0x40, 0x1f, 0xe1, 0xde, 0xb0, 0x02, 0xe8, 0x07, 0xfa,
  0x0e, 0x9b, 0x0f, 0x8c, 0x03, 0xfc, 0xf2, 0xb8, 0x18, 0x90, 0x01, 0xfe, 0xa6, 0x01, 0xcb, 0xd4,
  0x00, 0xff, 0x20, 0xa7, 0xf8, 0x48, 0x03, 0xff, 0x83, 0xe0, 0x09, 0x00, 0xff, 0xe0, 0x92, 0x08,
  0x8c, 0xc0, 0x1f, 0xfc, 0x0b, 0x06, 0x90, 0x90, 0x0f, 0xfe, 0x03, 0x04, 0xb0, 0x28, 0x80, 0x7f,
  0x9c, 0x10, 0x44, 0xa1, 0x20, 0x1f, 0xea, 0x0f, 0x00, 0x48, 0x30, 0x07, 0xf2, 0x91, 0x10, 0x00,
  0x66, 0x16, 0x00, 0xfd, 0x21, 0x60, 0x1a, 0x42, 0xc0, 0x3e, 0x33, 0x03, 0x00, 0x65, 0x12, 0x40,
  0x0f, 0x50, 0x03, 0x33, 0xc2, 0x1e, 0x01, 0xc2, 0xc0, 0x03, 0x3f, 0x00, 0x10, 0x80, 0x33, 0x02,
  0x7f, 0xfe, 0x50, 0xb0, 0x0d, 0x21, 0xe0, 0x1f, 0xa4, 0x18, 0x40, 0x0a, 0x24, 0x80, 0x1f, 0x8c,
  0x81, 0x80, 0x12, 0x14, 0x01, 0xfe, 0xb0, 0x90, 0x43, 0xe0, 0x95, 0x00, 0x3d, 0xba, 0x00, 0x67,
  0x08, 0x07, 0xfc, 0x44, 0x10, 0x21, 0x30, 0x0f, 0xfb, 0x74, 0x21, 0x98, 0x20, 0x0f, 0xf8, 0x88,
  0x00, 0x23, 0x00, 0xff, 0xe0, 0xa7, 0xf9, 0x40, 0x3f, 0xf8, 0x5e, 0x00, 0x90, 0x0f, 0xfe, 0x09,
  0x20, 0x88, 0xcc, 0x01, 0xff, 0xc0, 0xb0, 0x69, 0x09, 0x00, 0xff, 0xe0, 0x30, 0x4b, 0x02, 0x88,
  0x07, 0xf9, 0xc1, 0x04, 0x4a, 0x12, 0x01, 0xfe, 0xa0, 0xf0, 0x04, 0x83, 0x00, 0x7f, 0x29, 0x11,
  0x00, 0x06, 0x61, 0x60, 0x0f, 0xd2, 0x16, 0x01, 0xa4, 0x2c, 0x03, 0xe3, 0x30, 0x30, 0x06, 0x51,
  0x24, 0x00, 0xf5, 0x00, 0x33, 0x3c, 0x21, 0xe0, 0x1c, 0x2c, 0x00, 0x33, 0xf0, 0x01, 0x08, 0x03,
  0x30, 0x27, 0xff, 0xe5, 0x0b, 0x00, 0xd2, 0x1e, 0x01, 0xfa, 0x41, 0x84, 0x00, 0xa2, 0x48, 0x01,
  0xf8, 0xc8, 0x18, 0x01, 0x21, 0x40, 0x1f, 0xeb, 0x09, 0x00, 0x43, 0xe0, 0x95, 0x80, 0x3e, 0x6e,
  0xe3, 0x80, 0x7f, 0xf0, 0x4a, 0xf3, 0xe8, 0xc0, 0x3f, 0xf8, 0x08, 0xe4, 0x2a, 0x80, 0x1f, 0xfc,
  0x04, 0x71, 0x12, 0xa0, 0x07, 0xff, 0x00, 0xa3, 0xfd, 0x66, 0x01, 0xff, 0xc1, 0x5e, 0xe3, 0x00,
  0x7f, 0xf0, 0x93, 0xfc, 0xa0, 0x1f, 0xfc, 0x2f, 0x00, 0x48, 0x07, 0xff, 0x04, 0x90, 0x44, 0x66,
  0x00, 0xff, 0xe0, 0x58, 0x34, 0x84, 0x80, 0x7f, 0xf0, 0x18, 0x25, 0x81, 0x44, 0x03, 0xfc, 0xe0,
  0x82, 0x25, 0x09, 0x00, 0xff, 0x50, 0x78, 0x02, 0x41, 0x80, 0x3f, 0x94, 0x88, 0x80, 0x03, 0x30,
  0xb0, 0x07, 0xe9, 0x0b, 0x00, 0xd2, 0x16, 0x01, 0xf1, 0x98, 0x18, 0x03, 0x28, 0x92, 0x00, 0x7a,
  0x80, 0x19, 0x9e, 0x10, 0xf0, 0x0e, 0x16, 0x00, 0x19, 0xf8, 0x00, 0x84, 0x01, 0x98, 0x13, 0xff,
  0xf2, 0x85, 0x80, 0x69, 0x0f, 0x00, 0xfd, 0x20, 0xc2, 0x00, 0x51, 0x24, 0x00, 0xfc, 0x64, 0x0c,
  0x00, 0x90, 0xa0, 0x0f, 0xf5, 0x84, 0x80, 0x5f, 0xe0, 0xbc, 0x00, 0x3f, 0x8b, 0xff, 0xff, 0x81,
  0x00, 0x1f, 0xd2, 0x01, 0xff, 0xc0, 0xf0, 0x0f, 0xc8, 0x82, 0x90, 0x3f, 0xff, 0xce, 0x01, 0xfa,
  0x42, 0x00, 0x3f, 0xf8, 0xec, 0x46, 0xa0, 0x1f, 0xfc, 0x61, 0x80, 0xf0, 0x0f, 0xfe, 0x3c, 0x0a,
  0x98, 0x07, 0xff, 0x18, 0x98, 0x2c, 0x03, 0x1f, 0x77, 0xce, 0x01, 0xe9, 0x08, 0x10, 0x0e, 0x11,
  0xfb, 0xc0, 0x39, 0x10, 0x2e, 0x01, 0xc7, 0xff, 0xf4, 0x00, 0x74, 0x80, 0x33, 0x34, 0x00, 0x7f,
  0xf0, 0x98, 0x80, 0x4c, 0xf0, 0x80, 0x7f, 0xf0, 0x46, 0x03, 0x3f, 0xfa, 0x40, 0x3f, 0xf8, 0x30,
  0x2a, 0x60, 0x1f, 0xfc, 0x62, 0x60, 0x80, 0x0f, 0xc7, 0xff, 0xfb, 0x02, 0x41, 0xc8, 0x03, 0xff,
  0x8c, 0x40, 0x3a, 0x7d, 0x80, 0x31, 0xce, 0xff, 0xba, 0xd4, 0x03, 0xd3, 0x8c, 0x40, 0x01, 0x4a,
  0xd2, 0x00, 0xb1, 0x81, 0x6f, 0xfd, 0xb2, 0x44, 0xf0, 0x04, 0x98, 0x5d, 0x20, 0x00, 0x9b, 0x5b,
  0xc0, 0xd8, 0x29, 0x00, 0x3e, 0x92, 0x0a, 0x03, 0x50, 0x0f, 0xf9, 0x42, 0x80, 0x3f, 0xf8, 0x04,
  0x04, 0x01, 0xff, 0xcf, 0x20, 0x20, 0x0f, 0xfe, 0x02, 0x85, 0x00, 0x7f, 0xf0, 0x28, 0x0d, 0x00,
  0x3f, 0xe3, 0x60, 0xb4, 0x00, 0xfa, 0x48, 0x01, 0x26, 0x17, 0x46, 0x00, 0x16, 0xd6, 0xf0, 0x0b,
  0x14, 0x17, 0x3f, 0xdd, 0x24, 0x4f, 0x00, 0xd5, 0x8c, 0x40, 0x01, 0x4a, 0xd2, 0x00, 0xe3, 0x9d,
  0x48, 0xeb, 0x50, 0x0f, 0xf2, 0x44, 0x00, 0x3f, 0xf8, 0x1f, 0x0e, 0x40, 0x1f, 0xe3, 0x00, 0xff,
  0xe0, 0xa6, 0x7c, 0x39, 0x00, 0x7f, 0x27, 0x67, 0x40, 0x07, 0x00, 0x3c, 0x40, 0x65, 0x00, 0x15,
  0xfa, 0x20, 0x1f, 0xaa, 0x0b, 0x04, 0x03, 0xf3, 0xd9, 0xe0, 0x80, 0x7e, 0x4e, 0xd1, 0x00, 0xd7,
  0xff, 0xfe, 0x20, 0x0f, 0xfe, 0x13, 0xff, 0xfe, 0x20, 0x0f, 0xff, 0x33, 0xf7, 0x7c, 0x60, 0x18,
  0x47, 0xe0, 0x0c, 0xff, 0xff, 0x18, 0x07, 0xff, 0x9d, 0xff, 0xff, 0x38, 0x07, 0xff, 0x00, 0x3c,
  0x40, 0x65, 0x00, 0x3c, 0xdf, 0xc6, 0x01, 0xf3, 0x49, 0xf9, 0x80, 0x79, 0xa5, 0x70, 0x40, 0x3e,
  0x6f, 0xa0, 0x0e, 0xbf, 0xff, 0xf1, 0x00, 0x7f, 0xf0, 0x9f, 0xff, 0xf1, 0x00, 0x7f, 0xf9, 0x9f,
  0xbb, 0xe3, 0x00, 0xc2, 0x3f, 0x00, 0x67, 0xff, 0xf8, 0xc0, 0x3f, 0xfc, 0xef, 0xff, 0xf9, 0xc0,
  0x3f, 0xf8, 0x00, 0x3c, 0x40, 0x65, 0x00, 0x35, 0xff, 0x90, 0x03, 0xeb, 0x47, 0x2b, 0x40, 0x0e,
  0xb4, 0xa8, 0xc4, 0xb3, 0x00, 0xd7, 0xea, 0x03, 0x7e, 0x60, 0x0b, 0xff, 0xff, 0x10, 0x07, 0xff,
  0x09, 0xff, 0xff, 0x10, 0x07, 0xff, 0x99, 0xfb, 0xbe, 0x30, 0x0c, 0x23, 0xf0, 0x06, 0x7f, 0xff,
  0x8c, 0x03, 0xff, 0xce, 0xff, 0xff, 0x9c, 0x03, 0xff, 0x80, 0x3c, 0x40, 0x65, 0x00, 0x07, 0xf0,
  0x05, 0xd4, 0x01, 0xcc, 0x06, 0x02, 0x27, 0x00, 0xe5, 0xca, 0x03, 0xcc, 0x00, 0x78, 0xc4, 0x00,
  0x62, 0x01, 0x5f, 0xff, 0xf8, 0x80, 0x3f, 0xf8, 0x4f, 0xff, 0xf8, 0x80, 0x3f, 0xfc, 0xcf, 0xdd,
  0xf1, 0x80, 0x61, 0x1f, 0x80, 0x33, 0xff, 0xfc, 0x60, 0x1f, 0xfe, 0x77, 0xff, 0xfc, 0xe0, 0x1f,
  0xfc, 0x00, 0x1f, 0xe0, 0x3d, 0x0b, 0x7e, 0x00, 0x22, 0xc4, 0x78, 0x00, 0x86, 0xdd, 0xd0, 0x01,
  0xa3, 0xe0, 0x03, 0x5f, 0xc0, 0x07, 0xff, 0xfc, 0x03, 0xff, 0xa6, 0x1c, 0x20, 0x3d, 0x00, 0x2b,
  0xfb, 0x10, 0x05, 0xa3, 0x58, 0x85, 0xa4, 0xc8, 0x02, 0xbf, 0x60, 0x0d, 0x7f, 0x00, 0x1f, 0xff,
  0xf0, 0x0f, 0xfe, 0xa8, 0x1f, 0xe0, 0x4d, 0x00, 0x05, 0xdf, 0xa2, 0x01, 0x16, 0x04, 0x16, 0x08,
  0x16, 0x1e, 0x3e, 0x1e, 0x81, 0x76, 0x90, 0x1f, 0x60, 0x06, 0xbf, 0x80, 0x0f, 0xff, 0xf8, 0x07,
  0xff, 0xcc, 0x1c, 0x00, 0x3d, 0x23, 0xd0, 0x1b, 0xd4, 0x80, 0x83, 0xc0, 0xaa, 0xd8, 0x26, 0xdc,
  0x10, 0x02, 0x40, 0x0a, 0xfe, 0x00, 0x3f, 0xff, 0xe0, 0x1f, 0xfd, 0x40, 0x48, 0x00, 0x94, 0x00,
  0x11, 0xff, 0xf7, 0x52, 0x80, 0x7f, 0xf0, 0xc5, 0x6b, 0x4c, 0x03, 0xe4, 0xff, 0xed, 0x91, 0x2c,
  0x40, 0x0f, 0xfe, 0x01, 0x37, 0x20, 0x58, 0x80, 0x7f, 0xf0, 0xac, 0x82, 0x00, 0x3f, 0xf8, 0x76,
  0x0c, 0x01, 0xff, 0xc3, 0x70, 0x01, 0x67, 0xb8, 0x27, 0xfe, 0x00, 0xe1, 0x10, 0x32, 0x98, 0x80,
  0x0c, 0xf0, 0x07, 0x84, 0x01, 0x38, 0xc0, 0x99, 0x98, 0x03, 0x84, 0x00, 0xc0, 0x1f, 0xfc, 0x27,
  0x00, 0x10, 0x07, 0xff, 0x0a, 0xc1, 0x80, 0x3f, 0xf8, 0x56, 0x41, 0x00, 0x1f, 0xf1, 0x37, 0x20,
  0x58, 0x80, 0x72, 0x7f, 0xf6, 0xc8, 0x96, 0x20, 0x07, 0xff, 0x00, 0x56, 0xb4, 0xc0, 0x20, 0x48,
  0x40, 0x75, 0x40, 0x38, 0x40, 0x30, 0x80, 0x78, 0xfb, 0x94, 0x00, 0x7c, 0x00, 0xf7, 0x9c, 0xa5,
  0x15, 0x38, 0x07, 0x8e, 0x1b, 0x13, 0x4a, 0x00, 0x3d, 0x48, 0x05, 0xd7, 0xc4, 0x01, 0x5f, 0xc2,
  0x88, 0x04, 0x82, 0x15, 0xf0, 0x00, 0x74, 0x00, 0xff, 0xe0, 0xd9, 0x00, 0x7f, 0xf0, 0x7c, 0x03,
  0xfe, 0x20, 0x2a, 0x00, 0xff, 0x2b, 0x82, 0xb8, 0x07, 0xfa, 0x10, 0x21, 0x00, 0x3f, 0xd4, 0x21,
  0x42, 0x01, 0xfc, 0x3a, 0x03, 0xa0, 0x1f, 0xe3, 0x90, 0x39, 0x00, 0xff, 0x33, 0x01, 0x98, 0x01,
  0xfe, 0x93, 0x09, 0x70, 0x0f, 0xf6, 0x88, 0x10, 0x07, 0xf8, 0x74, 0x03, 0xff, 0x82, 0x70, 0x01,
  0xff, 0xc1, 0x75, 0x00, 0x00, 0x48, 0x20, 0x8d, 0x00, 0x31, 0xf7, 0xb0, 0x07, 0xff, 0x04, 0xfc,
  0xe5, 0x80, 0x3f, 0xf8, 0x23, 0x8b, 0x2c, 0x01, 0xff, 0xc2, 0xaf, 0x60, 0x0f, 0xf8, 0xa7, 0x7f,
  0xdd, 0x6c, 0x01, 0xfa, 0x75, 0x88, 0x00, 0x29, 0x3c, 0x80, 0x1d, 0x8c, 0x0b, 0x7f, 0xed, 0x92,
  0x1b, 0x50, 0x0a, 0x4c, 0x2e, 0x90, 0x00, 0x4d, 0xa8, 0x14, 0x40, 0x4c, 0x14, 0x80, 0x1f, 0x59,
  0x04, 0x05, 0x81, 0xa8, 0x07, 0xf4, 0x82, 0x8a, 0x85, 0x00, 0x7f, 0x90, 0x00, 0xa4, 0x04, 0x01,
  0xff, 0x18, 0x10, 0x07, 0xff, 0x14, 0x80, 0x80, 0x3f, 0xe3, 0x02, 0x50, 0xa0, 0x0f, 0xf2, 0x00,
  0x16, 0xc0, 0xd4, 0x03, 0xfa, 0x41, 0x44, 0x98, 0x29, 0x00, 0x3e, 0xa2, 0x08, 0x00, 0x49, 0x85,
  0xc9, 0x80, 0x05, 0xb5, 0x42, 0x88, 0x02, 0xc6, 0x06, 0xcf, 0xf7, 0x49, 0x0d, 0xa8, 0x07, 0x4e,
  0xb1, 0x00, 0x05, 0x27, 0x90, 0x02, 0x48, 0x20, 0x8d, 0x00, 0x3f, 0x0e, 0xfd, 0x00, 0x7f, 0xf0,
  0x07, 0x0a, 0x28, 0x03, 0xfe, 0x1c, 0x3b, 0x70, 0x0f, 0xfe, 0x00, 0xef, 0x20, 0x07, 0xfc, 0x53,
  0xbf, 0xee, 0xb6, 0x00, 0xfd, 0x3a, 0xc4, 0x00, 0x14, 0x9e, 0x40, 0x0e, 0xc6, 0x05, 0xbf, 0xf6,
  0xc9, 0x0d, 0xa8, 0x05, 0x26, 0x17, 0x48, 0x00, 0x26, 0xd4, 0x0a, 0x20, 0x26, 0x0a, 0x40, 0x0f,
  0xac, 0x82, 0x02, 0xc0, 0xd4, 0x03, 0xfa, 0x41, 0x45, 0x42, 0x80, 0x3f, 0xc8, 0x00, 0x52, 0x02,
  0x00, 0xff, 0x8c, 0x08, 0x03, 0xff, 0x8a, 0x40, 0x40, 0x1f, 0xf1, 0x81, 0x28, 0x50, 0x07, 0xf9,
  0x00, 0x0b, 0x60, 0x6a, 0x01, 0xfd, 0x20, 0xa2, 0x4c, 0x14, 0x80, 0x1f, 0x51, 0x04, 0x00, 0x24,
  0xc2, 0xe4, 0xc0, 0x02, 0xda, 0xa1, 0x44, 0x01, 0x63, 0x03, 0x67, 0xfb, 0xa4, 0x86, 0xd4, 0x03,
  0xa7, 0x58, 0x80, 0x02, 0x93, 0xc8, 0x01, 0x00, 0x48, 0x20, 0x8d, 0x00, 0x3c, 0x9f, 0xeb, 0x00,
  0xff, 0xe0, 0x25, 0x93, 0xa5, 0x80, 0x7f, 0x8e, 0xd3, 0x22, 0x92, 0xc0, 0x3f, 0x8f, 0xec, 0x41,
  0x7e, 0xc0, 0x3f, 0x8a, 0x77, 0xfd, 0xd6, 0xc0, 0x1f, 0xa7, 0x58, 0x80, 0x02, 0x93, 0xc8, 0x01,
  0xd8, 0xc0, 0xb7, 0xfe, 0xd9, 0x21, 0xb5, 0x00, 0xa4, 0xc2, 0xe9, 0x00, 0x04, 0xda, 0x81, 0x44,
  0x04, 0xc1, 0x48, 0x01, 0xf5, 0x90, 0x40, 0x58, 0x1a, 0x80, 0x7f, 0x48, 0x28, 0xa8, 0x50, 0x07,
  0xf9, 0x00, 0x0a, 0x40, 0x40, 0x1f, 0xf1, 0x81, 0x00, 0x7f, 0xf1, 0x48, 0x08, 0x03, 0xfe, 0x30,
  0x25, 0x0a, 0x00, 0xff, 0x20, 0x01, 0x6c, 0x0d, 0x40, 0x3f, 0xa4, 0x14, 0x49, 0x82, 0x90, 0x03,
  0xea, 0x20, 0x80, 0x04, 0x98, 0x5c, 0x98, 0x00, 0x5b, 0x54, 0x28, 0x80, 0x2c, 0x60, 0x6c, 0xff,
  0x74, 0x90, 0xda, 0x80, 0x74, 0xeb, 0x10, 0x00, 0x52, 0x79, 0x00, 0x20, 0x48, 0x20, 0x8d, 0x40,
  0x3c, 0x20, 0x18, 0x80, 0x3f, 0xd7, 0xda, 0x40, 0x5a, 0x60, 0x1f, 0x99, 0x25, 0xb0, 0xec, 0x0c,
  0x03, 0xf6, 0x23, 0x5a, 0x63, 0x40, 0x07, 0xf4, 0xc8, 0x01, 0x59, 0x87, 0x00, 0xfe, 0x1b, 0xdf,
  0xf6, 0xc3, 0x00, 0x7e, 0x9d, 0x62, 0x00, 0x0a, 0x4f, 0x20, 0x07, 0x63, 0x02, 0xdf, 0xfb, 0x64,
  0x86, 0xd4, 0x02, 0x93, 0x0b, 0xa4, 0x00, 0x13, 0x6a, 0x05, 0x10, 0x13, 0x05, 0x20, 0x07, 0xd6,
  0x41, 0x01, 0x60, 0x6a, 0x01, 0xfd, 0x20, 0xa2, 0xa1, 0x40, 0x1f, 0xe4, 0x00, 0x29, 0x01, 0x00,
  0x7f, 0xc6, 0x04, 0x01, 0xff, 0xc5, 0x20, 0x20, 0x0f, 0xf8, 0xc0, 0x94, 0x28, 0x03, 0xfc, 0x80,
  0x05, 0xb0, 0x35, 0x00, 0xfe, 0x90, 0x51, 0x26, 0x0a, 0x40, 0x0f, 0xa8, 0x82, 0x00, 0x12, 0x61,
  0x72, 0x60, 0x01, 0x6d, 0x50, 0xa2, 0x00, 0xb1, 0x81, 0xb3, 0xfd, 0xd2, 0x43, 0x6a, 0x01, 0xd3,
  0xac, 0x40, 0x01, 0x49, 0xe4, 0x00, 0x80, 0x48, 0x20, 0x8d, 0x00, 0x3a, 0xb8, 0x82, 0x3c, 0xc0,
  0x3f, 0xce, 0x2c, 0x06, 0x0c, 0x01, 0xfe, 0xcc, 0x20, 0x56, 0x28, 0x07, 0xf8, 0x4c, 0x00, 0x26,
  0x01, 0xfe, 0x29, 0xdf, 0xf7, 0x5b, 0x00, 0x7e, 0x9d, 0x62, 0x00, 0x0a, 0x4f, 0x20, 0x07, 0x63,
  0x02, 0xdf, 0xfb, 0x64, 0x86, 0xd4, 0x02, 0x93, 0x0b, 0xa4, 0x00, 0x13, 0x6a, 0x05, 0x10, 0x13,
  0x05, 0x20, 0x07, 0xd6, 0x41, 0x01, 0x60, 0x6a, 0x01, 0xfd, 0x20, 0xa2, 0xa1, 0x40, 0x1f, 0xe4,
  0x00, 0x29, 0x01, 0x00, 0x7f, 0xc6, 0x04, 0x01, 0xff, 0xc5, 0x20, 0x20, 0x0f, 0xf8, 0xc0, 0x94,
  0x28, 0x03, 0xfc, 0x80, 0x05, 0xb0, 0x35, 0x00, 0xfe, 0x90, 0x51, 0x26, 0x0a, 0x40, 0x0f, 0xa8,
  0x82, 0x00, 0x12, 0x61, 0x72, 0x60, 0x01, 0x6d, 0x50, 0xa2, 0x00, 0xb1, 0x81, 0xb3, 0xfd, 0xd2,
  0x43, 0x6a, 0x01, 0xd3, 0xac, 0x40, 0x01, 0x49, 0xe4, 0x00, 0x80, 0x34, 0x43, 0x4a, 0x80, 0x3f,
  0x87, 0x08, 0x02, 0x4b, 0x04, 0x3c, 0x20, 0x4b, 0x43, 0x59, 0x1c, 0x6b, 0x0b, 0x30, 0x68, 0x19,
  0x0b, 0x40, 0x09, 0x00, 0x02, 0xa0, 0x11, 0xe8, 0x28, 0xe0, 0x81, 0x68, 0xd5, 0x1c, 0xb0, 0x58,
  0x69, 0x42, 0x1c, 0xcc, 0x9c, 0xa0, 0x14, 0x79, 0x00, 0x48, 0x3e, 0x8d, 0x00, 0x3f, 0xf8, 0x0b,
  0x02, 0x01, 0xff, 0xc1, 0x2a, 0x41, 0x00, 0xf1, 0x4e, 0xff, 0xba, 0xf8, 0x3c, 0x03, 0xd3, 0xac,
  0x40, 0x01, 0x43, 0x07, 0x00, 0xec, 0x60, 0x5b, 0xff, 0x68, 0x80, 0x2d, 0x40, 0x29, 0x30, 0xba,
  0x40, 0x03, 0x0a, 0xa0, 0x51, 0x01, 0x30, 0x52, 0x00, 0x68, 0x0b, 0xb1, 0x04, 0x05, 0x81, 0xa8,
  0x06, 0x53, 0x71, 0x09, 0x05, 0x15, 0x0a, 0x00, 0xe8, 0x09, 0x00, 0x20, 0x01, 0x48, 0x08, 0x03,
  0x31, 0x40, 0x80, 0x46, 0x04, 0x01, 0xf4, 0x0b, 0x80, 0x7c, 0x40, 0x40, 0x13, 0x8c, 0x00, 0x71,
  0x81, 0x28, 0x50, 0x00, 0x60, 0x98, 0x03, 0x20, 0x01, 0x6c, 0x0d, 0x42, 0x42, 0x00, 0x3a, 0x41,
  0x44, 0x98, 0x29, 0x9c, 0xd4, 0x03, 0x51, 0x04, 0x00, 0x24, 0xc2, 0x42, 0xc0, 0x02, 0xda, 0xa1,
  0x44, 0x01, 0x62, 0x80, 0x23, 0xfd, 0xd2, 0x43, 0x6a, 0x01, 0xc2, 0x0c, 0x40, 0x01, 0x49, 0xe4,
  0x00, 0xe3, 0x45, 0x9d, 0xff, 0x75, 0xb0, 0x07, 0xcc, 0xf0, 0x01, 0xff, 0xc0, 0x44, 0x40, 0x75,
  0x00, 0x2a, 0xfc, 0x10, 0x0f, 0xf5, 0x41, 0xe8, 0x80, 0x7f, 0x9e, 0xcf, 0x44, 0x03, 0xfc, 0x9f,
  0x82, 0x01, 0xdb, 0xec, 0x01, 0xfb, 0xfc, 0x60, 0x1f, 0xff, 0xf0, 0x0f, 0xff, 0x3b, 0x07, 0x00,
  0x7c, 0x20, 0x02, 0x30, 0x40, 0x0f, 0x90, 0x04, 0x56, 0x06, 0x80, 0x1e, 0x80, 0x70, 0x35, 0x0b,
  0x71, 0x00, 0x26, 0x10, 0xc0, 0x02, 0x90, 0x23, 0xbf, 0xd6, 0x63, 0xa2, 0x01, 0x5d, 0x20, 0x80,
  0x0d, 0xfc, 0xc0, 0x00, 0x44, 0x40, 0x75, 0x00, 0x3e, 0x7f, 0xe3, 0x00, 0xfe, 0x78, 0x3f, 0x30,
  0x0f, 0xcf, 0x0b, 0x82, 0x01, 0xfc, 0xff, 0x40, 0x1e, 0xdf, 0x60, 0x0f, 0xdf, 0xe3, 0x00, 0xff,
  0xff, 0x80, 0x7f, 0xf9, 0xd8, 0x38, 0x03, 0xe1, 0x00, 0x11, 0x82, 0x00, 0x7c, 0x80, 0x22, 0xb0,
  0x34, 0x00, 0xf4, 0x03, 0x81, 0xa8, 0x5b, 0x88, 0x01, 0x30, 0x86, 0x00, 0x14, 0x81, 0x1d, 0xfe,
  0xb3, 0x1d, 0x10, 0x0a, 0xe9, 0x04, 0x00, 0x6f, 0xe6, 0x00, 0x44, 0x40, 0x75, 0x00, 0x3a, 0xff,
  0xc8, 0x01, 0xfd, 0x68, 0xe5, 0x66, 0x01, 0xf5, 0xa5, 0xc6, 0x1e, 0x18, 0x07, 0xaf, 0xd0, 0x07,
  0x3c, 0xc0, 0x2d, 0xf6, 0x00, 0xfd, 0xfe, 0x30, 0x0f, 0xff, 0xf8, 0x07, 0xff, 0x9d, 0x83, 0x80,
  0x3e, 0x10, 0x01, 0x18, 0x20, 0x07, 0xc8, 0x02, 0x2b, 0x03, 0x40, 0x0f, 0x40, 0x38, 0x1a, 0x85,
  0xb8, 0x80, 0x13, 0x08, 0x60, 0x01, 0x48, 0x11, 0xdf, 0xeb, 0x31, 0xd1, 0x00, 0xae, 0x90, 0x40,
  0x06, 0xfe, 0x60, 0x00, 0x44, 0x40, 0x75, 0x00, 0x23, 0xf8, 0x02, 0xe9, 0x00, 0xf9, 0x80, 0xc1,
  0x85, 0x40, 0x3e, 0x5b, 0xa0, 0x4c, 0xd0, 0x0f, 0xc8, 0x20, 0x03, 0x10, 0x0d, 0xbe, 0xc0, 0x1f,
  0xbf, 0xc6, 0x01, 0xff, 0xff, 0x00, 0xff, 0xf3, 0xb0, 0x70, 0x07, 0xc2, 0x00, 0x23, 0x04, 0x00,
  0xf9, 0x00, 0x45, 0x60, 0x68, 0x01, 0xe8, 0x07, 0x03, 0x50, 0xb7, 0x10, 0x02, 0x61, 0x0c, 0x00,
  0x29, 0x02, 0x3b, 0xfd, 0x66, 0x3a, 0x20, 0x15, 0xd2, 0x08, 0x00, 0xdf, 0xcc, 0x00, 0x3b, 0xe0,
  0x85, 0x00, 0x3f, 0x17, 0x7c, 0x00, 0x7f, 0xc5, 0x83, 0x50, 0x01, 0xfe, 0x2c, 0x0c, 0x50, 0x0f,
  0xf8, 0xbb, 0x86, 0x01, 0xf6, 0x7c, 0x00, 0x7e, 0x2f, 0xf0, 0x87, 0x83, 0x90, 0x07, 0xd2, 0x10,
  0x20, 0x6a, 0x12, 0x01, 0xe5, 0x42, 0x70, 0x0a, 0xc1, 0x10, 0x01, 0xd0, 0x12, 0x01, 0x86, 0x02,
  0x40, 0x33, 0x92, 0x20, 0x03, 0x9c, 0x88, 0xe0, 0x01, 0x80, 0x90, 0x0f, 0xa4, 0x20, 0x42, 0xc1,
  0xc8, 0x03, 0xe4, 0x40, 0x5a, 0x28, 0xc0, 0x07, 0xf4, 0x82, 0xd0, 0x58, 0x07, 0xf8, 0x9c, 0x04,
  0xd4, 0x03, 0xfe, 0x80, 0x04, 0x00, 0x7f, 0xf0, 0xdc, 0x03, 0xff, 0xf4, 0x40, 0x40, 0x6c, 0x2f,
  0xe0, 0x03, 0xff, 0x9a, 0xff, 0xfb, 0xad, 0x80, 0x3f, 0xc2, 0x93, 0xa4, 0x01, 0x3f, 0xfe, 0xe9,
  0x12, 0xf0, 0x0f, 0xc2, 0xde, 0x04, 0xc0, 0x1f, 0xc2, 0xc1, 0x80, 0x1f, 0xee, 0x01, 0x00, 0xff,
  0x70, 0x08, 0x07, 0xf0, 0xb8, 0x60, 0x07, 0xe4, 0xc1, 0x13, 0x00, 0x1f, 0xbb, 0x7d, 0x90, 0xe0,
  0x06, 0x11, 0xe3, 0x8e, 0x20, 0x09, 0xff, 0xf7, 0x63, 0x80, 0x7f, 0xf4, 0x40, 0x3c, 0x40, 0x64,
  0x40, 0x07, 0x5d, 0xfd, 0x66, 0x01, 0x9b, 0x14, 0x46, 0x4c, 0x60, 0x01, 0xc8, 0x47, 0xf7, 0xc0,
  0x49, 0x04, 0x83, 0x38, 0x04, 0xea, 0x0a, 0x08, 0x14, 0x01, 0xda, 0x1c, 0x02, 0x04, 0x01, 0xde,
  0x02, 0x01, 0xfc, 0xa1, 0x80, 0x1f, 0x1e, 0x12, 0xa0, 0x07, 0xbf, 0x0c, 0x64, 0x03, 0xe3, 0x20,
  0x1c, 0x90, 0x0f, 0x66, 0xfd, 0x0b, 0x30, 0x03, 0xf2, 0xc0, 0x50, 0x07, 0xf2, 0x81, 0x00, 0x7f,
  0x28, 0x18, 0x07, 0xe5, 0x90, 0xa0, 0x0d, 0x7f, 0xdf, 0x40, 0x8e, 0x01, 0x84, 0x60, 0x39, 0xb0,
  0x34, 0x20, 0x5c, 0x40, 0xbb, 0xe0, 0x03, 0xe2, 0xf3, 0x77, 0x00, 0x7c, 0x38, 0x90, 0xc0, 0x1f,
  0xaf, 0x14, 0x03, 0xf8, 0xcc, 0x01, 0xc5, 0x3b, 0xfe, 0xea, 0x20, 0x02, 0xeb, 0x10, 0x8c, 0xba,
  0x60, 0x85, 0x3f, 0xdd, 0x18, 0x70, 0x0e, 0xb0, 0x04, 0x3a, 0x04, 0x20, 0x1f, 0x08, 0x80, 0x80,
  0xef, 0xbf, 0xf0, 0x80, 0x13, 0x11, 0x59, 0xde, 0x00, 0xa0, 0x22, 0xe6, 0x22, 0x10, 0x01, 0x02,
  0x00, 0x70, 0x80, 0x14, 0x2c, 0x03, 0x50, 0x05, 0x00, 0xf9, 0x13, 0xca, 0x20, 0x03, 0xc5, 0x27,
  0x72, 0x69, 0x00, 0x00, 0x34, 0x20, 0x5c, 0x40, 0x3d, 0x7f, 0x82, 0x01, 0xea, 0x45, 0xc1, 0x00,
  0xe9, 0x57, 0xa0, 0x0f, 0xab, 0x60, 0x03, 0xf1, 0x90, 0x07, 0x8a, 0x77, 0xfd, 0xd4, 0x40, 0x05,
  0xd6, 0x21, 0x19, 0x74, 0xc1, 0x0a, 0x7f, 0xba, 0x30, 0xe0, 0x1d, 0x60, 0x08, 0x74, 0x08, 0x40,
  0x3e, 0x11, 0x01, 0x01, 0xdf, 0x7f, 0xe1, 0x00, 0x26, 0x22, 0xb3, 0xbc, 0x01, 0x40, 0x45, 0xcc,
  0x44, 0x20, 0x02, 0x04, 0x00, 0xe1, 0x00, 0x28, 0x58, 0x06, 0xa0, 0x0a, 0x01, 0xf2, 0x27, 0x94,
  0x40, 0x07, 0x8a, 0x4e, 0xe4, 0xd2, 0x00, 0x00, 0x34, 0x20, 0x5c, 0x40, 0x22, 0xef, 0xc0, 0x0f,
  0x0f, 0x88, 0x8e, 0xc0, 0x3a, 0x8a, 0x39, 0x52, 0x40, 0x22, 0xdc, 0x70, 0xaa, 0x78, 0x80, 0x09,
  0x8c, 0x02, 0x56, 0x10, 0x01, 0x4e, 0xff, 0xba, 0x88, 0x00, 0xba, 0xc4, 0x23, 0x2e, 0x98, 0x21,
  0x4f, 0xf7, 0x46, 0x1c, 0x03, 0xac, 0x01, 0x0e, 0x81, 0x08, 0x07, 0xc2, 0x20, 0x20, 0x3b, 0xef,
  0xfc, 0x20, 0x04, 0xc4, 0x56, 0x77, 0x80, 0x28, 0x08, 0xb9, 0x88, 0x84, 0x00, 0x40, 0x80, 0x1c,
  0x20, 0x05, 0x0b, 0x00, 0xd4, 0x01, 0x40, 0x3e, 0x44, 0xf2, 0x88, 0x00, 0xf1, 0x49, 0xdc, 0x9a,
  0x40, 0x00, 0x34, 0x20, 0x5c, 0x40, 0x0b, 0xda, 0x40, 0x5e, 0x01, 0xa9, 0xd3, 0x0e, 0x88, 0x02,
  0x30, 0x99, 0x36, 0x3c, 0x00, 0x45, 0x80, 0x08, 0xdd, 0x28, 0x04, 0x26, 0x01, 0x11, 0x00, 0x31,
  0x4e, 0xff, 0xba, 0x88, 0x00, 0xba, 0xc4, 0x23, 0x2e, 0x98, 0x21, 0x4f, 0xf7, 0x46, 0x1c, 0x03,
  0xac, 0x01, 0x0e, 0x81, 0x08, 0x07, 0xc2, 0x20, 0x20, 0x3b, 0xef, 0xfc, 0x20, 0x04, 0xc4, 0x56,
  0x77, 0x80, 0x28, 0x08, 0xb9, 0x88, 0x84, 0x00, 0x40, 0x80, 0x1c, 0x20, 0x05, 0x0b, 0x00, 0xd4,
  0x01, 0x40, 0x3e, 0x44, 0xf2, 0x88, 0x00, 0xf1, 0x49, 0xdc, 0x9a, 0x40, 0x00, 0x34, 0x20, 0x5c,
  0x40, 0x11, 0xe6, 0x0d, 0xea, 0x01, 0x88, 0x14, 0x3c, 0x08, 0x03, 0x5d, 0x98, 0x26, 0xdc, 0x03,
  0x0a, 0x00, 0x48, 0x01, 0xff, 0xc3, 0x29, 0xdf, 0xf7, 0x51, 0x00, 0x17, 0x58, 0x84, 0x65, 0xd3,
  0x04, 0x29, 0xfe, 0xe8, 0xc3, 0x80, 0x75, 0x80, 0x21, 0xd0, 0x21, 0x00, 0xf8, 0x44, 0x04, 0x07,
  0x7d, 0xff, 0x84, 0x00, 0x98, 0x8a, 0xce, 0xf0, 0x05, 0x01, 0x17, 0x31, 0x10, 0x80, 0x08, 0x10,
  0x03, 0x84, 0x00, 0xa1, 0x60, 0x1a, 0x80, 0x28, 0x07, 0xc8, 0x9e, 0x51, 0x00, 0x1e, 0x29, 0x3b,
  0x93, 0x48, 0x00, 0x34, 0x20, 0x5c, 0x80, 0x22, 0xcf, 0xa0, 0x0f, 0xbe, 0x7c, 0xe4, 0x03, 0xc4,
  0xa1, 0x4a, 0x01, 0xe2, 0x50, 0xa5, 0x00, 0xf7, 0xcf, 0x1c, 0x80, 0x78, 0xb3, 0xa8, 0x03, 0x8a,
  0x77, 0xfd, 0xd4, 0x40, 0x05, 0xd6, 0x21, 0x19, 0x74, 0xc1, 0x0a, 0x7f, 0xba, 0x30, 0xe0, 0x1d,
  0x60, 0x08, 0x74, 0x08, 0x40, 0x3e, 0x11, 0x01, 0x01, 0xdf, 0x7f, 0xe1, 0x00, 0x26, 0x22, 0xb3,
  0xbc, 0x01, 0x40, 0x45, 0xcc, 0x44, 0x20, 0x02, 0x04, 0x00, 0xe1, 0x00, 0x28, 0x58, 0x06, 0xa0,
  0x0a, 0x01, 0xf2, 0x27, 0x94, 0x40, 0x07, 0x8a, 0x4e, 0xe4, 0xd2, 0x00, 0x00, 0x58, 0x20, 0xa3,
  0x00, 0xa7, 0x7f, 0xdd, 0x44, 0x00, 0x7c, 0xff, 0x6b, 0x80, 0x4b, 0xac, 0x42, 0x32, 0xea, 0x6c,
  0x18, 0x88, 0xa3, 0x48, 0x10, 0xeb, 0xfb, 0xa3, 0x0b, 0x23, 0xce, 0xe6, 0xa1, 0x78, 0x0e, 0x28,
  0x04, 0x3a, 0x00, 0x2c, 0x30, 0x01, 0x59, 0x93, 0x00, 0x7c, 0x22, 0x0b, 0x00, 0xf4, 0x86, 0x81,
  0xdf, 0x7f, 0xe1, 0x09, 0xff, 0xf5, 0x03, 0x26, 0x22, 0xb3, 0x60, 0x02, 0xb3, 0x7e, 0xa8, 0x08,
  0xb9, 0x9c, 0x21, 0x93, 0x3f, 0x9c, 0x81, 0x00, 0x30, 0x88, 0x2c, 0x03, 0xc2, 0x00, 0x50, 0x90,
  0x08, 0x68, 0x04, 0xac, 0x40, 0x23, 0xc9, 0x08, 0x05, 0xeb, 0xb7, 0x23, 0x79, 0xa7, 0x65, 0x66,
  0x08, 0x00, 0x7a, 0xa0, 0x8a, 0x95, 0x23, 0x92, 0x86, 0xa4, 0x97, 0x20, 0x34, 0x1a, 0x64, 0x80,
  0x21, 0x7d, 0xff, 0x6c, 0x08, 0x04, 0x7f, 0x04, 0x22, 0x27, 0xf2, 0x01, 0xd1, 0x4d, 0xee, 0x6a,
  0x0d, 0x84, 0x09, 0xd9, 0x00, 0x0a, 0xea, 0x41, 0xc2, 0x00, 0x3c, 0xa0, 0x01, 0x05, 0x00, 0xff,
  0xe4, 0x88, 0x20, 0x07, 0xf3, 0x04, 0x80, 0x79, 0x40, 0x12, 0x27, 0x84, 0x00, 0x2b, 0xa9, 0x01,
  0xc1, 0x3d, 0xfe, 0xd4, 0x1b, 0x00, 0x17, 0x41, 0x00, 0x93, 0xf9, 0x00, 0x67, 0xd0, 0xdd, 0x40,
  0x80, 0x79, 0x03, 0xd0, 0x03, 0xf2, 0x70, 0xc8, 0x07, 0xc4, 0x22, 0x70, 0x0f, 0xd7, 0xde, 0x92,
  0x01, 0xf4, 0xee, 0xbd, 0x00, 0x20, 0x34, 0x00, 0x6c, 0x40, 0x2a, 0xfd, 0x10, 0x0f, 0xea, 0x72,
  0xd0, 0x0f, 0xf4, 0x49, 0xd8, 0x07, 0xf9, 0xb6, 0x04, 0x03, 0xfc, 0x46, 0x20, 0x1f, 0x0c, 0xef,
  0xfb, 0x18, 0x03, 0x93, 0x98, 0x88, 0x27, 0x36, 0x01, 0x0d, 0x83, 0xfe, 0xf6, 0x9a, 0x48, 0x02,
  0x01, 0xa0, 0x02, 0x2d, 0x16, 0x20, 0x70, 0xd2, 0x2e, 0x34, 0x04, 0x01, 0x0b, 0xdd, 0xf2, 0x87,
  0x00, 0x55, 0x5f, 0xe0, 0x10, 0x65, 0x5f, 0xc4, 0x0e, 0x1e, 0x01, 0xe2, 0x00, 0xa0, 0x4e, 0xcc,
  0x00, 0x2f, 0xaa, 0x00, 0x1d, 0x14, 0xcf, 0xee, 0x40, 0x07, 0x1f, 0xc1, 0x80, 0x89, 0xb5, 0x40,
  0x34, 0x00, 0x6c, 0x40, 0x3e, 0x6f, 0xf2, 0x00, 0x7e, 0x59, 0x1d, 0x40, 0x0f, 0x92, 0x8f, 0xc8,
  0x03, 0xf3, 0x66, 0x04, 0x03, 0xf8, 0x8c, 0x03, 0xf8, 0x67, 0x7f, 0xd8, 0xc0, 0x1c, 0x9c, 0xc4,
  0x41, 0x39, 0xb0, 0x08, 0x6c, 0x1f, 0xf7, 0xb4, 0xd2, 0x40, 0x10, 0x0d, 0x00, 0x11, 0x68, 0xb1,
  0x03, 0x86, 0x91, 0x71, 0xa0, 0x20, 0x08, 0x5e, 0xef, 0x94, 0x38, 0x02, 0xaa, 0xff, 0x00, 0x83,
  0x2a, 0xfe, 0x20, 0x70, 0xf0, 0x0f, 0x10, 0x05, 0x02, 0x76, 0x60, 0x01, 0x7d, 0x50, 0x00, 0xe8,
  0xa6, 0x7f, 0x72, 0x00, 0x38, 0xfe, 0x0c, 0x04, 0x4d, 0xaa, 0x00, 0x34, 0x00, 0x6c, 0x40, 0x3a,
  0xff, 0xc6, 0x01, 0xfa, 0x10, 0x43, 0x48, 0x03, 0xcc, 0xe7, 0xf4, 0x3e, 0x20, 0x1e, 0x9c, 0x15,
  0xcb, 0x20, 0x0e, 0x66, 0x00, 0x46, 0xc6, 0x01, 0xc3, 0x3b, 0xfe, 0xc6, 0x00, 0xe4, 0xe6, 0x22,
  0x09, 0xcd, 0x80, 0x43, 0x60, 0xff, 0xbd, 0xa6, 0x92, 0x00, 0x80, 0x68, 0x00, 0x8b, 0x45, 0x88,
  0x1c, 0x34, 0x8b, 0x8d, 0x01, 0x00, 0x42, 0xf7, 0x7c, 0xa1, 0xc0, 0x15, 0x57, 0xf8, 0x04, 0x19,
  0x57, 0xf1, 0x03, 0x87, 0x80, 0x78, 0x80, 0x28, 0x13, 0xb3, 0x00, 0x0b, 0xea, 0x80, 0x07, 0x45,
  0x33, 0xfb, 0x90, 0x01, 0xc7, 0xf0, 0x60, 0x22, 0x6d, 0x50, 0x34, 0x00, 0x6c, 0x40, 0x23, 0xf8,
  0x02, 0xea, 0x00, 0xf3, 0x01, 0x80, 0x89, 0xc0, 0x3c, 0xb7, 0x40, 0x79, 0x80, 0x0f, 0x90, 0x40,
  0x06, 0x20, 0x1f, 0xfc, 0x71, 0x9d, 0xff, 0x63, 0x00, 0x72, 0x73, 0x11, 0x04, 0xe6, 0xc0, 0x21,
  0xb0, 0x7f, 0xde, 0xd3, 0x49, 0x00, 0x40, 0x34, 0x00, 0x45, 0xa2, 0xc4, 0x0e, 0x1a, 0x45, 0xc6,
  0x80, 0x80, 0x21, 0x7b, 0xbe, 0x50, 0xe0, 0x0a, 0xab, 0xfc, 0x02, 0x0c, 0xab, 0xf8, 0x81, 0xc3,
  0xc0, 0x3c, 0x40, 0x14, 0x09, 0xd9, 0x80, 0x05, 0xf5, 0x40, 0x03, 0xa2, 0x99, 0xfd, 0xc8, 0x00,
  0xe3, 0xf8, 0x30, 0x11, 0x36, 0xa8, 0x00, 0x1b, 0xe0, 0x34, 0x5b, 0xfc, 0x60, 0x06, 0xb1, 0xc3,
  0x00, 0x26, 0x16, 0x90, 0x00, 0xb7, 0x0c, 0x03, 0x10, 0x80, 0x5f, 0xe1, 0x00, 0xff, 0xfb, 0x00,
  0x18, 0x20, 0x3c, 0x40, 0x05, 0xde, 0xe0, 0x02, 0xc1, 0xa7, 0x01, 0xc0, 0xc5, 0x00, 0xb3, 0x8c,
  0x02, 0x12, 0x00, 0xf7, 0xf8, 0x40, 0x3f, 0xff, 0xe0, 0x1c, 0x1b, 0xe0, 0x44, 0x40, 0x09, 0xfe,
  0x60, 0x08, 0x68, 0x01, 0x24, 0x00, 0xa1, 0xab, 0x0f, 0x01, 0xec, 0x54, 0xd8, 0x11, 0x29, 0x80,
  0x09, 0x44, 0x02, 0xff, 0x08, 0x07, 0xff, 0xfc, 0x03, 0xff, 0x86, 0x18, 0x00, 0x34, 0x57, 0xd4,
  0xfd, 0xf4, 0x09, 0x83, 0xa3, 0x1d, 0x72, 0x40, 0xc0, 0x06, 0x01, 0xfd, 0xfe, 0x10, 0x0f, 0xff,
  0xb8, 0x34, 0x00, 0x6c, 0x40, 0x24, 0xa2, 0x00, 0xff, 0x6a, 0xeb, 0x81, 0x4e, 0x00, 0x74, 0xe9,
  0x46, 0xe9, 0x24, 0x03, 0xcc, 0x20, 0x44, 0xd5, 0x00, 0xc7, 0x96, 0xd8, 0xa5, 0x40, 0x1c, 0x2d,
  0xb4, 0x74, 0x6a, 0xa0, 0x0c, 0x54, 0x40, 0x17, 0x05, 0x80, 0x74, 0x6f, 0xfa, 0xd9, 0x82, 0xa0,
  0x01, 0xd7, 0x23, 0x46, 0xb2, 0x0e, 0x00, 0x41, 0x13, 0x72, 0xf6, 0x90, 0x10, 0x00, 0xc1, 0x24,
  0x01, 0x2b, 0x00, 0x42, 0x00, 0x40, 0x0e, 0xd0, 0x00, 0x80, 0x7f, 0xf0, 0x04, 0x60, 0x50, 0x0e,
  0xd0, 0x50, 0x04, 0x85, 0xa0, 0x04, 0xec, 0x12, 0x00, 0x74, 0x1b, 0xec, 0xe8, 0x0a, 0x30, 0x0a,
  0xe4, 0xc4, 0xc1, 0xb5, 0x40, 0x00, 0x3c, 0x40, 0x64, 0x40, 0x07, 0xdc, 0x40, 0x07, 0x98, 0x06,
  0xe5, 0x6b, 0x46, 0x03, 0x00, 0x84, 0xa6, 0x26, 0xe6, 0x00, 0x30, 0xd9, 0x03, 0x6e, 0x9c, 0x03,
  0x90, 0x02, 0x22, 0x00, 0x6f, 0xf0, 0x36, 0x7f, 0xb6, 0x04, 0x03, 0x5c, 0x99, 0x09, 0x3e, 0x08,
  0x04, 0x8f, 0xfb, 0xd8, 0x25, 0x20, 0x12, 0xc0, 0x04, 0x70, 0x0c, 0x01, 0x70, 0x07, 0x38, 0x08,
  0x04, 0xc0, 0x1c, 0x20, 0x01, 0x00, 0x18, 0x07, 0xff, 0xe4, 0x38, 0x00, 0x74, 0x40, 0x27, 0xfe,
  0x20, 0x0f, 0xf3, 0xd0, 0xe1, 0x00, 0x7f, 0x97, 0x03, 0xc4, 0x03, 0xfc, 0x7f, 0xc0, 0x1f, 0xfc,
  0x01, 0x31, 0x00, 0xfc, 0x31, 0xbf, 0xed, 0x81, 0x00, 0xe3, 0xf7, 0x21, 0x11, 0x3f, 0x98, 0x04,
  0x3a, 0x29, 0xbd, 0xcd, 0x41, 0xd1, 0x00, 0x40, 0x9d, 0x90, 0x00, 0xac, 0xc6, 0x40, 0x0e, 0x10,
  0x01, 0xe9, 0x06, 0x00, 0x08, 0x28, 0x07, 0x9c, 0x04, 0x03, 0xff, 0x88, 0x20, 0x80, 0x1e, 0x70,
  0x20, 0x03, 0x04, 0x80, 0x7a, 0x41, 0x40, 0x12, 0x27, 0x64, 0x00, 0x2b, 0x31, 0x90, 0x00, 0xe8,
  0xa6, 0xf7, 0x35, 0x07, 0x04, 0x02, 0x3f, 0x72, 0x11, 0x13, 0xf9, 0x00, 0x00, 0x38, 0x00, 0x74,
  0x40, 0x3e, 0x3f, 0xf3, 0x00, 0x7f, 0x16, 0x85, 0xb0, 0x07, 0xe2, 0xc0, 0xc4, 0x00, 0xfe, 0x3d,
  0xf3, 0x00, 0xff, 0x09, 0x88, 0x07, 0xf0, 0xc6, 0xff, 0xb6, 0x04, 0x03, 0x8f, 0xdc, 0x84, 0x44,
  0xfe, 0x60, 0x10, 0xe8, 0xa6, 0xf7, 0x35, 0x07, 0x44, 0x01, 0x02, 0x76, 0x40, 0x02, 0xb3, 0x19,
  0x00, 0x38, 0x40, 0x07, 0xa4, 0x18, 0x00, 0x20, 0xa0, 0x1e, 0x70, 0x10, 0x0f, 0xfe, 0x20, 0x82,
  0x00, 0x79, 0xc0, 0x80, 0x0c, 0x12, 0x01, 0xe9, 0x05, 0x00, 0x48, 0x9d, 0x90, 0x00, 0xac, 0xc6,
  0x40, 0x03, 0xa2, 0x9b, 0xdc, 0xd4, 0x1c, 0x10, 0x08, 0xfd, 0xc8, 0x44, 0x4f, 0xe4, 0x00, 0x38,
  0x00, 0x74, 0x40, 0x39, 0xff, 0xcc, 0x01, 0xfc, 0xb0, 0x00, 0x94, 0x00, 0xf8, 0xe8, 0xb7, 0x06,
  0xc8, 0x03, 0xcd, 0x38, 0x47, 0xf2, 0xc0, 0x1e, 0x56, 0x10, 0x00, 0xb2, 0x00, 0x78, 0x63, 0x7f,
  0xdb, 0x02, 0x01, 0xc7, 0xee, 0x42, 0x22, 0x7f, 0x30, 0x08, 0x74, 0x53, 0x7b, 0x9a, 0x83, 0xa2,
  0x00, 0x81, 0x3b, 0x20, 0x01, 0x59, 0x8c, 0x80, 0x1c, 0x20, 0x03, 0xd2, 0x0c, 0x00, 0x10, 0x50,
  0x0f, 0x38, 0x08, 0x07, 0xff, 0x10, 0x41, 0x00, 0x3c, 0xe0, 0x40, 0x06, 0x09, 0x00, 0xf4, 0x82,
  0x80, 0x24, 0x4e, 0xc8, 0x00, 0x56, 0x63, 0x20, 0x01, 0xd1, 0x4d, 0xee, 0x6a, 0x0e, 0x08, 0x04,
  0x7e, 0xe4, 0x22, 0x27, 0xf2, 0x00, 0x00, 0x38, 0x00, 0x74, 0x40, 0x35, 0xfc, 0x80, 0x26, 0x80,
  0x3c, 0xc9, 0x29, 0x24, 0xf8, 0x01, 0xec, 0x66, 0x62, 0x69, 0xb0, 0x07, 0xa2, 0x00, 0x3b, 0x9a,
  0x01, 0xf1, 0x08, 0x04, 0x60, 0x1f, 0x86, 0x37, 0xfd, 0xb0, 0x20, 0x1c, 0x7e, 0xe4, 0x22, 0x27,
  0xf3, 0x00, 0x87, 0x45, 0x37, 0xb9, 0xa8, 0x3a, 0x20, 0x08, 0x13, 0xb2, 0x00, 0x15, 0x98, 0xc8,
  0x01, 0xc2, 0x00, 0x3d, 0x20, 0xc0, 0x01, 0x05, 0x00, 0xf3, 0x80, 0x80, 0x7f, 0xf1, 0x04, 0x10,
  0x03, 0xce, 0x04, 0x00, 0x60, 0x90, 0x0f, 0x48, 0x28, 0x02, 0x44, 0xec, 0x80, 0x05, 0x66, 0x32,
  0x00, 0x1d, 0x14, 0xde, 0xe6, 0xa0, 0xe0, 0x80, 0x47, 0xee, 0x42, 0x22, 0x7f, 0x20, 0x00, 0x38,
  0x00, 0x74, 0x40, 0x36, 0xe0, 0x03, 0x34, 0x03, 0xe1, 0x23, 0x00, 0x19, 0x08, 0x07, 0x87, 0x34,
  0x01, 0xba, 0x10, 0x0f, 0x8c, 0x80, 0x04, 0x40, 0x0f, 0xfe, 0x48, 0xc6, 0xff, 0xb6, 0x04, 0x03,
  0x8f, 0xdc, 0x84, 0x44, 0xfe, 0x60, 0x10, 0xe8, 0xa6, 0xf7, 0x35, 0x07, 0x44, 0x01, 0x02, 0x76,
  0x40, 0x02, 0xb3, 0x19, 0x00, 0x38, 0x40, 0x07, 0xa4, 0x18, 0x00, 0x20, 0xa0, 0x1e, 0x70, 0x10,
  0x0f, 0xfe, 0x20, 0x82, 0x00, 0x79, 0xc0, 0x80, 0x0c, 0x12, 0x01, 0xe9, 0x05, 0x00, 0x48, 0x9d,
  0x90, 0x00, 0xac, 0xc6, 0x40, 0x03, 0xa2, 0x9b, 0xdc, 0xd4, 0x1c, 0x10, 0x08, 0xfd, 0xc8, 0x44,
  0x4f, 0xe4, 0x00, 0x34, 0x22, 0x5b, 0x00, 0x32, 0x51, 0x00, 0x7e, 0x95, 0x80, 0x0f, 0xca, 0x1e,
  0x01, 0xfa, 0x3d, 0x40, 0x3f, 0xf8, 0x6d, 0x99, 0xfc, 0x9c, 0x67, 0xfc, 0x31, 0xff, 0xfc, 0xa0,
  0x1f, 0xfc, 0x34, 0xa2, 0x00, 0xfd, 0x2b, 0x00, 0x1f, 0x94, 0x3c, 0x03, 0x00, 0x38, 0x1e, 0x74,
  0x00, 0x3f, 0x86, 0x0c, 0x03, 0xfe, 0x86, 0x30, 0x0e, 0x18, 0xdf, 0xf6, 0xb4, 0x80, 0x71, 0xfb,
  0x90, 0x88, 0x82, 0x4c, 0x02, 0x1d, 0x14, 0xde, 0xc0, 0x11, 0x68, 0x80, 0x20, 0x4e, 0xc8, 0x2c,
  0x78, 0xc6, 0x40, 0x0e, 0x10, 0x00, 0x26, 0x80, 0x90, 0x60, 0x00, 0x82, 0x80, 0x20, 0x58, 0x1c,
  0x04, 0x03, 0xc4, 0xb0, 0x01, 0xf0, 0x82, 0x04, 0x13, 0x00, 0x1c, 0x08, 0x00, 0xc1, 0x26, 0xb6,
  0x01, 0x48, 0x28, 0x02, 0x44, 0xf0, 0x58, 0x0a, 0xcc, 0x64, 0x00, 0x3a, 0x20, 0x3d, 0xcd, 0x41,
  0xc1, 0x00, 0x8d, 0x44, 0x84, 0x44, 0xfe, 0x40, 0x18, 0xd2, 0xf7, 0xfd, 0xb0, 0x20, 0x1c, 0xf0,
  0xa0, 0x1f, 0xc0, 0x3c, 0x20, 0x64, 0x40, 0x05, 0xdf, 0x00, 0x1f, 0x8b, 0xcd, 0xdc, 0x01, 0xf8,
  0x71, 0x61, 0xc0, 0x3f, 0xab, 0x58, 0x03, 0xfc, 0x42, 0x01, 0x87, 0xfc, 0x01, 0xe3, 0xfe, 0x00,
  0xff, 0xfc, 0xb8, 0x07, 0x08, 0x07, 0x10, 0x00, 0x44, 0x0e, 0x01, 0xd6, 0x01, 0x38, 0x4a, 0x80,
  0x0a, 0xc8, 0x02, 0x82, 0x0a, 0xff, 0x6a, 0x28, 0x04, 0x38, 0xe4, 0x00, 0x3a, 0x80, 0x00, 0x3c,
  0x20, 0x64, 0x40, 0x3e, 0xbf, 0xc1, 0x00, 0xfa, 0xd1, 0x70, 0x40, 0x3d, 0x49, 0x14, 0x01, 0xfa,
  0x39, 0xc0, 0x3f, 0x88, 0x40, 0x38, 0x7f, 0xc0, 0x1e, 0x3f, 0xe0, 0x0f, 0xff, 0xcb, 0x80, 0x70,
  0x80, 0x71, 0x00, 0x04, 0x40, 0xe0, 0x1d, 0x60, 0x13, 0x84, 0xa8, 0x00, 0xac, 0x80, 0x28, 0x20,
  0xaf, 0xf6, 0xa2, 0x80, 0x43, 0x8e, 0x40, 0x03, 0xa8, 0x00, 0x00, 0x3c, 0x20, 0x64, 0x40, 0x31,
  0x77, 0xe0, 0x07, 0xc3, 0xe2, 0x23, 0xb0, 0x0f, 0x69, 0x4f, 0x32, 0x48, 0x06, 0x29, 0xc6, 0x09,
  0xbc, 0x10, 0x08, 0x94, 0xc0, 0x24, 0x51, 0x01, 0xff, 0x00, 0x78, 0xff, 0x80, 0x3f, 0xff, 0x2e,
  0x01, 0xc2, 0x01, 0xc4, 0x00, 0x11, 0x03, 0x80, 0x75, 0x80, 0x4e, 0x12, 0xa0, 0x02, 0xb2, 0x00,
  0xa0, 0x82, 0xbf, 0xda, 0x8a, 0x01, 0x0e, 0x39, 0x00, 0x0e, 0xa0, 0x00, 0x3c, 0x20, 0x64, 0x40,
  0x28, 0xf3, 0x06, 0xf5, 0x00, 0xe3, 0x05, 0x0f, 0x02, 0x00, 0xea, 0xb6, 0x09, 0xb7, 0x00, 0xe1,
  0x40, 0x09, 0x00, 0x3f, 0xf8, 0x63, 0xfe, 0x00, 0xf1, 0xff, 0x00, 0x7f, 0xfe, 0x5c, 0x03, 0x84,
  0x03, 0x88, 0x00, 0x22, 0x07, 0x00, 0xeb, 0x00, 0x9c, 0x25, 0x40, 0x05, 0x64, 0x01, 0x41, 0x05,
  0x7f, 0xb5, 0x14, 0x02, 0x1c, 0x72, 0x00, 0x1d, 0x40, 0x00, 0x33, 0xfc, 0x75, 0x40, 0x3e, 0x4f,
  0xf2, 0x80, 0x7f, 0x25, 0x8e, 0x28, 0x07, 0xe3, 0xb3, 0xf3, 0x00, 0xfe, 0x2d, 0xc1, 0x00, 0xff,
  0x09, 0x00, 0x7e, 0xdf, 0x60, 0x0f, 0xbb, 0xc4, 0x2c, 0x2c, 0x03, 0xcc, 0x2a, 0x20, 0xc2, 0x48,
  0x01, 0xd6, 0x12, 0x01, 0x48, 0x78, 0x06, 0x42, 0x33, 0x00, 0x4c, 0x08, 0x40, 0x17, 0x84, 0x80,
  0x61, 0x60, 0xb0, 0x01, 0x21, 0x28, 0x07, 0x58, 0x30, 0x02, 0xc2, 0x80, 0x3c, 0x48, 0x0e, 0x2c,
  0x0e, 0x01, 0xf7, 0x84, 0xb0, 0x38, 0x07, 0xe4, 0x21, 0x80, 0xa0, 0x0f, 0xeb, 0x00, 0x29, 0x00,
  0x7f, 0x30, 0x02, 0x40, 0x3f, 0xca, 0x06, 0x60, 0x0f, 0x30, 0x80, 0xc0, 0x48, 0x07, 0x92, 0x7b,
  0x78, 0x91, 0x40, 0x3c, 0x8e, 0x24, 0x2f, 0x60, 0x1f, 0x00, 0x3c, 0x5c, 0x6d, 0x7f, 0xc2, 0x01,
  0xff, 0xf5, 0x5b, 0xff, 0x6c, 0x88, 0x07, 0x5d, 0x20, 0x88, 0x9b, 0x90, 0x03, 0x2a, 0x6f, 0x73,
  0x50, 0x2c, 0x80, 0x23, 0xb2, 0x00, 0x15, 0x98, 0x58, 0x05, 0x20, 0x1e, 0x80, 0x70, 0x09, 0xc0,
  0x3c, 0xa0, 0x20, 0x1f, 0xfc, 0x47, 0x00, 0xf2, 0x80, 0x80, 0x50, 0x01, 0xe8, 0x07, 0x00, 0x8b,
  0x08, 0x00, 0x56, 0x61, 0x00, 0x13, 0x1e, 0xf7, 0x35, 0x02, 0xc4, 0x02, 0x8b, 0x41, 0x11, 0x37,
  0x20, 0x07, 0x25, 0xff, 0xb6, 0x44, 0x03, 0xff, 0xbc, 0x33, 0xfc, 0x75, 0x40, 0x22, 0xea, 0x01,
  0xeb, 0x00, 0xf8, 0x44, 0xe0, 0x62, 0xa0, 0x1f, 0x1e, 0x60, 0x0b, 0x30, 0x01, 0xf8, 0xc4, 0x00,
  0x64, 0x01, 0xff, 0xc7, 0xdf, 0x60, 0x0f, 0xbb, 0xc4, 0x2c, 0x2c, 0x03, 0xcc, 0x2a, 0x20, 0xc2,
  0x48, 0x01, 0xd6, 0x12, 0x01, 0x48, 0x78, 0x06, 0x42, 0x33, 0x00, 0x4c, 0x08, 0x40, 0x17, 0x84,
  0x80, 0x61, 0x60, 0xb0, 0x01, 0x21, 0x28, 0x07, 0x58, 0x30, 0x02, 0xc2, 0x80, 0x3c, 0x48, 0x0e,
  0x2c, 0x0e, 0x01, 0xf7, 0x84, 0xb0, 0x38, 0x07, 0xe4, 0x21, 0x80, 0xa0, 0x0f, 0xeb, 0x00, 0x29,
  0x00, 0x7f, 0x30, 0x02, 0x40, 0x3f, 0xca, 0x06, 0x60, 0x0f, 0x30, 0x80, 0xc0, 0x48, 0x07, 0x92,
  0x7b, 0x78, 0x91, 0x40, 0x3c, 0x8e, 0x24, 0x2f, 0x60, 0x1f, 0x00, 0x00,
};

alignas(4) const uint8_t WX_BADGE16[4468] = {
  0x30, 0x00, 0x00, 0x00, 0x68, 0x65, 0x61, 0x64, 0x01, 0x00, 0x00, 0x00, 0x03, 0x00, 0x10, 0x00,
  0x0e, 0x00, 0xfd, 0xff, 0x0f, 0x00, 0xfc, 0xff, 0x00, 0x00, 0xfd, 0xff, 0x0e, 0x00, 0x00, 0x00,
  0x10, 0x00, 0x00, 0x00, 0x00, 0x04, 0x05, 0x05, 0x06, 0x01, 0x00, 0x00, 0x01, 0x00, 0x00, 0x00,
  0x1c, 0x00, 0x00, 0x00, 0x63, 0x6d, 0x61, 0x70, 0x01, 0x00, 0x00, 0x00, 0x1c, 0x00, 0x00, 0x00,
  0x20, 0x00, 0x00, 0x00, 0x5f, 0x00, 0x01, 0x00, 0x5f, 0x00, 0x02, 0x00, 0xcc, 0x00, 0x00, 0x00,
  0x6c, 0x6f, 0x63, 0x61, 0x60, 0x00, 0x00, 0x00, 0x08, 0x00, 0x08, 0x00, 0x0c, 0x00, 0x28, 0x00,
  0x3d, 0x00, 0x86, 0x00, 0xd2, 0x00, 0x25, 0x01, 0x6c, 0x01, 0x77, 0x01, 0xa1, 0x01, 0xc8, 0x01,
  0xe4, 0x01, 0xfd, 0x01, 0x0f, 0x02, 0x19, 0x02, 0x25, 0x02, 0x5c, 0x02, 0x9e, 0x02, 0xac, 0x02,
  0xe1, 0x02, 0x17, 0x03, 0x4e, 0x03, 0x86, 0x03, 0xc4, 0x03, 0xf8, 0x03, 0x39, 0x04, 0x78, 0x04,
  0x8e, 0x04, 0xaa, 0x04, 0xd2, 0x04, 0xe6, 0x04, 0x0e, 0x05, 0x44, 0x05, 0xb9, 0x05, 0x00, 0x06,
  0x34, 0x06, 0x75, 0x06, 0xac, 0x06, 0xcf, 0x06, 0xed, 0x06, 0x30, 0x07, 0x49, 0x07, 0x51, 0x07,
  0x74, 0x07, 0xad, 0x07, 0xbf, 0x07, 0xfd, 0x07, 0x2b, 0x08, 0x76, 0x08, 0xa6, 0x08, 0x01, 0x09,
  0x35, 0x09, 0x76, 0x09, 0x8e, 0x09, 0xb5, 0x09, 0x00, 0x0a, 0x6e, 0x0a, 0xb3, 0x0a, 0xe9, 0x0a,
  0x1c, 0x0b, 0x2b, 0x0b, 0x60, 0x0b, 0x6e, 0x0b, 0x8f, 0x0b, 0x98, 0x0b, 0xa5, 0x0b, 0xd2, 0x0b,
  0x05, 0x0c, 0x36, 0x0c, 0x6c, 0x0c, 0x9d, 0x0c, 0xb8, 0x0c, 0xf9, 0x0c, 0x19, 0x0d, 0x2a, 0x0d,
  0x49, 0x0d, 0x75, 0x0d, 0x7d, 0x0d, 0xa9, 0x0d, 0xc6, 0x0d, 0xf7, 0x0d, 0x2e, 0x0e, 0x65, 0x0e,
  0x7a, 0x0e, 0xa7, 0x0e, 0xc6, 0x0e, 0xe3, 0x0e, 0x14, 0x0f, 0x59, 0x0f, 0x88, 0x0f, 0xc7, 0x0f,
  0xeb, 0x0f, 0x18, 0x10, 0x20, 0x10, 0x48, 0x10, 0x5c, 0x10, 0x00, 0x00, 0x67, 0x6c, 0x79, 0x66,
  0x14, 0x00, 0x00, 0x00, 0x14, 0x00, 0x23, 0x0b, 0xfd, 0x86, 0x00, 0x71, 0x00, 0x08, 0x04, 0x60,
  0x40, 0x20, 0x21, 0xe0, 0xe0, 0x21, 0xae, 0x80, 0xd0, 0x41, 0x7c, 0xc6, 0x83, 0x66, 0x81, 0x60,
  0x1c, 0x07, 0x39, 0x4f, 0xf8, 0x3b, 0xcc, 0x40, 0xc0, 0x21, 0x00, 0xc6, 0x06, 0x60, 0x10, 0x10,
  0x00, 0xa2, 0x01, 0x10, 0x20, 0x30, 0x00, 0x63, 0x00, 0x29, 0xf3, 0x07, 0xf5, 0x00, 0xe2, 0x02,
  0x0f, 0x01, 0x00, 0xe7, 0x01, 0x02, 0x06, 0x00, 0x17, 0xf8, 0xc3, 0xfc, 0xa1, 0xbe, 0x67, 0x10,
  0x00, 0xcc, 0x00, 0x33, 0x08, 0xb3, 0xc1, 0x73, 0x00, 0x79, 0x82, 0x00, 0x30, 0x10, 0x10, 0x30,
  0x05, 0x19, 0x20, 0xd9, 0xe0, 0x99, 0x00, 0x66, 0x20, 0x13, 0x20, 0x13, 0x20, 0xbf, 0x60, 0xdf,
  0x80, 0xaf, 0xa0, 0x08, 0x80, 0xc3, 0x81, 0x80, 0x39, 0x80, 0x40, 0x80, 0x80, 0x20, 0x28, 0x1e,
  0x54, 0x00, 0x32, 0x40, 0x07, 0xed, 0x70, 0x0f, 0x2e, 0x30, 0x75, 0xb0, 0x02, 0x28, 0xc0, 0x02,
  0x92, 0x24, 0xe0, 0x88, 0x0b, 0x65, 0x17, 0x00, 0x79, 0x02, 0x4d, 0x03, 0x00, 0x25, 0x40, 0x38,
  0xd4, 0x08, 0xc3, 0x60, 0x40, 0x15, 0x26, 0x00, 0x27, 0xf2, 0x00, 0x36, 0x30, 0x20, 0x0c, 0x01,
  0x00, 0x6b, 0x20, 0x61, 0xdb, 0x52, 0x07, 0x20, 0x44, 0x02, 0x52, 0x04, 0x00, 0xca, 0xda, 0x90,
  0x00, 0x9f, 0xc4, 0x12, 0xb5, 0x83, 0x60, 0x40, 0x3f, 0xe0, 0x38, 0x00, 0x73, 0x01, 0x7b, 0xe8,
  0x03, 0x37, 0xb8, 0x00, 0xe9, 0xe9, 0x68, 0x00, 0x32, 0x4e, 0x00, 0xb0, 0x85, 0x52, 0x00, 0x28,
  0x38, 0x03, 0xf0, 0x82, 0xa3, 0x18, 0x05, 0xa0, 0xc4, 0x88, 0x1b, 0x19, 0x00, 0xca, 0xa8, 0xd0,
  0x98, 0x1a, 0x00, 0xf5, 0x6e, 0x73, 0x31, 0x55, 0x7f, 0xe7, 0x00, 0x88, 0xc2, 0x46, 0xec, 0x94,
  0xd0, 0x80, 0x1a, 0x0a, 0x05, 0x10, 0xb0, 0x18, 0x01, 0x1b, 0xa3, 0x00, 0x04, 0x04, 0x03, 0xbc,
  0x24, 0x00, 0xea, 0xa9, 0x0c, 0x00, 0x39, 0xc1, 0x00, 0x25, 0x69, 0xe1, 0x00, 0x30, 0x00, 0x63,
  0x00, 0x03, 0x3d, 0xfa, 0xc0, 0x1e, 0xa6, 0x13, 0x29, 0x40, 0x0c, 0x28, 0x19, 0x86, 0x0d, 0x00,
  0xc2, 0x00, 0x51, 0x40, 0xe0, 0x0e, 0x60, 0x9f, 0x22, 0x38, 0x07, 0x60, 0x00, 0x4f, 0x40, 0x40,
  0x27, 0xa0, 0x20, 0x35, 0x2e, 0xb0, 0x28, 0x09, 0xd4, 0x0a, 0xe0, 0x09, 0x00, 0x0e, 0x16, 0xa0,
  0x61, 0xc0, 0x40, 0x09, 0x10, 0xf0, 0x08, 0xc1, 0x0c, 0x1f, 0xbe, 0x80, 0x42, 0x44, 0x32, 0x08,
  0x00, 0x73, 0xcd, 0x42, 0x10, 0x07, 0x19, 0x4f, 0xf8, 0x40, 0xc0, 0x23, 0x01, 0x12, 0x20, 0x18,
  0x3d, 0x2b, 0xc0, 0xbf, 0xc8, 0x10, 0x04, 0x82, 0xa1, 0x60, 0x80, 0x04, 0x0d, 0x01, 0x20, 0x30,
  0x50, 0x03, 0x80, 0x80, 0x04, 0x0c, 0x00, 0x20, 0x60, 0x07, 0x01, 0x00, 0x18, 0x28, 0x03, 0x40,
  0x48, 0x10, 0x00, 0xa0, 0x2a, 0x14, 0x00, 0x80, 0x24, 0x18, 0x1d, 0x2b, 0xe7, 0xf4, 0x01, 0x00,
  0x4c, 0x02, 0x81, 0x40, 0x0d, 0x03, 0x10, 0x40, 0x02, 0x81, 0x00, 0x0c, 0x00, 0x21, 0xe0, 0x1f,
  0xfc, 0x01, 0x0f, 0x02, 0x00, 0x18, 0x20, 0x01, 0x43, 0x40, 0xc4, 0x48, 0x12, 0x10, 0x04, 0xa0,
  0x1c, 0x05, 0x39, 0xc0, 0x09, 0xe6, 0x00, 0x5b, 0x20, 0x5c, 0x43, 0x59, 0x09, 0x21, 0x67, 0x00,
  0x99, 0x65, 0x8c, 0x09, 0xe2, 0x17, 0x01, 0xd7, 0x22, 0x8c, 0xe4, 0x82, 0x28, 0x02, 0x4a, 0x00,
  0x23, 0xfd, 0x00, 0xff, 0xe1, 0xb8, 0x07, 0xbf, 0xd6, 0x05, 0xfe, 0x90, 0x0f, 0xf7, 0xfb, 0x00,
  0xbf, 0xd2, 0x01, 0xff, 0xc6, 0x10, 0x1d, 0x21, 0xc0, 0x02, 0x05, 0xdc, 0x54, 0x10, 0xc4, 0x10,
  0xe2, 0x20, 0x30, 0x1a, 0x08, 0x9e, 0x00, 0x18, 0x04, 0x30, 0xc0, 0x47, 0x01, 0x77, 0x65, 0x00,
  0xf0, 0x10, 0x00, 0x21, 0x00, 0x44, 0x07, 0xdc, 0x55, 0x00, 0x31, 0xc8, 0x68, 0x1b, 0xfe, 0x44,
  0x00, 0x38, 0xa1, 0xc0, 0x3a, 0xdf, 0x40, 0x39, 0xc3, 0x80, 0x32, 0x08, 0x90, 0x03, 0x68, 0x38,
  0x07, 0x38, 0x68, 0x06, 0x41, 0x12, 0x00, 0x6e, 0x07, 0x00, 0xe5, 0x0d, 0x00, 0xca, 0x02, 0x80,
  0x1b, 0xc1, 0xc0, 0x39, 0x42, 0x80, 0x32, 0x80, 0x98, 0x06, 0xf0, 0x60, 0x0e, 0x50, 0xb0, 0x0c,
  0xa0, 0x46, 0x01, 0x80, 0x2c, 0x00, 0x5b, 0x00, 0x03, 0x3d, 0xfb, 0x00, 0x18, 0x71, 0x84, 0x09,
  0xf0, 0x02, 0x82, 0x07, 0xb5, 0x03, 0x70, 0x03, 0x02, 0x42, 0x51, 0x05, 0x02, 0x00, 0x34, 0x02,
  0x50, 0x21, 0x10, 0x00, 0x80, 0x2e, 0x00, 0x10, 0x07, 0xfc, 0x20, 0x02, 0x00, 0xb8, 0x00, 0x48,
  0x00, 0xd0, 0x09, 0x40, 0x84, 0x18, 0x12, 0x12, 0x88, 0x28, 0x01, 0x04, 0x0f, 0x6a, 0x08, 0xe0,
  0x01, 0xc6, 0x10, 0x27, 0xb0, 0x00, 0x18, 0x00, 0x2b, 0x3b, 0xff, 0x00, 0x76, 0x6a, 0x00, 0x08,
  0x82, 0x01, 0xff, 0xde, 0x24, 0x00, 0x4b, 0x00, 0xef, 0xbf, 0xa4, 0x41, 0xf1, 0x04, 0x05, 0xbc,
  0x40, 0x07, 0x56, 0xa0, 0x2c, 0xfb, 0x8a, 0x94, 0x00, 0xe0, 0x20, 0x08, 0x80, 0x02, 0x01, 0xd2,
  0x00, 0xa0, 0x0d, 0x68, 0x12, 0x40, 0x15, 0xa0, 0x43, 0x00, 0x56, 0x81, 0x0e, 0x01, 0x5a, 0x02,
  0xa8, 0x8a, 0x64, 0x00, 0x2e, 0xee, 0x10, 0x0f, 0xc0, 0x27, 0xe0, 0x53, 0x01, 0xff, 0xfe, 0x60,
  0x0f, 0xe3, 0x06, 0xdd, 0xb0, 0x40, 0xd4, 0x04, 0x8a, 0x91, 0x16, 0x80, 0x73, 0x28, 0x50, 0x80,
  0x74, 0x80, 0x3d, 0x00, 0x3f, 0x25, 0xa8, 0x06, 0xff, 0x60, 0x02, 0x40, 0x3c, 0x66, 0x01, 0x06,
  0xe8, 0x44, 0x41, 0x83, 0x85, 0x8b, 0xdd, 0x9c, 0x06, 0x03, 0x1c, 0xc0, 0x02, 0xb8, 0x40, 0x2c,
  0x00, 0x5b, 0x00, 0x3a, 0x7f, 0xc4, 0x01, 0xe4, 0x60, 0x82, 0x00, 0xe1, 0xa0, 0x47, 0x00, 0xf5,
  0x08, 0xa8, 0x03, 0xce, 0x81, 0x60, 0x66, 0x00, 0x8a, 0x01, 0x54, 0xf9, 0x81, 0x00, 0x78, 0x0d,
  0x00, 0x79, 0xc8, 0x07, 0xfd, 0x20, 0x0e, 0xe7, 0x80, 0x7f, 0xa7, 0x77, 0x98, 0x01, 0x98, 0x12,
  0x2e, 0xe0, 0x01, 0x10, 0x03, 0xfe, 0x28, 0x00, 0x53, 0x01, 0xff, 0xfc, 0xc0, 0x0e, 0x00, 0xfe,
  0x30, 0x3d, 0xdc, 0xe0, 0x01, 0x06, 0x22, 0xc2, 0x00, 0x70, 0x01, 0x08, 0x07, 0x10, 0x2e, 0xf7,
  0x1c, 0x02, 0x10, 0x0c, 0x31, 0x20, 0x0f, 0xfd, 0x84, 0x0c, 0x01, 0xe3, 0x40, 0x00, 0x9f, 0x4a,
  0xa3, 0xb0, 0x10, 0xc8, 0xb5, 0x5c, 0x00, 0x24, 0x2e, 0x0c, 0x00, 0x29, 0x88, 0x00, 0x28, 0x00,
  0x53, 0x00, 0x25, 0xbe, 0xfe, 0xa2, 0x00, 0x4d, 0x20, 0x80, 0xa8, 0x01, 0x98, 0x07, 0x79, 0x4e,
  0x41, 0x00, 0x58, 0x86, 0xb0, 0x06, 0x21, 0x40, 0x1e, 0x60, 0x0a, 0xff, 0xd8, 0x80, 0x1a, 0x10,
  0x00, 0x76, 0x82, 0x00, 0x1c, 0xfc, 0x10, 0xf5, 0x00, 0x31, 0x81, 0xa0, 0x30, 0xa0, 0x31, 0x81,
  0xa8, 0x38, 0x50, 0x8b, 0x3f, 0x00, 0x10, 0x03, 0xec, 0x20, 0x2b, 0xa4, 0x28, 0x00, 0x53, 0x27,
  0xff, 0xf3, 0x00, 0x7f, 0xf0, 0x0f, 0x32, 0x30, 0x03, 0x80, 0x1c, 0xcc, 0x46, 0x0a, 0x31, 0xb4,
  0x00, 0x90, 0x07, 0x00, 0x90, 0x80, 0x18, 0x09, 0x00, 0x39, 0x44, 0x28, 0x03, 0xdc, 0x00, 0x60,
  0x0e, 0x24, 0x05, 0x10, 0x0e, 0xa0, 0x04, 0x80, 0x79, 0x80, 0x8c, 0x03, 0x98, 0x42, 0x80, 0x30,
  0x2c, 0x00, 0x53, 0x00, 0x0b, 0x9f, 0xee, 0x91, 0x00, 0x3d, 0x18, 0x00, 0x5b, 0xc4, 0x20, 0x0b,
  0xbe, 0x40, 0x58, 0x02, 0x51, 0x06, 0x00, 0x78, 0x20, 0x32, 0x14, 0x00, 0x30, 0x24, 0x06, 0xf5,
  0xc1, 0x50, 0x38, 0x00, 0xae, 0x40, 0xac, 0xa6, 0x13, 0x51, 0xa4, 0x10, 0x60, 0x05, 0x00, 0x9c,
  0x05, 0x40, 0x10, 0x20, 0x8a, 0x06, 0x65, 0x04, 0xef, 0xb0, 0x07, 0x85, 0x49, 0x80, 0x05, 0x74,
  0xc0, 0x28, 0x00, 0x53, 0x00, 0x67, 0xbf, 0xa8, 0x80, 0x03, 0x8c, 0x20, 0x2b, 0xa8, 0x0c, 0x41,
  0x5f, 0xc6, 0x14, 0x1a, 0x02, 0xa0, 0x32, 0x02, 0x84, 0x02, 0xa0, 0x52, 0x00, 0x3a, 0x10, 0xaf,
  0xd3, 0x00, 0x79, 0x62, 0x80, 0x0e, 0x40, 0x31, 0x57, 0xfb, 0x08, 0x01, 0xc0, 0x1e, 0xf0, 0x03,
  0x83, 0x30, 0xd2, 0x90, 0x18, 0x42, 0x27, 0x2d, 0x40, 0xe4, 0x00, 0xe4, 0x00, 0x39, 0xc0, 0x00,
  0x10, 0x00, 0x22, 0x47, 0x78, 0xdc, 0x86, 0x94, 0x01, 0x87, 0xda, 0xa0, 0x24, 0x00, 0x11, 0x01,
  0xf7, 0x15, 0x40, 0x0c, 0x72, 0x1a, 0x10, 0x1d, 0x23, 0x07, 0x78, 0xdc, 0x86, 0x94, 0x01, 0x87,
  0xda, 0xa0, 0x24, 0x01, 0x08, 0x17, 0x71, 0x50, 0x43, 0x10, 0x43, 0x88, 0x80, 0xc0, 0x68, 0x22,
  0x78, 0x00, 0x28, 0x01, 0x4a, 0x40, 0x3e, 0x66, 0x00, 0x63, 0x9f, 0x9f, 0x01, 0x7d, 0xc6, 0x05,
  0xa0, 0xe8, 0x23, 0x9e, 0xa3, 0x00, 0x8a, 0x58, 0x40, 0x27, 0x12, 0xae, 0x93, 0x00, 0x47, 0x5a,
  0x8b, 0x64, 0x00, 0x49, 0x5d, 0x04, 0x20, 0x1c, 0x2f, 0xb0, 0x28, 0x02, 0x49, 0xc3, 0xff, 0xe9,
  0x00, 0xff, 0x7f, 0xfd, 0x20, 0x1f, 0xef, 0xff, 0xa4, 0x03, 0xfd, 0xff, 0xf4, 0x80, 0x28, 0x01,
  0x4a, 0x42, 0x8c, 0x03, 0xe5, 0xcd, 0x71, 0x00, 0xd2, 0x65, 0x1d, 0x48, 0x00, 0x6c, 0xd7, 0x15,
  0xb9, 0x00, 0x8a, 0x64, 0x01, 0xcb, 0x7d, 0x00, 0x9a, 0x1f, 0x48, 0x2f, 0xb6, 0x80, 0x04, 0xbe,
  0x82, 0x00, 0xba, 0xd0, 0x03, 0x80, 0x27, 0xe0, 0x53, 0x00, 0x07, 0x7d, 0xfd, 0x44, 0x00, 0x6c,
  0x41, 0x01, 0x5d, 0x20, 0xe0, 0x3b, 0xc6, 0x00, 0x50, 0x46, 0xe2, 0x1c, 0x00, 0x71, 0x00, 0x4c,
  0x00, 0xb0, 0x0e, 0x68, 0x07, 0x30, 0x0c, 0x72, 0x0f, 0x00, 0x1c, 0xa4, 0x70, 0x01, 0xe6, 0xdc,
  0x00, 0xf9, 0xba, 0xc0, 0x3e, 0xb1, 0x43, 0x00, 0xf5, 0x82, 0x18, 0x00, 0x44, 0x1d, 0x83, 0xc0,
  0x31, 0x46, 0x7f, 0xba, 0xd8, 0x03, 0xe7, 0xd7, 0x15, 0x64, 0x59, 0xe3, 0x00, 0xd3, 0x07, 0x9b,
  0x53, 0x5d, 0x41, 0x86, 0x00, 0x46, 0x3c, 0x28, 0xcb, 0x4a, 0x98, 0x1d, 0x00, 0x40, 0x70, 0xe3,
  0x9a, 0x5a, 0x98, 0x58, 0xb1, 0x1a, 0x14, 0x90, 0xef, 0xb8, 0x04, 0xa3, 0xac, 0x06, 0x0a, 0x10,
  0x41, 0x02, 0x01, 0x2a, 0x84, 0x38, 0x08, 0x14, 0x02, 0x20, 0x0e, 0x10, 0xe0, 0x10, 0x60, 0x08,
  0x80, 0x27, 0x36, 0x03, 0x04, 0x09, 0x00, 0x30, 0x80, 0x88, 0xdc, 0x8d, 0x0a, 0x00, 0xff, 0x64,
  0x82, 0x3c, 0x24, 0x20, 0x38, 0xb0, 0xc0, 0xe3, 0x10, 0x0e, 0x8c, 0x11, 0x8f, 0x03, 0x3f, 0x9c,
  0x6f, 0xf5, 0x40, 0x29, 0x83, 0xcd, 0xa9, 0xae, 0xb0, 0x0f, 0x9f, 0x5c, 0x15, 0x91, 0x74, 0x03,
  0x00, 0x33, 0xe0, 0x73, 0x00, 0x39, 0x7f, 0xd2, 0x01, 0xfe, 0x90, 0x03, 0x08, 0x07, 0xe3, 0x30,
  0x04, 0xc0, 0x1f, 0xa8, 0x09, 0x42, 0x80, 0x3e, 0x16, 0x0a, 0x90, 0x24, 0x00, 0xf3, 0x00, 0x18,
  0xc8, 0x3c, 0x03, 0xd4, 0x0a, 0x21, 0x40, 0x84, 0x01, 0x90, 0x83, 0xc0, 0x0c, 0x00, 0xa0, 0x0d,
  0xe0, 0x0a, 0xff, 0x70, 0x01, 0x80, 0x21, 0x40, 0x0f, 0xc2, 0xc0, 0x09, 0x00, 0x77, 0xff, 0x08,
  0x50, 0x01, 0x81, 0x04, 0x03, 0xa4, 0x0c, 0xc0, 0x30, 0x20, 0x5b, 0x2b, 0xff, 0xd8, 0xa0, 0x1f,
  0xc7, 0x4e, 0x01, 0x0f, 0xfd, 0x82, 0x12, 0x01, 0xf1, 0xb8, 0x08, 0x07, 0xc4, 0x80, 0x20, 0x10,
  0xff, 0xda, 0x41, 0x00, 0x1f, 0xc4, 0x80, 0x10, 0xff, 0xe8, 0x2d, 0x20, 0x0f, 0x98, 0x01, 0x40,
  0x1e, 0x16, 0x00, 0xe1, 0xff, 0xba, 0x00, 0x14, 0x01, 0xf0, 0xae, 0x10, 0x30, 0x00, 0x63, 0x00,
  0x22, 0xae, 0xff, 0x63, 0x00, 0x66, 0xd5, 0x10, 0x01, 0xce, 0x00, 0x16, 0x40, 0x0f, 0x74, 0x80,
  0x1a, 0x00, 0x1b, 0x08, 0xb7, 0x58, 0x06, 0x40, 0xe4, 0x01, 0x94, 0x00, 0xc0, 0x0c, 0x00, 0xff,
  0xe4, 0x30, 0x03, 0x00, 0x3f, 0x19, 0x03, 0x90, 0x06, 0x60, 0x0a, 0x40, 0x1b, 0x08, 0xb7, 0x38,
  0x20, 0x92, 0x00, 0x7b, 0xa4, 0x07, 0x10, 0x03, 0x6a, 0x88, 0x00, 0xe6, 0xc0, 0x34, 0x20, 0x63,
  0x2b, 0xff, 0xba, 0xd0, 0x03, 0xf8, 0x52, 0xe8, 0x03, 0xb3, 0x29, 0x20, 0x59, 0x00, 0x84, 0xce,
  0x6d, 0x30, 0x62, 0x00, 0xfd, 0x00, 0x04, 0x00, 0xfc, 0xa0, 0x0f, 0x00, 0xff, 0xe4, 0x28, 0x03,
  0xc0, 0x3f, 0x40, 0x01, 0x00, 0x02, 0x67, 0x2e, 0x98, 0x31, 0x00, 0x59, 0x95, 0x10, 0x2c, 0x80,
  0x7c, 0x29, 0x74, 0x00, 0x2c, 0x20, 0x4b, 0x2b, 0xff, 0xec, 0x00, 0xff, 0x87, 0x77, 0xb8, 0x02,
  0x22, 0xf0, 0x07, 0xfc, 0x3f, 0xfc, 0x20, 0x1f, 0xf0, 0xf7, 0x70, 0x80, 0x42, 0x3c, 0x01, 0x88,
  0xbc, 0x00, 0x1d, 0xdf, 0x00, 0x7f, 0x00, 0x28, 0x20, 0x4b, 0x2b, 0xff, 0xec, 0x00, 0xff, 0x87,
  0x77, 0xb8, 0x02, 0x22, 0xf0, 0x07, 0xfc, 0x24, 0x5c, 0x01, 0xb7, 0x78, 0x40, 0x3f, 0xe1, 0xff,
  0xe1, 0x00, 0xff, 0xe7, 0x80, 0x30, 0x00, 0x63, 0x00, 0x22, 0x9e, 0xff, 0x63, 0x80, 0x66, 0xd6,
  0x10, 0x01, 0xc6, 0x88, 0x2c, 0x80, 0x1e, 0xe9, 0x80, 0x34, 0x00, 0x36, 0x11, 0x66, 0xf0, 0x4c,
  0x81, 0xc8, 0x03, 0x20, 0x83, 0x00, 0x30, 0x03, 0x8c, 0xc0, 0x1f, 0xc3, 0x98, 0x46, 0x00, 0x60,
  0x07, 0xe3, 0x20, 0x73, 0x00, 0xfd, 0x20, 0x0c, 0x84, 0x5b, 0x00, 0xc9, 0x20, 0x07, 0xba, 0x50,
  0x03, 0x00, 0x1b, 0x54, 0x40, 0x07, 0x1c, 0x40, 0x34, 0x20, 0x5b, 0x2b, 0xf8, 0x03, 0xbf, 0xd2,
  0x01, 0xff, 0xe2, 0x1f, 0xfe, 0x00, 0xff, 0xe2, 0xdd, 0xf0, 0x07, 0x0a, 0x27, 0x00, 0x7f, 0xf6,
  0x00, 0x14, 0x20, 0x1b, 0x2b, 0xf8, 0x03, 0xff, 0xaa, 0x27, 0xe0, 0x4b, 0x00, 0x7f, 0xfc, 0xc0,
  0x1f, 0xe1, 0xdd, 0xac, 0x03, 0x88, 0xa6, 0x00, 0xff, 0xee, 0x90, 0x00, 0x40, 0x06, 0x13, 0x8c,
  0x70, 0x00, 0x71, 0x71, 0x9c, 0x40, 0x42, 0x1c, 0x51, 0x01, 0x7b, 0x00, 0x30, 0x20, 0x63, 0x2b,
  0xf8, 0x03, 0x4f, 0xf9, 0x40, 0x3e, 0x76, 0x08, 0x50, 0x0f, 0x2c, 0x03, 0x38, 0x07, 0x92, 0x81,
  0x24, 0x03, 0xc5, 0x60, 0x76, 0x01, 0xe1, 0xc0, 0x04, 0x80, 0x7e, 0x10, 0x05, 0x88, 0x07, 0xe6,
  0x01, 0xa0, 0x0f, 0xaa, 0x54, 0x11, 0x80, 0x38, 0x54, 0x28, 0x82, 0x4c, 0x03, 0xf7, 0x80, 0x38,
  0x03, 0xf1, 0x48, 0x15, 0x00, 0x28, 0x20, 0x4b, 0x2b, 0xf8, 0x03, 0xff, 0xfe, 0x01, 0xe2, 0x2e,
  0x10, 0x00, 0xee, 0xf4, 0x80, 0x7f, 0x00, 0x3c, 0x20, 0x6b, 0x2b, 0xec, 0x03, 0xe7, 0xfe, 0x00,
  0x22, 0x00, 0x38, 0x60, 0x03, 0xa4, 0x03, 0xa0, 0x03, 0xc4, 0xc0, 0x11, 0x30, 0x07, 0xd0, 0x01,
  0x40, 0x04, 0x20, 0x02, 0x01, 0x80, 0x35, 0x03, 0x00, 0xc3, 0x00, 0xe3, 0x00, 0xa8, 0x01, 0xce,
  0x41, 0x88, 0x10, 0x01, 0xf4, 0x81, 0x03, 0x97, 0x80, 0x79, 0x10, 0x03, 0x00, 0x1f, 0xd2, 0x76,
  0x01, 0xfe, 0x2c, 0x50, 0x0e, 0x34, 0x20, 0x5b, 0x2b, 0xf4, 0x03, 0xbf, 0xd2, 0x00, 0x2a, 0x00,
  0xff, 0x2b, 0x80, 0x7f, 0xa1, 0x00, 0x3f, 0xd4, 0x20, 0x1e, 0x14, 0x01, 0xd0, 0x0f, 0xa8, 0x80,
  0xe8, 0x03, 0xc3, 0xe0, 0x05, 0x00, 0xf8, 0xa8, 0x03, 0xfc, 0xae, 0x01, 0xfe, 0x84, 0x00, 0xff,
  0x51, 0x00, 0x00, 0x38, 0x00, 0x6b, 0x00, 0x22, 0x9e, 0xff, 0x63, 0x00, 0x73, 0x6b, 0x08, 0x00,
  0xe7, 0x04, 0x00, 0x92, 0x00, 0x7b, 0xa4, 0x03, 0xd0, 0x04, 0x80, 0x36, 0x11, 0x6d, 0x80, 0xd4,
  0xc8, 0x1c, 0x80, 0x34, 0x00, 0x39, 0x80, 0x18, 0x01, 0xc2, 0x60, 0xc0, 0x1f, 0xfc, 0x16, 0x00,
  0x60, 0x07, 0x09, 0x83, 0x19, 0x03, 0x90, 0x06, 0xb0, 0x07, 0x04, 0x80, 0x36, 0x11, 0x71, 0x40,
  0xd4, 0x12, 0x40, 0x0f, 0x74, 0x60, 0x7a, 0x01, 0x36, 0xb0, 0x80, 0x0e, 0x70, 0x40, 0x30, 0x20,
  0x5b, 0x2b, 0xff, 0xb6, 0x44, 0x03, 0xf1, 0x37, 0x88, 0x06, 0xcc, 0x98, 0x06, 0xc0, 0x21, 0x33,
  0xa4, 0xc1, 0x40, 0x3f, 0x28, 0x07, 0xf9, 0x40, 0x38, 0x48, 0x87, 0x26, 0x0a, 0x01, 0xb7, 0x58,
  0xc0, 0x36, 0x01, 0xf1, 0x37, 0x88, 0x04, 0x3f, 0xf6, 0xc8, 0x80, 0x7f, 0xf3, 0x00, 0x38, 0x1e,
  0x73, 0x80, 0x22, 0x9e, 0xff, 0x63, 0x00, 0x79, 0xb5, 0x84, 0x00, 0x73, 0x82, 0x01, 0x24, 0x80,
  0x1e, 0xe9, 0x00, 0xf4, 0x02, 0x90, 0x06, 0xc2, 0x2d, 0xb0, 0x1a, 0x81, 0x90, 0x39, 0x00, 0x68,
  0x00, 0x70, 0x30, 0x03, 0x00, 0x38, 0x4c, 0x18, 0x03, 0xff, 0x86, 0xc0, 0x0c, 0x00, 0xe1, 0x30,
  0x60, 0x32, 0x07, 0x20, 0x0d, 0x60, 0x0e, 0x00, 0x48, 0x03, 0x61, 0x17, 0x14, 0x0d, 0x40, 0x09,
  0x20, 0x07, 0xba, 0x30, 0x3d, 0x00, 0xcd, 0xac, 0x20, 0x13, 0x60, 0x10, 0x06, 0x29, 0xe8, 0x00,
  0x37, 0xf6, 0x90, 0x07, 0x9f, 0x14, 0x40, 0xa4, 0x80, 0x30, 0x20, 0x5b, 0x2b, 0xff, 0xb6, 0x44,
  0x03, 0xf1, 0x37, 0x88, 0x06, 0xcc, 0x98, 0x06, 0xc0, 0x21, 0x33, 0xa4, 0xc1, 0x40, 0x3f, 0x28,
  0x07, 0xf9, 0x40, 0x38, 0x48, 0xa8, 0x30, 0x50, 0x0d, 0xbb, 0x38, 0x0d, 0x80, 0x7e, 0x1f, 0x10,
  0x08, 0x7f, 0xd4, 0x02, 0xc0, 0x1f, 0x2b, 0x04, 0x18, 0x07, 0xd2, 0x41, 0xc0, 0x28, 0x00, 0x53,
  0x00, 0x0b, 0x9f, 0xee, 0xb6, 0x00, 0x45, 0x18, 0x00, 0x52, 0x44, 0x9c, 0x13, 0x36, 0xd9, 0x45,
  0xc0, 0x1e, 0x64, 0x93, 0x40, 0xc0, 0x09, 0x61, 0x00, 0xc6, 0xa0, 0x53, 0xdb, 0x02, 0x00, 0xa9,
  0x30, 0x01, 0x3f, 0x90, 0x01, 0xb3, 0xa9, 0x00, 0x60, 0x08, 0x00, 0x2b, 0x64, 0x0c, 0x3b, 0x6a,
  0x64, 0xe4, 0x08, 0x80, 0x4a, 0xcd, 0x80, 0x19, 0x5b, 0x52, 0x00, 0x13, 0xf8, 0x80, 0x28, 0x00,
  0x53, 0x3f, 0xff, 0xb4, 0x03, 0xfd, 0xb9, 0x88, 0x00, 0x4e, 0x63, 0xc8, 0xcc, 0x40, 0x05, 0x33,
  0x10, 0x07, 0xff, 0xfc, 0x03, 0x80, 0x34, 0x20, 0x5b, 0x33, 0xf4, 0x03, 0x1f, 0xf9, 0x80, 0x3f,
  0xfe, 0xa6, 0xe0, 0x60, 0x19, 0xc0, 0x23, 0x01, 0x30, 0x0b, 0x40, 0x0f, 0x40, 0x0d, 0x64, 0x96,
  0x03, 0x22, 0x40, 0x0c, 0xdb, 0x00, 0xf0, 0x01, 0xe9, 0x00, 0x02, 0xde, 0x40, 0x33, 0xe0, 0x73,
  0x03, 0xbf, 0x40, 0x3d, 0x7f, 0xc0, 0x06, 0x02, 0x40, 0x0c, 0x28, 0x12, 0x00, 0xa0, 0x07, 0x00,
  0x66, 0x00, 0x30, 0x00, 0x90, 0x14, 0x40, 0x29, 0x05, 0x10, 0x0b, 0x80, 0x0c, 0x00, 0x41, 0x0e,
  0x00, 0xca, 0x21, 0x40, 0x0f, 0x02, 0x40, 0x0e, 0x60, 0x23, 0x14, 0x0a, 0x00, 0xf5, 0x00, 0x26,
  0x40, 0x06, 0x00, 0xf1, 0x20, 0x2b, 0x02, 0x88, 0x07, 0xdc, 0x00, 0x10, 0xe0, 0x0f, 0xca, 0x20,
  0x02, 0x40, 0x0f, 0xe6, 0x00, 0x50, 0x07, 0x00, 0x4c, 0x00, 0x9b, 0x1f, 0xfc, 0x60, 0x1b, 0xfd,
  0x80, 0x19, 0x7f, 0xc2, 0xa0, 0x04, 0x00, 0x90, 0x00, 0x62, 0x01, 0x78, 0x18, 0x90, 0x85, 0x80,
  0x5a, 0x01, 0x20, 0x04, 0xa1, 0x60, 0x07, 0x03, 0x10, 0x03, 0x80, 0x5e, 0x00, 0x40, 0x02, 0x80,
  0x34, 0x00, 0xe0, 0x62, 0x06, 0x0a, 0x00, 0xd0, 0x12, 0x00, 0x20, 0x03, 0x02, 0xc0, 0x60, 0x00,
  0x80, 0xe0, 0xe0, 0x19, 0x41, 0x41, 0x41, 0xd0, 0x43, 0x0c, 0x43, 0x40, 0x37, 0x80, 0x18, 0x83,
  0x41, 0xc1, 0x6c, 0x00, 0x80, 0x19, 0x00, 0x10, 0x02, 0x81, 0xa0, 0x4c, 0x0a, 0x01, 0xc2, 0x80,
  0x20, 0xe0, 0x04, 0x00, 0x08, 0x78, 0x07, 0xb0, 0x02, 0xd0, 0x09, 0x40, 0x24, 0x00, 0xf2, 0x80,
  0x48, 0x01, 0x78, 0x01, 0x04, 0x02, 0x2c, 0x00, 0x63, 0x1b, 0xfd, 0x00, 0x10, 0xff, 0xb0, 0x19,
  0x01, 0xcc, 0x01, 0x60, 0x0e, 0x00, 0x48, 0x03, 0x81, 0x54, 0x12, 0x40, 0x02, 0x90, 0x29, 0xb0,
  0x46, 0x00, 0xcc, 0x60, 0xc2, 0x12, 0x01, 0xee, 0x00, 0xa4, 0x80, 0x3c, 0x20, 0x16, 0x00, 0x7d,
  0xc0, 0x12, 0xa8, 0x03, 0xa4, 0x82, 0xc8, 0x2c, 0x40, 0x24, 0x60, 0x54, 0xe0, 0x1a, 0x00, 0xa8,
  0x06, 0xc0, 0xd8, 0x11, 0x42, 0x44, 0x2c, 0x40, 0x12, 0x21, 0x42, 0x2f, 0xe0, 0x6b, 0x03, 0xbf,
  0x00, 0x3b, 0x3f, 0x00, 0x10, 0x06, 0xa0, 0x12, 0x98, 0x78, 0x01, 0x88, 0x2c, 0x02, 0x80, 0x53,
  0x00, 0xa4, 0x05, 0xc1, 0xc8, 0x20, 0x03, 0x22, 0x02, 0x0a, 0x01, 0xc8, 0x03, 0xa4, 0x01, 0xa0,
  0x30, 0x01, 0xe2, 0x60, 0x0a, 0x00, 0x3f, 0x40, 0x00, 0x98, 0x03, 0xf0, 0x88, 0x18, 0x03, 0xff,
  0xc0, 0x2c, 0x00, 0x5b, 0x13, 0xff, 0xf8, 0x80, 0x3f, 0xe4, 0xcc, 0xe6, 0x00, 0x31, 0x01, 0x9e,
  0x06, 0x03, 0x90, 0x0e, 0x1d, 0x01, 0xd0, 0x0f, 0x50, 0x85, 0x08, 0x07, 0x42, 0x03, 0xa0, 0x07,
  0x23, 0x81, 0xc0, 0x07, 0x0d, 0x00, 0xe8, 0x07, 0xb4, 0x42, 0x0c, 0x8b, 0x0a, 0x98, 0x02, 0x77,
  0x79, 0xcc, 0x03, 0xfc, 0x18, 0x3d, 0x2b, 0xeb, 0xfe, 0xa0, 0x0f, 0x8b, 0xe8, 0x03, 0xff, 0xd0,
  0x5f, 0x40, 0x1c, 0x1b, 0xfe, 0x44, 0x12, 0x10, 0x03, 0x85, 0xe4, 0x03, 0x94, 0x08, 0xc0, 0x39,
  0x42, 0xc0, 0x3b, 0xc1, 0x80, 0x39, 0x40, 0x4c, 0x03, 0x94, 0x28, 0x03, 0xb8, 0x1c, 0x03, 0x90,
  0x44, 0x80, 0x1c, 0xe1, 0xa0, 0x1d, 0xa0, 0xe0, 0x1c, 0x82, 0x24, 0x00, 0xe7, 0x0d, 0x00, 0xed,
  0x07, 0x00, 0xe4, 0x11, 0x20, 0x07, 0x38, 0x70, 0x18, 0x1d, 0x2b, 0xf3, 0xfe, 0x90, 0x0e, 0xcf,
  0x00, 0xff, 0xf4, 0xe7, 0x80, 0x7e, 0x28, 0x02, 0x49, 0xc0, 0x26, 0xff, 0x00, 0x7a, 0x80, 0x0c,
  0x01, 0x8c, 0xe0, 0xb0, 0x0d, 0x21, 0x08, 0x48, 0x00, 0x15, 0x24, 0xf0, 0xe0, 0x03, 0x05, 0x02,
  0x12, 0x88, 0x50, 0x30, 0x02, 0x81, 0x80, 0x20, 0x1e, 0x40, 0xc8, 0xbf, 0x6e, 0xfe, 0xaa, 0xfc,
  0x28, 0x2a, 0x30, 0xca, 0x20, 0x40, 0x02, 0xf7, 0xf1, 0x00, 0x3d, 0x16, 0x80, 0x28, 0x00, 0x4a,
  0x41, 0x2b, 0xbf, 0xac, 0xc0, 0x12, 0xa2, 0x02, 0x98, 0x41, 0x6f, 0xbd, 0x40, 0x0b, 0x06, 0x82,
  0x15, 0x30, 0x20, 0x5c, 0xff, 0x8c, 0x1c, 0xa8, 0xd1, 0xdc, 0x40, 0x04, 0x00, 0x54, 0x40, 0x02,
  0x40, 0x06, 0x4e, 0x90, 0x00, 0xac, 0x88, 0xce, 0xc0, 0x00, 0x2c, 0x20, 0x53, 0x37, 0xe8, 0x03,
  0xff, 0xa5, 0x3d, 0xfa, 0xc0, 0x19, 0x58, 0x40, 0xa6, 0x00, 0x33, 0x6e, 0x10, 0x39, 0x00, 0x0e,
  0x48, 0xf8, 0x00, 0x80, 0x05, 0x00, 0x8c, 0x01, 0xc0, 0x05, 0x00, 0x8c, 0x01, 0xc0, 0x03, 0x92,
  0x3e, 0x00, 0x20, 0x04, 0xdb, 0x84, 0x0e, 0x40, 0x06, 0x60, 0x81, 0x4c, 0x00, 0x24, 0x00, 0x52,
  0x40, 0x07, 0x7d, 0xfa, 0xe0, 0x12, 0xe2, 0x08, 0x14, 0x58, 0x0d, 0x01, 0x5e, 0xb8, 0x10, 0x20,
  0x03, 0x90, 0xa3, 0xa4, 0x08, 0x00, 0x60, 0x10, 0x80, 0x08, 0x00, 0x60, 0x10, 0x80, 0x10, 0x01,
  0xc8, 0x51, 0xd2, 0x03, 0x40, 0x57, 0xae, 0x04, 0x00, 0x5c, 0x41, 0x02, 0x7b, 0x00, 0x2c, 0x00,
  0x53, 0x00, 0x3e, 0x9f, 0xe0, 0x0f, 0xfe, 0x52, 0xe7, 0xfa, 0x8c, 0x02, 0x7a, 0x30, 0x02, 0xa8,
  0x00, 0x30, 0x05, 0x7a, 0xe0, 0x12, 0x00, 0x25, 0x0a, 0x10, 0x00, 0x40, 0x05, 0x00, 0x8c, 0x00,
  0x40, 0x05, 0x00, 0x8c, 0x00, 0x80, 0x09, 0x42, 0x84, 0x00, 0x0c, 0x01, 0x5e, 0xb8, 0x06, 0x7a,
  0x30, 0x02, 0xb8, 0x00, 0x28, 0x00, 0x52, 0x40, 0x09, 0x7f, 0xec, 0x60, 0x09, 0xad, 0x00, 0x07,
  0x32, 0x01, 0x90, 0x5f, 0xf4, 0x83, 0x1a, 0x00, 0x0e, 0x21, 0xc2, 0x16, 0x40, 0x06, 0x77, 0x84,
  0x04, 0x80, 0x1b, 0xff, 0xd2, 0x80, 0x0e, 0x31, 0x3b, 0x20, 0x1a, 0x03, 0xce, 0xc4, 0x90, 0x02,
  0xe2, 0x08, 0x0b, 0x50, 0x00, 0x18, 0x00, 0x3b, 0x00, 0x09, 0x9f, 0xe6, 0x02, 0xb3, 0x00, 0x10,
  0x28, 0x03, 0x79, 0x3a, 0x00, 0x1b, 0xc2, 0x60, 0x1e, 0xd7, 0x00, 0x7f, 0x84, 0x03, 0xff, 0xbc,
  0x2c, 0x1d, 0x5b, 0x00, 0x0d, 0xbf, 0xea, 0x7f, 0xf0, 0x02, 0x64, 0x40, 0x05, 0x80, 0x08, 0x98,
  0x13, 0x7e, 0xc0, 0x32, 0x00, 0x24, 0x81, 0x1c, 0x02, 0x10, 0x0f, 0xf2, 0x00, 0x24, 0x81, 0x1c,
  0x02, 0x35, 0x04, 0xdf, 0xb0, 0x0e, 0xa8, 0x10, 0x01, 0xa8, 0x07, 0x3f, 0x73, 0xf0, 0x00, 0x20,
  0x05, 0xc5, 0x01, 0x65, 0x04, 0x00, 0x41, 0xd7, 0x72, 0x40, 0x60, 0x01, 0xec, 0x40, 0x01, 0x6c,
  0x20, 0x2c, 0x20, 0x4b, 0x37, 0xe8, 0x03, 0xff, 0x9f, 0x1d, 0xfa, 0xc0, 0x12, 0xb8, 0x81, 0x4a,
  0x80, 0x4d, 0x72, 0x00, 0x90, 0x01, 0x4a, 0x32, 0x81, 0x00, 0x1c, 0x02, 0x20, 0x10, 0x0f, 0xfe,
  0xc0, 0x14, 0x00, 0x23, 0x40, 0xdc, 0x87, 0x23, 0xc4, 0x00, 0x21, 0xb5, 0xa1, 0xf5, 0x60, 0x1f,
  0xfd, 0x40, 0x17, 0xdd, 0x3c, 0x00, 0x22, 0x73, 0x00, 0xd9, 0x18, 0x01, 0xe1, 0x00, 0xdf, 0x5e,
  0x01, 0xaa, 0x9a, 0x01, 0xff, 0xee, 0x22, 0x28, 0x30, 0x16, 0xe8, 0x43, 0xc1, 0x84, 0x0a, 0x54,
  0x00, 0x28, 0x20, 0x53, 0x37, 0xe8, 0x03, 0xff, 0xa8, 0x9f, 0xec, 0x00, 0xe4, 0xb0, 0x3c, 0x00,
  0xc9, 0x60, 0x5a, 0x01, 0x9e, 0xc0, 0x70, 0x40, 0x31, 0x00, 0x04, 0x80, 0x3c, 0x60, 0x0d, 0x10,
  0x0c, 0x59, 0x40, 0x34, 0x01, 0x9c, 0x15, 0x81, 0x1c, 0x03, 0xd2, 0x61, 0x06, 0x14, 0x20, 0x1b,
  0x37, 0xe8, 0x03, 0xff, 0xaa, 0x44, 0x20, 0x7a, 0x77, 0xe6, 0x5d, 0xf8, 0x85, 0x5f, 0xec, 0x30,
  0x09, 0x98, 0x20, 0x77, 0x8a, 0x00, 0x3c, 0x20, 0x0a, 0x3a, 0x00, 0x03, 0x1d, 0x20, 0x0a, 0x00,
  0x1b, 0x8b, 0x88, 0x1b, 0x8b, 0x08, 0x10, 0x01, 0x80, 0x23, 0x06, 0x00, 0x88, 0x04, 0x03, 0xff,
  0xe0, 0x2c, 0x20, 0x4a, 0x77, 0xe6, 0x5d, 0xfa, 0xc0, 0x13, 0x30, 0x40, 0xa5, 0x40, 0x27, 0xdb,
  0x00, 0x48, 0x00, 0xe0, 0x91, 0x40, 0x80, 0x0c, 0x01, 0x10, 0x08, 0x07, 0xff, 0x60, 0x28, 0x00,
  0x52, 0x40, 0x07, 0x7f, 0xed, 0x70, 0x09, 0x71, 0x00, 0x05, 0x18, 0x03, 0x40, 0x57, 0xae, 0x07,
  0x08, 0x00, 0xe4, 0x28, 0x30, 0x52, 0x00, 0x18, 0x04, 0xa0, 0x44, 0x00, 0x18, 0x04, 0xa0, 0x48,
  0x00, 0xe4, 0x28, 0x30, 0x51, 0xa0, 0x2b, 0xd7, 0x03, 0x80, 0x5c, 0x40, 0x01, 0x46, 0x00, 0x2c,
  0x3d, 0x53, 0x37, 0xe6, 0x5d, 0xfa, 0xa0, 0x19, 0x98, 0x20, 0x54, 0xe0, 0x19, 0xb7, 0x08, 0x20,
  0x80, 0x07, 0x24, 0x7c, 0x00, 0x40, 0x02, 0x80, 0x46, 0x00, 0xe0, 0x02, 0x80, 0x46, 0x00, 0xe0,
  0x01, 0xc9, 0x1f, 0x00, 0x10, 0x02, 0x6d, 0xc2, 0x07, 0x20, 0x02, 0xb0, 0x81, 0x4c, 0x00, 0x69,
  0xef, 0xd6, 0x00, 0xff, 0xe5, 0x00, 0x2c, 0x1d, 0x53, 0x00, 0x0b, 0x9f, 0xea, 0x9f, 0xe0, 0x7a,
  0x30, 0x02, 0xb0, 0x00, 0x60, 0x0a, 0xf5, 0xc0, 0x27, 0x00, 0x72, 0x14, 0x18, 0x00, 0x40, 0x06,
  0x01, 0x28, 0x00, 0x40, 0x06, 0x01, 0x28, 0x01, 0xc0, 0x1c, 0x85, 0x06, 0x00, 0x18, 0x02, 0xbd,
  0x70, 0x0c, 0xf4, 0x60, 0x2c, 0xa0, 0x19, 0x73, 0xfa, 0x4c, 0x03, 0xff, 0x94, 0x1c, 0x20, 0x32,
  0x77, 0xe6, 0x5c, 0xe0, 0x06, 0x60, 0xf8, 0x04, 0x97, 0x20, 0x02, 0xb4, 0x10, 0x03, 0x80, 0x7f,
  0xf3, 0xc0, 0x20, 0x00, 0x4a, 0x40, 0xab, 0xbf, 0xad, 0x40, 0x75, 0x44, 0x05, 0x08, 0x1c, 0x01,
  0xdf, 0xea, 0x60, 0x30, 0x05, 0xb1, 0xa8, 0x82, 0xa0, 0x2c, 0xe7, 0x28, 0x02, 0xf6, 0x9c, 0x86,
  0x80, 0x12, 0x2b, 0x16, 0x00, 0x16, 0x66, 0x7f, 0xa4, 0x10, 0x51, 0x88, 0x00, 0x4f, 0x60, 0x1c,
  0x00, 0x3a, 0xc2, 0x3f, 0xc0, 0x1f, 0xee, 0x70, 0x07, 0xf8, 0x4c, 0x03, 0xda, 0xe0, 0x0f, 0xf0,
  0x80, 0x7f, 0xf2, 0xbc, 0x00, 0x64, 0x00, 0x40, 0x06, 0x6a, 0x81, 0xd1, 0x00, 0x98, 0x2c, 0x20,
  0x4a, 0x7b, 0xe4, 0x02, 0xaf, 0xd0, 0x0f, 0xfe, 0xc1, 0x81, 0x00, 0x4e, 0x00, 0x60, 0x47, 0x39,
  0x20, 0x07, 0x80, 0x23, 0x18, 0x02, 0x4a, 0x30, 0x16, 0x60, 0x00, 0x2b, 0xe0, 0x5a, 0x43, 0xbe,
  0x80, 0x37, 0x7c, 0x03, 0x02, 0x88, 0x01, 0x04, 0x24, 0x28, 0x00, 0xe0, 0x0f, 0x04, 0x10, 0x24,
  0x0a, 0x02, 0x40, 0xf0, 0x0b, 0x80, 0xcd, 0x40, 0x48, 0x01, 0x28, 0x85, 0x30, 0x50, 0x07, 0x30,
  0x30, 0x83, 0x00, 0x75, 0x00, 0x4a, 0x20, 0x1c, 0x48, 0x00, 0xe0, 0x08, 0x3c, 0x00, 0x7a, 0x77,
  0xe0, 0x02, 0xaf, 0xc0, 0x09, 0xbf, 0x28, 0x14, 0x02, 0x50, 0x32, 0x00, 0x50, 0x5a, 0x81, 0x18,
  0x28, 0x04, 0xa0, 0x26, 0x0c, 0x46, 0x16, 0x1c, 0x02, 0x16, 0x0e, 0x06, 0x21, 0x40, 0xa2, 0x81,
  0xa0, 0x65, 0x41, 0x40, 0x07, 0x02, 0x80, 0x33, 0x82, 0xcc, 0x1c, 0x00, 0x28, 0x0c, 0x14, 0x14,
  0x0c, 0x08, 0x20, 0x16, 0x80, 0x4e, 0x0e, 0x01, 0x68, 0x06, 0x70, 0x02, 0x08, 0x0a, 0x00, 0x18,
  0x00, 0x28, 0x00, 0x52, 0x5f, 0xfc, 0xa0, 0x0a, 0xfe, 0x17, 0x40, 0xb1, 0x65, 0x0d, 0x10, 0xa1,
  0x16, 0xc8, 0x39, 0x80, 0x06, 0xc0, 0xc0, 0xe0, 0x03, 0x29, 0x00, 0x24, 0x03, 0x98, 0x80, 0x10,
  0x01, 0x8a, 0x41, 0x40, 0xa8, 0x02, 0xf0, 0x2a, 0x90, 0x55, 0x04, 0x90, 0x78, 0x32, 0x05, 0x10,
  0x2b, 0xfd, 0x5b, 0x03, 0xbe, 0x80, 0x37, 0x7b, 0x84, 0x82, 0x88, 0x01, 0x44, 0x18, 0x18, 0x00,
  0xc0, 0x0e, 0x05, 0x10, 0x15, 0x0a, 0x02, 0x40, 0x90, 0x0a, 0x40, 0x92, 0x80, 0xcc, 0x01, 0x19,
  0x83, 0xd8, 0x28, 0x03, 0xa4, 0x10, 0x44, 0xc0, 0x1c, 0xa2, 0x00, 0x60, 0x0f, 0x9c, 0x01, 0x40,
  0x18, 0xcc, 0x48, 0x08, 0x40, 0x1b, 0xf3, 0x48, 0x24, 0x03, 0x94, 0x40, 0xec, 0x80, 0x30, 0x24,
  0x00, 0x4a, 0x57, 0xff, 0xe1, 0x00, 0xfc, 0x2b, 0xff, 0x40, 0x02, 0x80, 0x32, 0x40, 0x3a, 0x80,
  0x45, 0x40, 0x90, 0x01, 0xbc, 0x4a, 0x80, 0x35, 0x10, 0x78, 0x80, 0x4a, 0xa0, 0x06, 0xff, 0xc6,
  0x40, 0x1f, 0x80, 0x18, 0x1d, 0x3b, 0xc0, 0x03, 0x7f, 0xe0, 0x0a, 0x90, 0x03, 0x94, 0x13, 0xc0,
  0x21, 0x02, 0x00, 0xff, 0x08, 0x00, 0x40, 0x05, 0xc0, 0x0c, 0x00, 0xe1, 0x70, 0x01, 0x70, 0x0d,
  0x80, 0x42, 0x00, 0x10, 0x0f, 0xfe, 0x30, 0x82, 0x88, 0x04, 0xe0, 0x7c, 0x01, 0x42, 0x80, 0x40,
  0x14, 0x3d, 0x1b, 0xeb, 0xe4, 0x03, 0xff, 0xbc, 0x18, 0x1d, 0x33, 0xf3, 0xf0, 0xc0, 0x31, 0xe8,
  0x03, 0x1c, 0x04, 0x80, 0x18, 0x00, 0x10, 0x0f, 0xf9, 0xc0, 0x0a, 0x41, 0x6c, 0x02, 0x01, 0xc8,
  0x41, 0x6c, 0x01, 0x9c, 0x03, 0xff, 0x85, 0x80, 0x01, 0x0c, 0x70, 0x22, 0x00, 0x47, 0xe0, 0x00,
  0x28, 0x04, 0x48, 0xc1, 0x37, 0xe8, 0x83, 0xb0, 0x28, 0x85, 0x77, 0x85, 0x08, 0x5f, 0xa8, 0x85,
  0x20, 0x00, 0x00, 0x00,
};

alignas(4) const uint8_t WX_TEXT16[4224] = {
  0x30, 0x00, 0x00, 0x00, 0x68, 0x65, 0x61, 0x64, 0x01, 0x00, 0x00, 0x00, 0x03, 0x00, 0x10, 0x00,
  0x0e, 0x00, 0xfd, 0xff, 0x0f, 0x00, 0xfc, 0xff, 0x00, 0x00, 0xfd, 0xff, 0x0e, 0x00, 0x00, 0x00,
  0x10, 0x00, 0x00, 0x00, 0x00, 0x04, 0x05, 0x05, 0x06, 0x01, 0x00, 0x00, 0x01, 0x00, 0x00, 0x00,
  0x2c, 0x00, 0x00, 0x00, 0x63, 0x6d, 0x61, 0x70, 0x02, 0x00, 0x00, 0x00, 0x2c, 0x00, 0x00, 0x00,
  0x20, 0x00, 0x00, 0x00, 0x5f, 0x00, 0x01, 0x00, 0x5f, 0x00, 0x02, 0x00, 0x2c, 0x00, 0x00, 0x00,
  0xb0, 0x00, 0x00, 0x00, 0x01, 0x00, 0x60, 0x00, 0x01, 0x00, 0x02, 0x00, 0xd0, 0x00, 0x00, 0x00,
  0x6c, 0x6f, 0x63, 0x61, 0x61, 0x00, 0x00, 0x00, 0x08, 0x00, 0x08, 0x00, 0x0c, 0x00, 0x20, 0x00,
  0x2e, 0x00, 0x73, 0x00, 0xb9, 0x00, 0x07, 0x01, 0x4d, 0x01, 0x56, 0x01, 0x78, 0x01, 0x9c, 0x01,
  0xb8, 0x01, 0xd8, 0x01, 0xe5, 0x01, 0xf0, 0x01, 0xf8, 0x01, 0x2b, 0x02, 0x64, 0x02, 0x71, 0x02,
  0xa5, 0x02, 0xd6, 0x02, 0x0c, 0x03, 0x3e, 0x03, 0x7b, 0x03, 0xa8, 0x03, 0xe8, 0x03, 0x25, 0x04,
  0x34, 0x04, 0x48, 0x04, 0x69, 0x04, 0x7c, 0x04, 0x9d, 0x04, 0xcc, 0x04, 0x3e, 0x05, 0x7d, 0x05,
  0xb6, 0x05, 0xee, 0x05, 0x24, 0x06, 0x49, 0x06, 0x69, 0x06, 0xa7, 0x06, 0xc3, 0x06, 0xcb, 0x06,
  0xe7, 0x06, 0x1c, 0x07, 0x2e, 0x07, 0x6a, 0x07, 0x98, 0x07, 0xde, 0x07, 0x0d, 0x08, 0x66, 0x08,
  0x99, 0x08, 0xd4, 0x08, 0xea, 0x08, 0x0b, 0x09, 0x4c, 0x09, 0xb2, 0x09, 0xf0, 0x09, 0x21, 0x0a,
  0x53, 0x0a, 0x64, 0x0a, 0x95, 0x0a, 0xa5, 0x0a, 0xc3, 0x0a, 0xca, 0x0a, 0xd3, 0x0a, 0xfe, 0x0a,
  0x30, 0x0b, 0x59, 0x0b, 0x8d, 0x0b, 0xbb, 0x0b, 0xd7, 0x0b, 0x15, 0x0c, 0x35, 0x0c, 0x41, 0x0c,
  0x5b, 0x0c, 0x83, 0x0c, 0x8b, 0x0c, 0xb3, 0x0c, 0xd0, 0x0c, 0xff, 0x0c, 0x35, 0x0d, 0x6a, 0x0d,
  0x7d, 0x0d, 0xa5, 0x0d, 0xc3, 0x0d, 0xdf, 0x0d, 0x0b, 0x0e, 0x4f, 0x0e, 0x79, 0x0e, 0xb0, 0x0e,
  0xd3, 0x0e, 0xfa, 0x0e, 0x02, 0x0f, 0x24, 0x0f, 0x3c, 0x0f, 0x00, 0x00, 0x54, 0x0f, 0x00, 0x00,
  0x67, 0x6c, 0x79, 0x66, 0x10, 0x00, 0x00, 0x00, 0x10, 0x20, 0x1b, 0x2f, 0xc0, 0x30, 0x80, 0x42,
  0x06, 0x00, 0x13, 0x00, 0xde, 0x20, 0xf8, 0x00, 0x10, 0xce, 0x16, 0x10, 0x18, 0x27, 0x29, 0x7d,
  0x47, 0xcc, 0x03, 0x84, 0x60, 0x0f, 0x0c, 0xb0, 0x39, 0x80, 0x2c, 0x00, 0x5b, 0x00, 0x26, 0xc0,
  0x01, 0xf0, 0x07, 0x0b, 0x00, 0x18, 0x80, 0x3b, 0x88, 0x00, 0x4c, 0x00, 0x1f, 0xf3, 0x3f, 0xfa,
  0x17, 0xf4, 0x73, 0x03, 0x19, 0x83, 0x7c, 0xe0, 0x33, 0x0a, 0x99, 0x83, 0x4c, 0xc0, 0x01, 0x03,
  0x00, 0x13, 0x00, 0x62, 0x01, 0x00, 0x09, 0x00, 0x27, 0xf0, 0x3f, 0xe0, 0xef, 0x48, 0xc7, 0x3c,
  0xc4, 0x8e, 0x61, 0x04, 0xc1, 0x4c, 0xc0, 0x46, 0x60, 0x08, 0xb8, 0x00, 0x2c, 0x01, 0x00, 0x28,
  0x1e, 0x54, 0x00, 0x33, 0xc8, 0x07, 0xff, 0x11, 0x72, 0x1b, 0xa8, 0x80, 0x0f, 0x40, 0x86, 0xe9,
  0x00, 0x08, 0x4c, 0xc2, 0xcf, 0x58, 0x08, 0x18, 0x07, 0x08, 0x09, 0x32, 0x80, 0x7d, 0xc1, 0x50,
  0x8a, 0x01, 0x8f, 0xa8, 0xca, 0xbd, 0x40, 0x32, 0xdb, 0x59, 0x50, 0x80, 0x79, 0x20, 0x14, 0x20,
  0x03, 0xb4, 0x18, 0x9f, 0xeb, 0x16, 0x9d, 0x48, 0x9a, 0xce, 0x86, 0xf1, 0x40, 0x02, 0x9d, 0x86,
  0xd7, 0x00, 0xff, 0xe0, 0x00, 0x34, 0x00, 0x6b, 0x01, 0x37, 0x52, 0x01, 0x97, 0x40, 0x2a, 0xfd,
  0x26, 0x00, 0x0d, 0xf0, 0x01, 0x54, 0x41, 0xda, 0x00, 0xb7, 0x30, 0x01, 0x88, 0x01, 0x9c, 0x11,
  0x12, 0x01, 0x18, 0x80, 0x19, 0xc2, 0xac, 0x03, 0x2a, 0x90, 0x27, 0x61, 0x14, 0x03, 0xaa, 0x79,
  0x15, 0xad, 0x37, 0xe8, 0x00, 0x9b, 0xd1, 0xd0, 0x35, 0x3e, 0x10, 0x01, 0x9c, 0x59, 0x09, 0x02,
  0x54, 0x02, 0x28, 0xe0, 0x0e, 0x10, 0x0d, 0x30, 0x40, 0x84, 0x40, 0xa4, 0x00, 0x33, 0x1c, 0x02,
  0xaf, 0xe3, 0x80, 0x2c, 0x1f, 0x5b, 0x40, 0x2a, 0xff, 0x58, 0x80, 0x75, 0x25, 0xe3, 0xd0, 0x07,
  0x23, 0x21, 0xd2, 0x80, 0x72, 0xa0, 0x02, 0x90, 0x03, 0xa0, 0xeb, 0x46, 0xc0, 0x38, 0x88, 0xa3,
  0xa2, 0x01, 0x8f, 0xd9, 0xcd, 0xc0, 0x60, 0x01, 0xab, 0x71, 0x13, 0x23, 0x81, 0x8f, 0x80, 0x1d,
  0xd3, 0x6a, 0x01, 0x10, 0x05, 0x06, 0x38, 0x06, 0x93, 0x25, 0x6c, 0x34, 0x94, 0x0b, 0x77, 0x54,
  0x36, 0x5a, 0x88, 0x02, 0x3b, 0xfa, 0x8c, 0x29, 0x40, 0x0c, 0x27, 0x11, 0x7d, 0x40, 0x02, 0x20,
  0x04, 0xb0, 0x14, 0x3d, 0x23, 0xc0, 0x1b, 0x20, 0xa5, 0x61, 0xc6, 0x40, 0x88, 0x03, 0x0c, 0x06,
  0x06, 0x02, 0x03, 0x00, 0x84, 0x02, 0x10, 0x20, 0x30, 0x60, 0x60, 0x30, 0xc0, 0x02, 0x20, 0x01,
  0xc6, 0x40, 0xa5, 0x60, 0x14, 0x1d, 0x23, 0xcf, 0xd0, 0x0c, 0xd0, 0x00, 0xa3, 0x20, 0x70, 0x40,
  0x12, 0xc0, 0x03, 0x30, 0x00, 0x22, 0x00, 0x19, 0x80, 0x06, 0x60, 0x00, 0x88, 0x00, 0xcc, 0x01,
  0x2c, 0x07, 0x04, 0x0a, 0x32, 0x33, 0x40, 0x00, 0x18, 0x05, 0x39, 0xc0, 0x09, 0x40, 0x13, 0x38,
  0x00, 0xe8, 0x13, 0x2d, 0x77, 0xc0, 0xb4, 0x00, 0xae, 0x0f, 0xb2, 0x87, 0xe0, 0xf6, 0x43, 0x1a,
  0x01, 0x2c, 0x80, 0x40, 0x24, 0x21, 0x42, 0x40, 0x24, 0x10, 0x0f, 0x5a, 0x00, 0x7f, 0xc2, 0x30,
  0x18, 0x88, 0x3f, 0xb8, 0x13, 0xdc, 0x3d, 0xbb, 0x04, 0x5d, 0x8c, 0xc8, 0x80, 0x24, 0x40, 0x07,
  0xff, 0x02, 0xd0, 0x02, 0x10, 0x1d, 0x19, 0x80, 0x84, 0xb7, 0x46, 0x20, 0x2b, 0x60, 0xaa, 0x09,
  0x20, 0x18, 0x03, 0x30, 0xc0, 0x47, 0x00, 0xf7, 0x63, 0x1b, 0xbc, 0x40, 0x10, 0x00, 0x18, 0xc0,
  0xc4, 0xb3, 0x4c, 0x54, 0x1b, 0xfe, 0x44, 0x00, 0x39, 0x7c, 0x40, 0x3b, 0xd0, 0x40, 0x39, 0x74,
  0x03, 0x94, 0x1c, 0x03, 0xbd, 0x04, 0x03, 0x97, 0x40, 0x39, 0x41, 0xc0, 0x3b, 0xd0, 0x40, 0x39,
  0x74, 0x03, 0x90, 0x1c, 0x03, 0xb8, 0xc4, 0x03, 0x96, 0x80, 0x39, 0x01, 0xc0, 0x3b, 0x8c, 0x40,
  0x39, 0x28, 0x03, 0x90, 0x5c, 0x03, 0x80, 0x2c, 0x00, 0x53, 0x00, 0x29, 0xef, 0xd6, 0x00, 0xd8,
  0xc8, 0xe3, 0x30, 0x00, 0x83, 0xaa, 0x46, 0x2b, 0x98, 0x31, 0xa8, 0x05, 0x61, 0x42, 0x2b, 0x00,
  0xc2, 0x4a, 0x40, 0x20, 0x1c, 0xc4, 0x01, 0xfe, 0x20, 0xe0, 0x0e, 0x62, 0x11, 0x20, 0x06, 0x12,
  0x50, 0x93, 0x50, 0x0a, 0xc2, 0xc1, 0xce, 0xa9, 0x18, 0xae, 0x40, 0x0c, 0x74, 0x71, 0x98, 0x00,
  0x18, 0x00, 0x2b, 0x3b, 0xfe, 0x38, 0x82, 0x80, 0x19, 0xfc, 0x03, 0xff, 0xc6, 0x24, 0x00, 0x4b,
  0x01, 0x2f, 0xfd, 0xb0, 0x00, 0x7b, 0x66, 0x38, 0xbd, 0x02, 0xbe, 0xcc, 0x62, 0x28, 0x94, 0x00,
  0x6c, 0x03, 0x00, 0xf6, 0x81, 0x00, 0x72, 0x2b, 0x80, 0x71, 0xd9, 0xc0, 0x06, 0x3d, 0x3d, 0x00,
  0xc5, 0xa7, 0xa2, 0x01, 0x16, 0x1e, 0x08, 0x04, 0x58, 0x2a, 0xce, 0xf2, 0x20, 0x41, 0xe2, 0x37,
  0x00, 0x24, 0x00, 0x4b, 0x1b, 0xff, 0xe0, 0x48, 0x8c, 0xc0, 0x80, 0x4e, 0xf9, 0x4a, 0x80, 0x3a,
  0x4f, 0x84, 0x03, 0x2b, 0x49, 0x80, 0x74, 0x04, 0xd8, 0x80, 0x6e, 0xb7, 0x4c, 0x00, 0xc6, 0x91,
  0x24, 0xa0, 0x1e, 0x50, 0x34, 0x40, 0x06, 0xb0, 0x2f, 0xbc, 0x88, 0x5b, 0xa2, 0x2e, 0x01, 0xdc,
  0xcf, 0x60, 0x2c, 0x00, 0x5b, 0x00, 0x38, 0x7a, 0xc0, 0x3f, 0x50, 0x50, 0x07, 0xcc, 0x96, 0x20,
  0x1e, 0x29, 0x55, 0x00, 0x7d, 0xc3, 0x40, 0x1f, 0x41, 0xe8, 0x0e, 0xa8, 0x04, 0x6e, 0xe3, 0x03,
  0x23, 0x00, 0xb4, 0x68, 0x88, 0xc0, 0x24, 0x2c, 0x22, 0xdd, 0xac, 0x23, 0x65, 0xea, 0xba, 0x01,
  0xaa, 0x82, 0xab, 0xe0, 0xf5, 0x20, 0x0f, 0xf8, 0x24, 0x00, 0x4b, 0x01, 0x7f, 0xfc, 0x00, 0x20,
  0x88, 0xe0, 0x07, 0x83, 0xbf, 0x00, 0x08, 0x80, 0x1f, 0x08, 0x88, 0x40, 0x39, 0x8f, 0x7b, 0xec,
  0xc0, 0x13, 0x55, 0x3a, 0xe1, 0x02, 0x2a, 0xd1, 0xa1, 0x40, 0x1e, 0x30, 0x12, 0x50, 0x0c, 0xa1,
  0xd5, 0x4d, 0x98, 0xaa, 0x0b, 0x45, 0x33, 0xb9, 0x1b, 0xc4, 0x28, 0x00, 0x53, 0x00, 0x26, 0xcf,
  0xf6, 0xb0, 0x05, 0x52, 0x0f, 0x0e, 0x20, 0x06, 0x57, 0xc8, 0x7a, 0x70, 0x05, 0x94, 0x00, 0x78,
  0x49, 0x40, 0x02, 0x01, 0x88, 0x3a, 0x7f, 0xbe, 0x84, 0x02, 0x84, 0x9b, 0x85, 0xc0, 0x10, 0x1c,
  0x64, 0x7a, 0x25, 0x20, 0x31, 0x00, 0x9c, 0x0c, 0x18, 0xc4, 0x02, 0x40, 0x20, 0x82, 0xf7, 0x69,
  0x92, 0x20, 0x07, 0x1e, 0x64, 0xee, 0xb0, 0x28, 0x00, 0x4b, 0x23, 0xff, 0xee, 0x00, 0x44, 0x70,
  0x10, 0x01, 0xdf, 0x18, 0x4e, 0xb0, 0x06, 0xf1, 0x55, 0x48, 0x04, 0x48, 0xc0, 0x1e, 0xa0, 0x90,
  0x0f, 0x3a, 0x08, 0x07, 0x30, 0x78, 0x07, 0xac, 0x90, 0x03, 0x8c, 0xa8, 0x03, 0xd2, 0x0c, 0x01,
  0xc2, 0xac, 0x20, 0x10, 0x28, 0x00, 0x53, 0x00, 0x0b, 0x9f, 0xed, 0x80, 0x09, 0xa8, 0x26, 0x4e,
  0xea, 0x00, 0x51, 0x63, 0x32, 0x99, 0x44, 0x05, 0x80, 0x37, 0x81, 0x82, 0xa2, 0x80, 0x0e, 0xc8,
  0x81, 0x05, 0x5f, 0xec, 0x2e, 0x00, 0x51, 0x45, 0xda, 0x87, 0x44, 0x96, 0x1d, 0x10, 0xba, 0x2c,
  0xc0, 0x20, 0x0c, 0x61, 0xcc, 0x1e, 0x01, 0x94, 0x3c, 0x99, 0x6d, 0x99, 0x34, 0x4c, 0x13, 0x27,
  0x99, 0x23, 0xe0, 0x00, 0x28, 0x00, 0x53, 0x00, 0x67, 0xbf, 0xa0, 0x03, 0x6b, 0x32, 0x99, 0xf0,
  0x00, 0xa7, 0x50, 0xb1, 0x86, 0xe1, 0xa0, 0xa0, 0x11, 0x8d, 0x07, 0x81, 0x00, 0x42, 0x22, 0x06,
  0x0f, 0x41, 0x3d, 0x00, 0x08, 0xac, 0xef, 0xb1, 0xd8, 0x02, 0x4e, 0xcb, 0xeb, 0x30, 0x10, 0x08,
  0xd0, 0x41, 0x10, 0x01, 0xf4, 0x8f, 0x80, 0x26, 0x9e, 0x35, 0x9d, 0x00, 0x02, 0xf0, 0xe3, 0x70,
  0x00, 0x10, 0x00, 0x1a, 0x47, 0xa4, 0xc5, 0x4b, 0x34, 0x0c, 0x40, 0x3e, 0x31, 0x2c, 0xd3, 0x15,
  0x10, 0x1d, 0x1b, 0x07, 0xa4, 0xc5, 0x4b, 0x34, 0x0c, 0x40, 0x3e, 0x21, 0x2d, 0xd1, 0x88, 0x0a,
  0xd8, 0x2a, 0x82, 0x48, 0x24, 0x22, 0x42, 0x00, 0x3c, 0x84, 0x01, 0x0b, 0xed, 0x88, 0x1c, 0xf4,
  0xaf, 0x1d, 0xe1, 0x57, 0x40, 0x82, 0x8e, 0x20, 0x06, 0xf8, 0xae, 0xb4, 0x00, 0x0b, 0x6d, 0x8d,
  0xe9, 0x00, 0x49, 0x5c, 0xa0, 0x24, 0x23, 0x41, 0xbb, 0xff, 0xc7, 0x55, 0xf1, 0x22, 0xaf, 0x84,
  0x04, 0x7c, 0x1d, 0xdf, 0x1e, 0xdd, 0xf8, 0xc0, 0x24, 0x22, 0x42, 0x14, 0x03, 0xeb, 0xf9, 0x20,
  0x0d, 0xd2, 0xbb, 0x8a, 0x01, 0x36, 0x61, 0x6b, 0x88, 0x02, 0x3c, 0x31, 0x10, 0x14, 0x75, 0x26,
  0x9d, 0xea, 0x47, 0xc1, 0x01, 0x66, 0x18, 0x03, 0x00, 0x24, 0x00, 0x4b, 0x01, 0x6f, 0xfd, 0xb0,
  0x00, 0x8a, 0x78, 0x83, 0x3d, 0x05, 0x46, 0x3b, 0xad, 0x14, 0x09, 0xc0, 0x31, 0x00, 0x7c, 0x2e,
  0x80, 0x1c, 0x38, 0x74, 0x01, 0xd8, 0x78, 0x20, 0x19, 0x0a, 0x04, 0x03, 0x97, 0x18, 0x03, 0xc2,
  0x40, 0x1f, 0x3f, 0x28, 0x07, 0x88, 0x04, 0x02, 0x44, 0x1d, 0x83, 0xc0, 0x30, 0xc6, 0xff, 0xba,
  0xd8, 0x03, 0xe7, 0xe3, 0x8d, 0xdd, 0x7a, 0x40, 0x19, 0xe6, 0xec, 0xa4, 0x43, 0x6d, 0xac, 0x20,
  0x01, 0xc6, 0xa1, 0x5f, 0xfa, 0x8f, 0xcd, 0xb8, 0x01, 0x2c, 0x63, 0x8f, 0x78, 0x7a, 0x00, 0x82,
  0x40, 0x5a, 0x08, 0x0c, 0x43, 0x97, 0x00, 0x9f, 0x48, 0x0c, 0x11, 0xc0, 0x35, 0x00, 0x5e, 0x42,
  0x01, 0x17, 0x00, 0x62, 0x00, 0x8d, 0xc4, 0x02, 0x2e, 0x00, 0xc4, 0x01, 0x1b, 0x90, 0x18, 0x2b,
  0x88, 0x05, 0x20, 0x17, 0x98, 0x2d, 0x04, 0x86, 0x32, 0x53, 0x8f, 0x2b, 0x50, 0x4b, 0x18, 0xe3,
  0x4d, 0x86, 0x42, 0x5c, 0x90, 0x1c, 0x69, 0x95, 0xff, 0xa8, 0x5b, 0xb8, 0xc0, 0x13, 0xc6, 0x52,
  0x91, 0x0d, 0xd4, 0x03, 0xe6, 0xe2, 0x8d, 0xdc, 0xc0, 0x18, 0x33, 0xe0, 0x6b, 0x00, 0x38, 0xbf,
  0x40, 0x3f, 0xd6, 0x04, 0x80, 0x1f, 0xcc, 0xe5, 0xe0, 0x1f, 0x98, 0x2a, 0x88, 0x40, 0x1f, 0x5a,
  0x13, 0x05, 0x00, 0x79, 0x0b, 0xc0, 0x55, 0x80, 0x3d, 0xe2, 0x80, 0x09, 0x16, 0x00, 0xc4, 0x8c,
  0x23, 0x11, 0x2c, 0x03, 0x50, 0x3f, 0x76, 0x22, 0x18, 0x04, 0xc9, 0x77, 0xe0, 0x90, 0x03, 0x0c,
  0x22, 0x79, 0x94, 0x42, 0x88, 0xc0, 0x3d, 0x61, 0x20, 0x30, 0x20, 0x5b, 0x17, 0xff, 0xd8, 0xa0,
  0x19, 0xea, 0xa8, 0x1a, 0x50, 0x0b, 0x15, 0x67, 0xc0, 0xf0, 0x0f, 0xc2, 0x20, 0x0c, 0x23, 0x8a,
  0x47, 0x80, 0x2a, 0xee, 0xb5, 0x95, 0x00, 0x28, 0xbb, 0xce, 0xb4, 0x01, 0x1a, 0x26, 0x87, 0x52,
  0x00, 0xfd, 0xa0, 0xc0, 0x1f, 0xb4, 0x1c, 0x01, 0x8a, 0xb3, 0x53, 0xa1, 0x80, 0x1e, 0xaa, 0x97,
  0x75, 0x80, 0x2c, 0x00, 0x5b, 0x00, 0x22, 0x9e, 0xff, 0x5a, 0x80, 0x4b, 0xac, 0x8e, 0xcc, 0xa9,
  0x03, 0xa2, 0xda, 0x89, 0xd7, 0xc0, 0x80, 0xc2, 0x00, 0xd0, 0xa2, 0x8c, 0x20, 0x1f, 0x10, 0x78,
  0x07, 0xff, 0x1c, 0x83, 0xc0, 0x3f, 0x0a, 0x30, 0x80, 0x7e, 0x80, 0xc2, 0x00, 0xd0, 0xa0, 0x74,
  0x5b, 0x51, 0x3a, 0xf8, 0x00, 0x5d, 0x64, 0x76, 0x65, 0x48, 0x34, 0x20, 0x63, 0x17, 0xff, 0xba,
  0x90, 0x03, 0x9a, 0x22, 0x74, 0xb9, 0x00, 0xda, 0xef, 0x4f, 0x33, 0x1c, 0x03, 0xfa, 0x4e, 0x00,
  0x3f, 0xd2, 0x08, 0x01, 0xfc, 0xe0, 0x40, 0x1f, 0xc2, 0x01, 0xff, 0x28, 0x10, 0x07, 0xf5, 0x0a,
  0x00, 0x7e, 0xa3, 0x80, 0x0b, 0x5d, 0xe9, 0xe5, 0x76, 0x00, 0x9a, 0x22, 0x74, 0xb8, 0x00, 0x00,
  0x2c, 0x20, 0x4b, 0x17, 0xff, 0xe9, 0x00, 0x34, 0x47, 0x68, 0x03, 0x5d, 0xf9, 0x00, 0x3f, 0xe1,
  0x1f, 0x00, 0x55, 0xdd, 0xbc, 0x02, 0x8b, 0xbd, 0x40, 0x11, 0xa2, 0x70, 0x07, 0xff, 0x27, 0x5d,
  0xf9, 0x80, 0x0d, 0x11, 0xd6, 0x28, 0x20, 0x4b, 0x17, 0xff, 0xe9, 0x00, 0x34, 0x47, 0x68, 0x03,
  0x5d, 0xf9, 0x00, 0x3f, 0xf9, 0x04, 0x5c, 0x20, 0x14, 0xee, 0xef, 0x00, 0x9e, 0xab, 0x80, 0x2c,
  0x55, 0xc8, 0x01, 0xff, 0xd0, 0x30, 0x00, 0x63, 0x00, 0x22, 0x9e, 0xff, 0x63, 0x00, 0x65, 0xd6,
  0x57, 0x70, 0x4d, 0x80, 0x0e, 0x8b, 0x6e, 0x21, 0x93, 0xa0, 0x08, 0x0c, 0x20, 0x0c, 0xcc, 0x01,
  0x46, 0x10, 0x0f, 0xc4, 0x1e, 0x01, 0xf0, 0x80, 0x7f, 0xa7, 0x80, 0x83, 0xc0, 0x3f, 0x85, 0x18,
  0x40, 0x3f, 0xa0, 0x30, 0x80, 0x31, 0x80, 0x47, 0x45, 0xb7, 0x10, 0xc5, 0x20, 0x09, 0x75, 0x95,
  0xdc, 0x13, 0xa0, 0x34, 0x20, 0x5b, 0x17, 0xd0, 0x03, 0x93, 0xd4, 0x03, 0xff, 0xae, 0x45, 0xf0,
  0x06, 0x9d, 0xde, 0x90, 0x0c, 0xf5, 0x5c, 0xe0, 0x1b, 0x15, 0x7b, 0x00, 0x3f, 0xfc, 0x40, 0x14,
  0x20, 0x1b, 0x17, 0xd0, 0x03, 0xff, 0xaa, 0x23, 0xe0, 0x43, 0x00, 0x1f, 0xfd, 0x40, 0x08, 0x8c,
  0x01, 0x9d, 0xf0, 0x07, 0xff, 0x94, 0xc1, 0xc8, 0x00, 0x61, 0xc1, 0x3b, 0x10, 0xd0, 0x60, 0xf5,
  0x77, 0x16, 0x08, 0x30, 0x20, 0x5b, 0x17, 0xd0, 0x03, 0x17, 0x58, 0x07, 0xc3, 0x85, 0x60, 0x1e,
  0x1c, 0x0d, 0x00, 0xfb, 0x4f, 0x04, 0x03, 0xd6, 0x7a, 0x40, 0x1e, 0x94, 0x63, 0x00, 0xf4, 0x30,
  0xb2, 0x00, 0x78, 0xdb, 0xc6, 0x84, 0x03, 0x96, 0x47, 0x47, 0x40, 0x3b, 0x80, 0x07, 0x27, 0x00,
  0x1f, 0x99, 0x8e, 0xa0, 0x1f, 0xa4, 0xe8, 0x80, 0x28, 0x20, 0x4b, 0x17, 0xd0, 0x03, 0xff, 0xfe,
  0x01, 0xff, 0xc2, 0xd7, 0x7e, 0x20, 0x03, 0x44, 0x73, 0x80, 0x3c, 0x20, 0x6b, 0x17, 0xd0, 0x03,
  0xe1, 0xe9, 0x00, 0x40, 0x07, 0xd2, 0x20, 0x11, 0xa8, 0x07, 0x0b, 0x80, 0x74, 0x00, 0x75, 0x80,
  0x73, 0x93, 0x80, 0x44, 0xae, 0x01, 0xad, 0x24, 0x40, 0x12, 0x30, 0x01, 0xd2, 0x32, 0x06, 0x90,
  0x01, 0xe2, 0x77, 0x17, 0x9b, 0x00, 0x7d, 0x03, 0xe7, 0xe0, 0x1f, 0xd0, 0x4a, 0x60, 0x1f, 0xcc,
  0xf6, 0x01, 0xff, 0x40, 0x80, 0x70, 0x34, 0x20, 0x5b, 0x17, 0xd4, 0x03, 0x93, 0xd4, 0x01, 0x44,
  0x01, 0xfe, 0xf0, 0x0f, 0xe3, 0x2a, 0x00, 0xfd, 0x08, 0xae, 0x01, 0xfa, 0x86, 0x0c, 0x03, 0xe1,
  0xd0, 0xd1, 0x00, 0xf8, 0xe0, 0x68, 0x03, 0xf3, 0xaa, 0x40, 0x07, 0xea, 0x23, 0x00, 0xfe, 0xf0,
  0x0f, 0xf1, 0x48, 0x00, 0x34, 0x00, 0x6b, 0x00, 0x22, 0x9e, 0xff, 0x5a, 0x80, 0x72, 0xeb, 0x23,
  0xb3, 0x2a, 0xc0, 0x23, 0xa2, 0xda, 0x89, 0xd8, 0x4a, 0x00, 0x40, 0x61, 0x00, 0x67, 0x65, 0x31,
  0x46, 0x10, 0x0f, 0x58, 0x21, 0x07, 0x80, 0x7c, 0x41, 0xa0, 0x1f, 0xfc, 0x12, 0x0f, 0x00, 0xf8,
  0x83, 0x45, 0x18, 0x40, 0x3d, 0x00, 0xa1, 0x01, 0x84, 0x01, 0x9d, 0x54, 0x40, 0x76, 0x5b, 0x51,
  0x3b, 0x09, 0x40, 0x12, 0x6b, 0x23, 0xb3, 0x2a, 0xc0, 0x00, 0x30, 0x20, 0x53, 0x17, 0xff, 0xb6,
  0x00, 0x33, 0x44, 0x4c, 0xf8, 0x01, 0x6b, 0xbd, 0x72, 0x6c, 0x01, 0xf3, 0x06, 0x00, 0x7e, 0x11,
  0x00, 0x7c, 0x62, 0x60, 0x02, 0x2c, 0xda, 0x12, 0x00, 0x9d, 0xda, 0x4f, 0x04, 0x00, 0xf5, 0x4b,
  0xdd, 0x18, 0x05, 0x8a, 0xa4, 0x20, 0x0f, 0xfe, 0x58, 0x34, 0x1d, 0x73, 0xc0, 0x22, 0x9e, 0xff,
  0x5a, 0x80, 0x79, 0x75, 0x91, 0xd9, 0x95, 0x60, 0x18, 0xe8, 0xb6, 0xa2, 0x76, 0x12, 0x80, 0x28,
  0x0c, 0x20, 0x0c, 0xec, 0xa6, 0x02, 0x8c, 0x20, 0x1e, 0xb0, 0x40, 0x20, 0xf0, 0x0f, 0x88, 0x34,
  0x03, 0xff, 0x86, 0x41, 0xe0, 0x1f, 0x10, 0x68, 0x0a, 0x31, 0x00, 0x7a, 0x01, 0x40, 0x10, 0x1e,
  0x40, 0x1a, 0x15, 0x44, 0x00, 0x3b, 0x2d, 0xa8, 0x9d, 0x74, 0xa0, 0x0c, 0x9a, 0xc8, 0xec, 0x35,
  0x60, 0x1e, 0x29, 0xec, 0x02, 0x11, 0x2d, 0x80, 0x7c, 0x7a, 0x57, 0xd4, 0x40, 0x1f, 0x8b, 0x37,
  0x3a, 0x40, 0x30, 0x20, 0x53, 0x17, 0xff, 0xb6, 0x00, 0x33, 0x44, 0x4c, 0xf8, 0x01, 0x6b, 0xbd,
  0x72, 0x6c, 0x01, 0xf3, 0x06, 0x00, 0x7e, 0x11, 0x00, 0x7c, 0x62, 0x60, 0x02, 0x2c, 0xda, 0x12,
  0x00, 0x9d, 0xda, 0x4f, 0x04, 0x00, 0xf5, 0x50, 0x21, 0x80, 0x58, 0xab, 0x43, 0x20, 0x07, 0xce,
  0x74, 0x01, 0xfb, 0x86, 0x40, 0x28, 0x00, 0x53, 0x00, 0x0b, 0x9f, 0xee, 0xa2, 0x00, 0x3d, 0x04,
  0x41, 0xd2, 0x00, 0x10, 0x98, 0xee, 0x9e, 0xb0, 0x10, 0x30, 0x0e, 0x10, 0x12, 0x65, 0x00, 0xfb,
  0x82, 0xba, 0x94, 0x03, 0x1f, 0x52, 0x22, 0xbd, 0x40, 0x32, 0xd7, 0x59, 0x50, 0x80, 0x79, 0x20,
  0x14, 0x20, 0x03, 0xb4, 0x18, 0x9f, 0xe9, 0xdd, 0x4e, 0xa4, 0x4d, 0x67, 0x88, 0x3c, 0x50, 0x00,
  0x24, 0x00, 0x53, 0x3f, 0xff, 0x96, 0x62, 0x0e, 0x09, 0x11, 0x3b, 0x3b, 0xa4, 0x31, 0xde, 0x20,
  0x0f, 0xff, 0xf8, 0x07, 0xff, 0x0c, 0x34, 0x20, 0x5b, 0x1b, 0xcc, 0x03, 0xa3, 0xc4, 0x03, 0xff,
  0xfe, 0x02, 0xa0, 0x80, 0x1c, 0x82, 0x06, 0x32, 0x20, 0x12, 0x1b, 0x00, 0x28, 0x7e, 0x62, 0xec,
  0x52, 0x00, 0x4c, 0x56, 0x75, 0x6c, 0x10, 0x2f, 0xe0, 0x6b, 0x03, 0x38, 0x03, 0xe6, 0xf3, 0x0a,
  0x15, 0x00, 0xf5, 0x19, 0x81, 0x83, 0x80, 0x38, 0xcd, 0x40, 0x13, 0x21, 0x00, 0x69, 0x06, 0x00,
  0xac, 0x28, 0x02, 0x15, 0x60, 0x0c, 0x46, 0xc0, 0x13, 0x05, 0x80, 0x74, 0x8a, 0x80, 0x28, 0xc8,
  0x03, 0x94, 0x64, 0x10, 0xa4, 0x03, 0xe6, 0x32, 0xf1, 0x50, 0x0f, 0xa8, 0x25, 0x18, 0x03, 0xf1,
  0x22, 0x02, 0x40, 0x3f, 0xbc, 0x10, 0x40, 0x30, 0x48, 0x00, 0x93, 0x17, 0xd0, 0x03, 0xb7, 0xc0,
  0x38, 0xbd, 0x54, 0x1a, 0x01, 0x88, 0x80, 0x80, 0x19, 0x41, 0x41, 0x1c, 0x03, 0x28, 0x0e, 0x80,
  0x6b, 0x40, 0x06, 0x89, 0x80, 0x56, 0xae, 0xe0, 0x08, 0x4f, 0x40, 0x0e, 0x16, 0x00, 0x13, 0xfd,
  0x13, 0x00, 0x38, 0x38, 0x00, 0x4d, 0x40, 0x0e, 0x08, 0x80, 0xb0, 0x06, 0x98, 0x80, 0x56, 0x44,
  0x0a, 0x41, 0x05, 0x50, 0x0a, 0x58, 0x06, 0x50, 0x51, 0x3d, 0x00, 0x79, 0x11, 0xc1, 0x40, 0x31,
  0x12, 0xdc, 0x1c, 0x00, 0xa0, 0xba, 0x44, 0x00, 0xe5, 0x3b, 0x31, 0x00, 0x92, 0x91, 0x40, 0x3d,
  0x60, 0x56, 0x01, 0xb4, 0x82, 0xc0, 0x3c, 0x62, 0x0a, 0x01, 0x9c, 0x04, 0xc0, 0x20, 0x2c, 0x00,
  0x5b, 0x0f, 0xe4, 0x03, 0xb3, 0x80, 0xdd, 0x90, 0x02, 0x73, 0xa0, 0x04, 0x15, 0x08, 0x1c, 0x32,
  0x00, 0x5c, 0x36, 0x1c, 0x52, 0x01, 0x8d, 0xd7, 0x0b, 0x80, 0x3d, 0x04, 0x6c, 0x60, 0x1e, 0x12,
  0x05, 0x00, 0xfa, 0x82, 0x0e, 0x00, 0x39, 0x92, 0x5d, 0x5c, 0xc0, 0x22, 0x94, 0x60, 0xb1, 0xe0,
  0x0b, 0x82, 0x80, 0x03, 0x45, 0x00, 0xe7, 0x22, 0x01, 0x23, 0x39, 0x80, 0x2b, 0xe0, 0x63, 0x03,
  0x38, 0x03, 0xcf, 0xe4, 0x1e, 0x2e, 0x01, 0x86, 0x18, 0x80, 0xd6, 0x04, 0x02, 0x81, 0x80, 0x0a,
  0xc2, 0xc0, 0x04, 0xd0, 0x20, 0x10, 0xba, 0x98, 0x49, 0x30, 0x07, 0x40, 0xfa, 0x22, 0x40, 0x3e,
  0xb3, 0xb4, 0x40, 0x07, 0xca, 0x41, 0x20, 0x1f, 0xc8, 0x04, 0x01, 0xff, 0xdc, 0x2c, 0x00, 0x5b,
  0x0f, 0xff, 0xf6, 0x81, 0x44, 0x79, 0x01, 0x00, 0x5d, 0xf9, 0x54, 0x72, 0x01, 0xf7, 0x0f, 0x00,
  0x7d, 0x07, 0x44, 0x01, 0xe4, 0x76, 0x50, 0x0f, 0x0d, 0x14, 0x80, 0x7d, 0xa3, 0xe0, 0x1f, 0x41,
  0xd1, 0x00, 0x79, 0x1d, 0x94, 0x03, 0xc3, 0x40, 0x2e, 0xfe, 0x04, 0x10, 0x78, 0x8f, 0x00, 0x14,
  0x3d, 0x2b, 0xd7, 0xfe, 0x00, 0xa2, 0x80, 0x24, 0x50, 0x0f, 0xff, 0x4a, 0x28, 0x05, 0x14, 0x00,
  0x1b, 0xfe, 0x44, 0x1f, 0x80, 0x3c, 0xc2, 0x80, 0x1c, 0x27, 0xa0, 0x1e, 0xb7, 0x00, 0xf2, 0x8a,
  0x00, 0x71, 0x1e, 0x80, 0x7a, 0xdc, 0x03, 0xca, 0x28, 0x01, 0xc4, 0x7a, 0x01, 0xeb, 0x70, 0x0f,
  0x28, 0x98, 0x07, 0x11, 0x28, 0x03, 0xd4, 0xe0, 0x1e, 0x51, 0x30, 0x0e, 0x22, 0x50, 0x07, 0xa9,
  0xc0, 0x14, 0x1d, 0x23, 0xef, 0xfd, 0x51, 0x42, 0x06, 0xa0, 0x1f, 0xfd, 0xe3, 0x50, 0x04, 0x50,
  0x80, 0x24, 0x22, 0x41, 0xc0, 0x05, 0xf0, 0x01, 0xd6, 0x4c, 0x01, 0xcd, 0xc6, 0xa0, 0x13, 0x19,
  0xab, 0x80, 0x2a, 0xa0, 0x32, 0x10, 0x19, 0x9c, 0x05, 0x28, 0x29, 0x44, 0x01, 0xec, 0x00, 0x20,
  0x1e, 0x40, 0xbf, 0xff, 0x77, 0x7e, 0x28, 0x2a, 0x28, 0x81, 0xfd, 0x80, 0x0f, 0x90, 0xe0, 0x28,
  0x00, 0x4a, 0x40, 0xab, 0xbf, 0xa4, 0x02, 0xe7, 0x69, 0x46, 0xa0, 0x07, 0x6c, 0x35, 0x32, 0x80,
  0x08, 0x03, 0x60, 0x10, 0x1d, 0xff, 0xd4, 0x01, 0x6b, 0xde, 0xea, 0x00, 0x06, 0x32, 0x84, 0x40,
  0x08, 0xc6, 0x4c, 0x9e, 0x00, 0x2d, 0x0c, 0xdc, 0x80, 0x00, 0x2c, 0x20, 0x53, 0x23, 0xc0, 0x3f,
  0xfa, 0x45, 0x7f, 0xeb, 0x30, 0x0d, 0x8f, 0x0e, 0xb8, 0x80, 0x13, 0xe3, 0xc7, 0x8c, 0x80, 0x50,
  0x01, 0x0c, 0x91, 0x00, 0x02, 0x01, 0x88, 0x04, 0x00, 0x20, 0x18, 0x80, 0x40, 0x10, 0x01, 0x0c,
  0x91, 0x00, 0x0d, 0x6e, 0xef, 0x19, 0x00, 0x0e, 0x84, 0x41, 0x71, 0x00, 0x24, 0x00, 0x4a, 0x40,
  0x07, 0x7f, 0xec, 0x40, 0x02, 0x63, 0x3c, 0x05, 0xa8, 0x51, 0x6c, 0x3e, 0x42, 0x18, 0xc0, 0x06,
  0x71, 0x60, 0x60, 0x0f, 0x30, 0x30, 0x07, 0x8c, 0x60, 0x03, 0x30, 0x85, 0x16, 0xbb, 0xb2, 0x50,
  0x13, 0x1a, 0x20, 0x16, 0xa0, 0x2c, 0x00, 0x53, 0x00, 0x3e, 0x1f, 0x70, 0x0f, 0xfe, 0x52, 0x67,
  0xfa, 0x88, 0x02, 0x5b, 0x18, 0x83, 0x68, 0x05, 0x65, 0xae, 0xec, 0x50, 0x01, 0x8c, 0x00, 0x68,
  0x00, 0x30, 0x30, 0x06, 0x20, 0x03, 0x03, 0x00, 0x62, 0x00, 0x18, 0xc0, 0x06, 0x80, 0x0a, 0xcb,
  0x5d, 0xd8, 0xa0, 0x12, 0xd8, 0xc4, 0x1f, 0x00, 0x00, 0x28, 0x00, 0x52, 0x40, 0x09, 0x9f, 0xeb,
  0x20, 0x09, 0x6c, 0x26, 0x1b, 0x08, 0x01, 0x69, 0x8c, 0xfa, 0x70, 0x06, 0x3e, 0x01, 0xa9, 0x41,
  0x82, 0xff, 0xf4, 0x00, 0xb0, 0x4e, 0xef, 0x84, 0xc6, 0x88, 0xb0, 0x10, 0x02, 0x8f, 0x61, 0xab,
  0x54, 0x00, 0x98, 0xcf, 0x2f, 0x2a, 0x00, 0x18, 0x00, 0x3b, 0x00, 0x09, 0xbf, 0xa2, 0x03, 0x63,
  0x54, 0x10, 0x50, 0xf5, 0x70, 0xcb, 0x0c, 0xfa, 0x08, 0x70, 0x8a, 0x90, 0x4d, 0x04, 0x53, 0x00,
  0xff, 0xef, 0x80, 0x2c, 0x1d, 0x53, 0x00, 0x07, 0x9f, 0xeb, 0x2e, 0x90, 0x5c, 0x09, 0xa1, 0xd1,
  0x00, 0x59, 0xe3, 0x2d, 0x38, 0x00, 0xc6, 0x40, 0x34, 0x80, 0x18, 0x18, 0x03, 0x08, 0x01, 0x81,
  0x40, 0x30, 0x80, 0x0c, 0x6c, 0x03, 0x40, 0x05, 0x45, 0xae, 0xeb, 0x70, 0x10, 0x4c, 0x68, 0x80,
  0x60, 0x78, 0x00, 0xef, 0xfd, 0x6e, 0x06, 0x13, 0xd2, 0xed, 0x34, 0x68, 0x11, 0x2b, 0x12, 0x8f,
  0x80, 0x2c, 0x20, 0x4b, 0x23, 0xc0, 0x3f, 0xf9, 0xe7, 0x7f, 0xeb, 0x20, 0x0b, 0x02, 0x19, 0x30,
  0x02, 0x7b, 0x79, 0x90, 0xa8, 0x02, 0x40, 0x27, 0x02, 0x00, 0x08, 0x04, 0x21, 0xe0, 0x1f, 0xfd,
  0x80, 0x10, 0x20, 0x1b, 0x27, 0x84, 0xc4, 0xeb, 0xca, 0x3c, 0x03, 0xff, 0x9a, 0x17, 0xdd, 0x33,
  0xc0, 0x28, 0xf2, 0x00, 0x84, 0x04, 0x02, 0x9e, 0x30, 0x09, 0xf8, 0x40, 0x3f, 0xfc, 0xfe, 0x02,
  0x28, 0x66, 0x18, 0x13, 0x49, 0x70, 0x00, 0x28, 0x20, 0x4b, 0x23, 0xc0, 0x3f, 0xfa, 0x43, 0xbc,
  0x20, 0x18, 0x70, 0xf0, 0x40, 0x21, 0xc3, 0xc2, 0x00, 0x8b, 0x0b, 0x48, 0x03, 0x61, 0x02, 0x00,
  0x7b, 0x52, 0x0c, 0x03, 0x61, 0x50, 0xe8, 0x80, 0x44, 0x03, 0xa3, 0x40, 0x1e, 0x38, 0x47, 0x10,
  0x20, 0x13, 0x23, 0xc0, 0x3f, 0xf9, 0x40, 0x44, 0x20, 0x7a, 0x63, 0x8f, 0x3f, 0xd4, 0x27, 0x7f,
  0xeb, 0x20, 0x00, 0xe2, 0xcb, 0x2e, 0xe0, 0x4c, 0x2e, 0x00, 0x51, 0x2d, 0x2c, 0x69, 0x6c, 0xf4,
  0x2a, 0x00, 0x60, 0x0b, 0x43, 0x80, 0x24, 0x0d, 0x00, 0x08, 0x07, 0x08, 0x07, 0xff, 0xd8, 0x2c,
  0x20, 0x4a, 0x63, 0x8f, 0x3f, 0xd6, 0x40, 0x01, 0xc5, 0x97, 0x4c, 0x00, 0xa2, 0x5a, 0x28, 0x54,
  0x00, 0xc0, 0x12, 0x01, 0x00, 0x04, 0x02, 0x10, 0xf0, 0x0f, 0xfe, 0xc0, 0x28, 0x00, 0x52, 0x40,
  0x07, 0x7f, 0xec, 0x50, 0x09, 0x31, 0xa2, 0x01, 0x4e, 0x00, 0xa2, 0xd7, 0x76, 0x2c, 0x09, 0x8c,
  0x00, 0x69, 0x07, 0x60, 0x60, 0x0c, 0x40, 0x2c, 0x0c, 0x01, 0x88, 0x04, 0xc6, 0x00, 0x34, 0x03,
  0x85, 0x16, 0xbb, 0xb1, 0x24, 0x41, 0x31, 0xa2, 0x01, 0x4c, 0x00, 0x2c, 0x3d, 0x53, 0x23, 0x8a,
  0xff, 0xd6, 0x60, 0x10, 0xeb, 0xc3, 0xae, 0x20, 0x04, 0xd8, 0xf1, 0xe3, 0x20, 0x14, 0x00, 0x43,
  0x24, 0x40, 0x00, 0x80, 0x62, 0x01, 0x00, 0x08, 0x06, 0x20, 0x10, 0x04, 0x00, 0x43, 0x24, 0x40,
  0x03, 0xdb, 0xbb, 0xc6, 0x40, 0x2c, 0x08, 0x82, 0xe2, 0x00, 0x45, 0x7f, 0xeb, 0x30, 0x0f, 0xfe,
  0x50, 0x2c, 0x1d, 0x53, 0x00, 0x09, 0x9f, 0xeb, 0x2f, 0x70, 0x5b, 0x18, 0x83, 0xe0, 0x05, 0x65,
  0xae, 0xec, 0x50, 0x01, 0x8c, 0x00, 0x68, 0x00, 0x30, 0x30, 0x06, 0x20, 0x03, 0x03, 0x00, 0x62,
  0x00, 0x18, 0xc0, 0x06, 0x80, 0x0a, 0xcb, 0x5d, 0xd8, 0xa0, 0x12, 0xd8, 0xc4, 0x1b, 0x40, 0x32,
  0x67, 0xfa, 0x88, 0x03, 0xff, 0x94, 0x1c, 0x20, 0x32, 0x63, 0x8f, 0x3c, 0x00, 0x38, 0xf0, 0x01,
  0x3d, 0xb8, 0x05, 0x20, 0x1c, 0x20, 0x1f, 0xfc, 0xf0, 0x20, 0x00, 0x42, 0x40, 0xef, 0xfd, 0xb2,
  0x22, 0xc6, 0x89, 0x44, 0x0a, 0x07, 0x3b, 0x4e, 0x83, 0x04, 0x20, 0x80, 0x47, 0x2b, 0x7d, 0xae,
  0x00, 0x6e, 0xda, 0x78, 0x50, 0x10, 0x25, 0xa0, 0xd6, 0xe9, 0x66, 0x58, 0x5b, 0xb2, 0x4c, 0x9e,
  0xcc, 0x1c, 0x00, 0x3a, 0xc1, 0x7c, 0xc0, 0x3f, 0xd9, 0x41, 0x9f, 0x41, 0x0e, 0x11, 0x52, 0x09,
  0xa0, 0x8a, 0x60, 0x1f, 0xfc, 0xb1, 0x07, 0x00, 0xca, 0x10, 0xd0, 0x00, 0x1a, 0x29, 0x41, 0x2c,
  0x20, 0x4a, 0x6b, 0x80, 0x31, 0x7a, 0x80, 0x7f, 0xf6, 0x0c, 0x40, 0x33, 0x00, 0x38, 0x10, 0x02,
  0xf0, 0x03, 0x05, 0xc3, 0xe2, 0x80, 0x07, 0x11, 0xe1, 0xf4, 0x00, 0x27, 0xe0, 0x52, 0x43, 0x70,
  0x03, 0xb3, 0x01, 0x66, 0x40, 0x11, 0x1c, 0x83, 0x05, 0x80, 0x56, 0x2a, 0x00, 0x66, 0x00, 0x4c,
  0xc0, 0x0a, 0xc1, 0x81, 0x82, 0x40, 0x22, 0x3a, 0x0b, 0x41, 0x00, 0xd2, 0x6c, 0x5e, 0x01, 0xca,
  0x32, 0x48, 0x01, 0xe6, 0x0a, 0x00, 0x80, 0x38, 0x00, 0x7a, 0x6e, 0xc0, 0x1a, 0x7c, 0x40, 0x24,
  0xf1, 0xd4, 0x10, 0x09, 0xc1, 0xc0, 0x2d, 0x31, 0x60, 0x70, 0x02, 0x89, 0xe8, 0x04, 0xd4, 0x00,
  0x5a, 0x00, 0x7a, 0x4a, 0x08, 0x28, 0x38, 0x03, 0xcc, 0x44, 0xbc, 0xa0, 0xc1, 0xe8, 0x20, 0x05,
  0x06, 0x70, 0x50, 0x6b, 0x05, 0xe0, 0x0c, 0xb7, 0x4a, 0x00, 0xd3, 0x80, 0x50, 0x0d, 0xc6, 0x6e,
  0x00, 0x20, 0xba, 0x80, 0x72, 0x08, 0x90, 0x02, 0x60, 0xe0, 0x08, 0x24, 0x00, 0x4a, 0x53, 0xdc,
  0x02, 0x9f, 0x24, 0x78, 0x30, 0x56, 0xa2, 0x08, 0x3e, 0x2b, 0x65, 0x00, 0xb8, 0xb4, 0xe4, 0x03,
  0x12, 0x85, 0x80, 0x72, 0x29, 0x40, 0x80, 0x43, 0x49, 0xa7, 0xa0, 0x15, 0x05, 0x07, 0x1c, 0x03,
  0x25, 0x08, 0x1c, 0x3a, 0x00, 0x27, 0xfd, 0x53, 0x03, 0x70, 0x03, 0xb2, 0xc2, 0xcc, 0xc0, 0x11,
  0x1f, 0x83, 0x0c, 0x80, 0x56, 0x48, 0x00, 0x65, 0x10, 0x16, 0xa0, 0x0a, 0x41, 0x81, 0x81, 0x80,
  0x21, 0x59, 0x0a, 0x61, 0x00, 0xd2, 0x34, 0x56, 0x01, 0xc6, 0x65, 0x42, 0x00, 0xf5, 0x07, 0x80,
  0x7d, 0x84, 0x80, 0x10, 0xe3, 0x4a, 0xd8, 0x07, 0x3c, 0xbc, 0x30, 0x06, 0x20, 0x00, 0x42, 0x53,
  0xff, 0xd2, 0xb5, 0x59, 0x03, 0x45, 0x56, 0x64, 0x74, 0x00, 0x87, 0x4e, 0x00, 0x35, 0x06, 0x80,
  0x68, 0x4a, 0x10, 0x09, 0x1e, 0x10, 0x02, 0x1a, 0x12, 0x55, 0x8d, 0x04, 0x55, 0x5b, 0xc0, 0x18,
  0x1d, 0x33, 0xc0, 0x05, 0x9e, 0xa0, 0x08, 0x39, 0x40, 0x03, 0x1b, 0x08, 0x00, 0x5c, 0x03, 0xff,
  0x86, 0x26, 0x01, 0x0f, 0x0f, 0x80, 0x06, 0xc3, 0x80, 0x24, 0x21, 0x00, 0xff, 0xe2, 0x0b, 0x80,
  0x67, 0x36, 0x10, 0x04, 0x9c, 0xa0, 0x14, 0x3d, 0x1b, 0xd7, 0xc4, 0x03, 0xff, 0xbc, 0x18, 0x1d,
  0x2b, 0xef, 0xe4, 0x01, 0x0a, 0xc8, 0x07, 0x60, 0x40, 0x18, 0x40, 0x3f, 0xf8, 0x02, 0x1c, 0x01,
  0x2b, 0x58, 0x01, 0x52, 0x40, 0x43, 0x08, 0x03, 0xff, 0x82, 0x20, 0x76, 0x06, 0x10, 0xac, 0xa0,
  0x24, 0x04, 0x49, 0x40, 0x3f, 0xc7, 0xdc, 0x50, 0x05, 0x28, 0x7b, 0x5d, 0x31, 0x23, 0x81, 0xc2,
  0xdc, 0x6a, 0x10, 0x60, 0x01, 0x3f, 0x68, 0x00, 0x1c, 0x06, 0x31, 0x80, 0xb3, 0xa8, 0x01, 0xfe,
  0xe2, 0x93, 0x73, 0x08, 0x70, 0x0f, 0x1b, 0x98, 0x43, 0x87, 0x7f, 0x14, 0x80, 0x00, 0x00, 0x00,
};

alignas(4) const uint8_t WX_MARQ18[4820] = {
  0x30, 0x00, 0x00, 0x00, 0x68, 0x65, 0x61, 0x64, 0x01, 0x00, 0x00, 0x00, 0x03, 0x00, 0x12, 0x00,
  0x10, 0x00, 0xfc, 0xff, 0x11, 0x00, 0xfb, 0xff, 0x00, 0x00, 0xfc, 0xff, 0x10, 0x00, 0x00, 0x00,
  0x10, 0x00, 0x00, 0x00, 0x00, 0x04, 0x05, 0x05, 0x06, 0x01, 0x00, 0x00, 0x01, 0x00, 0x00, 0x00,
  0x2c, 0x00, 0x00, 0x00, 0x63, 0x6d, 0x61, 0x70, 0x02, 0x00, 0x00, 0x00, 0x2c, 0x00, 0x00, 0x00,
  0x20, 0x00, 0x00, 0x00, 0x5f, 0x00, 0x01, 0x00, 0x5f, 0x00, 0x02, 0x00, 0x2c, 0x00, 0x00, 0x00,
  0xb0, 0x00, 0x00, 0x00, 0x01, 0x00, 0x60, 0x00, 0x01, 0x00, 0x02, 0x00, 0xd0, 0x00, 0x00, 0x00,
  0x6c, 0x6f, 0x63, 0x61, 0x61, 0x00, 0x00, 0x00, 0x08, 0x00, 0x08, 0x00, 0x0c, 0x00, 0x22, 0x00,
  0x33, 0x00, 0x85, 0x00, 0xd7, 0x00, 0x36, 0x01, 0x8b, 0x01, 0x95, 0x01, 0xc5, 0x01, 0xf1, 0x01,
  0x0d, 0x02, 0x2f, 0x02, 0x3f, 0x02, 0x46, 0x02, 0x4f, 0x02, 0x87, 0x02, 0xd2, 0x02, 0xdf, 0x02,
  0x1b, 0x03, 0x54, 0x03, 0x8d, 0x03, 0xc6, 0x03, 0x0a, 0x04, 0x3f, 0x04, 0x88, 0x04, 0xcf, 0x04,
  0xe3, 0x04, 0xfe, 0x04, 0x26, 0x05, 0x3c, 0x05, 0x64, 0x05, 0x9c, 0x05, 0x28, 0x06, 0x73, 0x06,
  0xb1, 0x06, 0xf7, 0x06, 0x34, 0x07, 0x58, 0x07, 0x75, 0x07, 0xbd, 0x07, 0xd6, 0x07, 0xde, 0x07,
  0xfe, 0x07, 0x3a, 0x08, 0x4c, 0x08, 0x94, 0x08, 0xc8, 0x08, 0x1d, 0x09, 0x4c, 0x09, 0xb2, 0x09,
  0xeb, 0x09, 0x2f, 0x0a, 0x46, 0x0a, 0x6f, 0x0a, 0xb9, 0x0a, 0x2d, 0x0b, 0x75, 0x0b, 0xad, 0x0b,
  0xe5, 0x0b, 0xf7, 0x0b, 0x2e, 0x0c, 0x40, 0x0c, 0x64, 0x0c, 0x6c, 0x0c, 0x77, 0x0c, 0xa9, 0x0c,
  0xe1, 0x0c, 0x0f, 0x0d, 0x49, 0x0d, 0x7f, 0x0d, 0x9f, 0x0d, 0xe8, 0x0d, 0x0d, 0x0e, 0x1b, 0x0e,
  0x37, 0x0e, 0x68, 0x0e, 0x70, 0x0e, 0xa2, 0x0e, 0xc4, 0x0e, 0xf9, 0x0e, 0x34, 0x0f, 0x70, 0x0f,
  0x86, 0x0f, 0xb6, 0x0f, 0xd4, 0x0f, 0xf3, 0x0f, 0x29, 0x10, 0x7a, 0x10, 0xac, 0x10, 0xf4, 0x10,
  0x1c, 0x11, 0x40, 0x11, 0x48, 0x11, 0x70, 0x11, 0x8a, 0x11, 0x00, 0x00, 0xa8, 0x11, 0x00, 0x00,
  0x67, 0x6c, 0x79, 0x66, 0x14, 0x00, 0x00, 0x00, 0x14, 0x20, 0x1b, 0x67, 0xd8, 0x40, 0x31, 0xf8,
  0x08, 0x80, 0x33, 0x98, 0x06, 0x11, 0x01, 0xa7, 0x88, 0x94, 0x2a, 0x91, 0x81, 0xa0, 0x1c, 0x27,
  0x29, 0xb6, 0x82, 0x78, 0x0c, 0x00, 0x60, 0x10, 0x80, 0x88, 0x03, 0xe1, 0xc8, 0x08, 0xc0, 0x34,
  0x00, 0x6b, 0x40, 0x37, 0x28, 0x01, 0x3c, 0x03, 0xe1, 0x60, 0x01, 0x08, 0x07, 0x88, 0x04, 0x01,
  0xc4, 0x01, 0xbf, 0xda, 0x1b, 0xfe, 0x73, 0xff, 0x10, 0x55, 0x14, 0x6a, 0xa2, 0x4a, 0xa1, 0x82,
  0xa8, 0x88, 0xab, 0x06, 0xaa, 0x84, 0x02, 0x26, 0x00, 0x88, 0x80, 0x18, 0x44, 0xc6, 0x22, 0x30,
  0x00, 0x80, 0x23, 0xb8, 0x6d, 0xdc, 0xc0, 0xbe, 0x90, 0xab, 0xb0, 0x45, 0xd9, 0xc2, 0xee, 0x02,
  0x46, 0x05, 0x44, 0x79, 0x22, 0x08, 0x02, 0x10, 0x20, 0x07, 0x30, 0x07, 0x98, 0x40, 0x22, 0x20,
  0x06, 0x2c, 0x1e, 0x5c, 0x80, 0x39, 0xc8, 0x03, 0xfa, 0x58, 0x03, 0xff, 0x8a, 0x55, 0xc3, 0x7b,
  0x04, 0x00, 0x3d, 0x55, 0x02, 0x0b, 0xf0, 0x03, 0xc2, 0xec, 0x3f, 0x9b, 0xe0, 0x03, 0x24, 0x00,
  0xc4, 0x60, 0x02, 0x21, 0x80, 0x7e, 0x80, 0xca, 0x11, 0x00, 0x72, 0xe2, 0x28, 0x56, 0xb8, 0x06,
  0x3b, 0xf1, 0x43, 0x8c, 0x00, 0xfb, 0xf9, 0x0d, 0x40, 0x3f, 0x70, 0x18, 0x5a, 0x80, 0x77, 0x02,
  0x8a, 0xd7, 0x58, 0xc7, 0x22, 0x98, 0xf4, 0xaa, 0x80, 0xca, 0x68, 0x02, 0x6b, 0xe1, 0xbc, 0x60,
  0x0f, 0xfe, 0x08, 0x3c, 0x00, 0x7b, 0x40, 0xb3, 0xf5, 0x00, 0x31, 0x7a, 0x00, 0x5f, 0x7f, 0x36,
  0x20, 0x17, 0x32, 0x00, 0x0c, 0x9c, 0x10, 0xdc, 0x00, 0xe5, 0x20, 0x13, 0x10, 0x04, 0xdc, 0x05,
  0x14, 0x01, 0x98, 0x80, 0x26, 0xe0, 0xe6, 0x40, 0x0c, 0x62, 0xe0, 0x86, 0x8e, 0x52, 0x01, 0xed,
  0x9f, 0xba, 0x08, 0xa2, 0xbe, 0xc3, 0x00, 0x1f, 0x73, 0xd7, 0x95, 0x3c, 0xb2, 0xf4, 0x40, 0x21,
  0x06, 0x2b, 0x32, 0x92, 0x73, 0x70, 0x0c, 0x53, 0x42, 0xc4, 0x01, 0x3f, 0x00, 0x69, 0x54, 0x06,
  0x30, 0x09, 0xb8, 0x02, 0x65, 0xb0, 0x01, 0x99, 0xc1, 0x0d, 0xc0, 0x05, 0x36, 0x20, 0x17, 0xdf,
  0xcd, 0x88, 0x30, 0x1f, 0x6b, 0x80, 0x25, 0xdf, 0xe9, 0x00, 0xf9, 0x29, 0xaa, 0x5a, 0x80, 0x3d,
  0xa1, 0x6a, 0xec, 0xe0, 0x1f, 0x84, 0x00, 0x8c, 0x01, 0xea, 0x0b, 0x2c, 0x28, 0x00, 0xf1, 0xba,
  0xe8, 0x69, 0x80, 0x79, 0x58, 0x00, 0x84, 0x00, 0x10, 0x09, 0x69, 0xfd, 0x9e, 0x00, 0x79, 0x40,
  0x16, 0x72, 0x12, 0xae, 0xf0, 0x38, 0x10, 0xa0, 0x05, 0x4b, 0x12, 0x84, 0x06, 0x0a, 0x01, 0xac,
  0x00, 0x60, 0x01, 0x72, 0xe9, 0x8a, 0xe0, 0x37, 0x60, 0x04, 0x51, 0x33, 0xb9, 0xbb, 0x12, 0x80,
  0x25, 0xcf, 0xf6, 0xc8, 0x85, 0xe8, 0x00, 0x10, 0x27, 0x11, 0xb6, 0x80, 0xc0, 0x02, 0x20, 0x06,
  0x40, 0x18, 0x3c, 0x2c, 0x80, 0x0d, 0xe6, 0x00, 0x83, 0x30, 0x20, 0xd0, 0x03, 0x41, 0xc0, 0x08,
  0x42, 0x00, 0x27, 0x00, 0x10, 0x10, 0x00, 0x43, 0xc0, 0x0e, 0x02, 0x01, 0xf3, 0x80, 0x80, 0x04,
  0x3c, 0x00, 0x40, 0x40, 0x11, 0x38, 0x04, 0x84, 0x20, 0x0d, 0x07, 0x00, 0x21, 0x50, 0x05, 0x66,
  0x60, 0x18, 0x1c, 0x2c, 0x8b, 0xdc, 0x00, 0x49, 0x00, 0x17, 0x03, 0x00, 0x14, 0x30, 0x02, 0x34,
  0x00, 0x94, 0x44, 0x00, 0xe0, 0x20, 0x01, 0x03, 0x00, 0x7f, 0xf1, 0x48, 0x18, 0x01, 0xc0, 0x40,
  0x05, 0x11, 0x00, 0x0d, 0x00, 0x0a, 0x1e, 0x00, 0xe1, 0x50, 0x24, 0x90, 0x00, 0x1c, 0x07, 0x39,
  0xc0, 0x2f, 0x20, 0x01, 0xb0, 0x08, 0x2b, 0x3d, 0xe0, 0xf5, 0x02, 0x60, 0x81, 0xeb, 0x27, 0x88,
  0x26, 0xb3, 0xc6, 0x0c, 0xd9, 0x99, 0x80, 0x24, 0x50, 0x28, 0x22, 0x4a, 0x40, 0x25, 0xa0, 0x0f,
  0xb5, 0x40, 0x3f, 0xf8, 0x24, 0x50, 0x81, 0x14, 0x1d, 0xba, 0x60, 0xdd, 0x92, 0x2a, 0x8a, 0x15,
  0x52, 0xa2, 0xa8, 0x81, 0x56, 0x10, 0x0f, 0xfe, 0x07, 0x10, 0x06, 0x10, 0x1d, 0x21, 0x81, 0x58,
  0x06, 0xa4, 0xc4, 0x80, 0x81, 0x4c, 0x41, 0x28, 0x01, 0x6e, 0x00, 0x1c, 0x24, 0x28, 0xa2, 0x33,
  0xbf, 0x48, 0x10, 0x00, 0x20, 0xc1, 0x98, 0x05, 0x32, 0x22, 0xc6, 0x1b, 0xfe, 0x44, 0x80, 0x3c,
  0xae, 0x01, 0xeb, 0xd0, 0x0e, 0x31, 0xf0, 0x0e, 0xa0, 0x50, 0x0e, 0x75, 0x00, 0xe4, 0x1e, 0x00,
  0xed, 0x04, 0x00, 0xe7, 0x50, 0x0e, 0x41, 0xe0, 0x0e, 0xd1, 0x40, 0x0e, 0x77, 0x00, 0x72, 0x0e,
  0x80, 0x77, 0x0a, 0x00, 0x72, 0xb8, 0x07, 0x28, 0x68, 0x07, 0x78, 0xa0, 0x07, 0x2b, 0x80, 0x72,
  0x85, 0x00, 0x70, 0x30, 0x00, 0x63, 0x40, 0x24, 0xcf, 0xf6, 0x20, 0x07, 0x3d, 0x9a, 0x20, 0xed,
  0xc0, 0x23, 0x82, 0xeb, 0xb7, 0x14, 0x18, 0x02, 0x43, 0x84, 0x00, 0x3c, 0x12, 0x00, 0x51, 0x30,
  0x0c, 0x62, 0xa0, 0x20, 0xa0, 0x1e, 0x50, 0x13, 0x01, 0x00, 0xf0, 0x81, 0x98, 0x04, 0x03, 0xc2,
  0x06, 0x20, 0xa0, 0x1e, 0x50, 0x10, 0x51, 0x40, 0x0c, 0x62, 0xa0, 0x09, 0x09, 0x10, 0x00, 0xf0,
  0x48, 0x00, 0xe0, 0xba, 0xed, 0xc5, 0x06, 0x01, 0x3d, 0x9a, 0x20, 0xed, 0xc0, 0x00, 0x1c, 0x00,
  0x2b, 0x77, 0xfe, 0xc5, 0x58, 0x01, 0x15, 0x40, 0x0f, 0xff, 0x40, 0x28, 0x00, 0x53, 0x40, 0xa7,
  0x7f, 0xd8, 0xa0, 0x05, 0xd6, 0x15, 0x43, 0xa8, 0x06, 0x3c, 0xc5, 0x5e, 0x83, 0x81, 0xe1, 0x80,
  0x44, 0xa0, 0x40, 0x1f, 0x08, 0x18, 0x07, 0x8d, 0x10, 0x20, 0x1c, 0x5a, 0x12, 0x01, 0xc5, 0x83,
  0x64, 0x01, 0x8b, 0x06, 0xd0, 0x03, 0x16, 0x0e, 0x20, 0x06, 0x2c, 0x1c, 0x30, 0x0c, 0x58, 0x27,
  0x35, 0x59, 0xdc, 0x20, 0x6a, 0xbd, 0x80, 0x28, 0x00, 0x53, 0x57, 0xff, 0xf0, 0x32, 0xaf, 0x10,
  0x18, 0x1d, 0x56, 0x83, 0x2d, 0x00, 0xe1, 0xc0, 0xf1, 0x00, 0xed, 0x1d, 0x20, 0x0e, 0x63, 0x0e,
  0x70, 0x0e, 0x57, 0x63, 0x8b, 0x00, 0xc7, 0x13, 0xc6, 0x86, 0x01, 0xf4, 0x82, 0x00, 0x7c, 0x60,
  0x2d, 0x42, 0x01, 0x0d, 0x82, 0x62, 0xf6, 0x5e, 0x71, 0x39, 0x55, 0xa9, 0x21, 0x9a, 0xa0, 0x00,
  0x30, 0x00, 0x63, 0x40, 0x3c, 0x9f, 0x60, 0x1f, 0x86, 0x8a, 0x80, 0x3f, 0x68, 0xf0, 0x80, 0x7d,
  0x27, 0x26, 0x01, 0xf2, 0xb3, 0x40, 0x1f, 0x15, 0x1c, 0x81, 0xe2, 0x80, 0x43, 0xe1, 0xc0, 0x07,
  0x32, 0x00, 0xa8, 0xac, 0x80, 0x3e, 0x44, 0x05, 0xff, 0xd6, 0x11, 0xfa, 0xec, 0xde, 0x40, 0x36,
  0x53, 0x99, 0xf7, 0x05, 0xcc, 0x00, 0x7f, 0xf3, 0x00, 0x28, 0x00, 0x53, 0x40, 0xbf, 0xfe, 0x00,
  0x30, 0x1a, 0xaf, 0x00, 0x04, 0x22, 0xab, 0x80, 0x04, 0x0e, 0x01, 0xf7, 0x01, 0x00, 0x7c, 0x61,
  0xdf, 0xec, 0x70, 0x0b, 0x55, 0x64, 0x38, 0xd0, 0x03, 0xd5, 0x57, 0xea, 0x4e, 0x01, 0xf4, 0x06,
  0x80, 0x7f, 0x8e, 0xc8, 0x03, 0x48, 0x62, 0xa6, 0xea, 0xed, 0xc8, 0x6c, 0xcc, 0x60, 0x44, 0x1c,
  0x60, 0x00, 0x2c, 0x00, 0x5b, 0x40, 0x22, 0x9d, 0xff, 0x63, 0x00, 0x49, 0xac, 0x2a, 0xa1, 0xf0,
  0x01, 0x58, 0xe6, 0x2a, 0x9b, 0x20, 0x0b, 0x0a, 0x30, 0x0f, 0x9c, 0x50, 0x03, 0xe1, 0x12, 0x95,
  0xf7, 0xec, 0x00, 0x0c, 0x1b, 0x59, 0xa0, 0x7c, 0x03, 0x02, 0x5d, 0x89, 0xd5, 0x35, 0x10, 0x04,
  0x00, 0x69, 0x0c, 0x04, 0x00, 0xff, 0x78, 0x40, 0x06, 0x90, 0xd0, 0x46, 0x5d, 0x98, 0xd5, 0x52,
  0x00, 0x26, 0x85, 0x9c, 0x22, 0x80, 0x2c, 0x00, 0x5b, 0x5f, 0xff, 0xf8, 0x02, 0x45, 0x5e, 0x01,
  0x00, 0xbe, 0xab, 0x78, 0x30, 0x08, 0x07, 0xa4, 0x24, 0x1b, 0xd0, 0x02, 0x33, 0x28, 0x80, 0x7d,
  0x21, 0x20, 0x1f, 0x12, 0x99, 0x80, 0x3e, 0xa0, 0x90, 0x0f, 0xce, 0x2a, 0x01, 0xf3, 0x04, 0x80,
  0x7e, 0xb0, 0x60, 0x0f, 0x90, 0x98, 0x40, 0x3e, 0xf0, 0xb0, 0x0e, 0x30, 0x00, 0x5b, 0x40, 0x03,
  0x3d, 0xfe, 0xc6, 0x00, 0x87, 0xd9, 0x5d, 0x8a, 0x64, 0x00, 0x91, 0x8b, 0x89, 0xe3, 0x62, 0x03,
  0x06, 0x00, 0xd6, 0x0e, 0x02, 0x06, 0x01, 0xbc, 0x18, 0x38, 0x3c, 0xc0, 0x59, 0xc8, 0xc1, 0x14,
  0xb3, 0xfa, 0x43, 0x80, 0x10, 0xa7, 0x57, 0x68, 0x1c, 0x21, 0x73, 0xc5, 0x44, 0x3e, 0x84, 0x10,
  0x30, 0x07, 0x18, 0x31, 0x82, 0x10, 0x06, 0x70, 0x50, 0x91, 0xda, 0x89, 0xc8, 0x18, 0x06, 0xc5,
  0x47, 0x61, 0x7f, 0x10, 0x2c, 0x00, 0x5b, 0x40, 0x0d, 0x9f, 0xec, 0x60, 0x0d, 0x52, 0x2e, 0xe0,
  0x9b, 0x00, 0x22, 0xab, 0x62, 0x19, 0x08, 0xc0, 0x61, 0xc0, 0x19, 0xc2, 0xc0, 0x40, 0x80, 0x31,
  0x01, 0x0b, 0x84, 0x28, 0x01, 0x3c, 0x00, 0x43, 0x63, 0x5f, 0xeb, 0x15, 0x00, 0x93, 0xa9, 0xe2,
  0xf0, 0x00, 0x20, 0x01, 0x58, 0x74, 0x07, 0x02, 0x00, 0xf9, 0x09, 0x00, 0x3e, 0x3a, 0x08, 0x00,
  0x47, 0x54, 0xe6, 0x06, 0x8c, 0x01, 0xa4, 0xac, 0x4b, 0xaa, 0x00, 0x10, 0x00, 0x22, 0x83, 0x74,
  0x22, 0x22, 0x18, 0xcc, 0x88, 0x19, 0x80, 0x1f, 0xfc, 0x26, 0x60, 0x14, 0xc8, 0x8b, 0x18, 0x10,
  0x1d, 0x23, 0x43, 0x74, 0x22, 0x22, 0x18, 0xcc, 0x88, 0x19, 0x80, 0x1f, 0xfc, 0x25, 0x60, 0x1a,
  0x93, 0x12, 0x02, 0x05, 0x31, 0x04, 0xa0, 0x05, 0xb8, 0x00, 0x28, 0x22, 0x4a, 0x40, 0x3e, 0x52,
  0x00, 0xc3, 0x1d, 0x4c, 0x00, 0x4b, 0xe7, 0x76, 0x23, 0x6d, 0xbc, 0xfc, 0x98, 0x51, 0x46, 0x30,
  0x06, 0x93, 0x8e, 0x71, 0x00, 0x97, 0x30, 0xf1, 0xd6, 0x80, 0x11, 0xcf, 0x4b, 0x5a, 0x00, 0x61,
  0x6d, 0xb6, 0x28, 0x23, 0x49, 0xf3, 0xff, 0xe4, 0xa8, 0x8f, 0x99, 0x8e, 0xff, 0x10, 0x07, 0xf0,
  0x91, 0x7c, 0x1b, 0xbf, 0x92, 0x2a, 0xbe, 0x50, 0x28, 0x22, 0x4a, 0x58, 0x80, 0x3e, 0xad, 0xb4,
  0x00, 0xec, 0x96, 0xbe, 0x71, 0x00, 0x9b, 0x71, 0xe3, 0xa8, 0x40, 0x23, 0x9d, 0x25, 0x50, 0x04,
  0x97, 0xa4, 0xca, 0x31, 0xd6, 0xf3, 0xf2, 0x3a, 0xe9, 0x98, 0x60, 0x0a, 0x7a, 0x8c, 0x03, 0x80,
  0x28, 0x00, 0x53, 0x40, 0xa7, 0xbf, 0xd8, 0xc0, 0x05, 0xd6, 0x56, 0x53, 0x98, 0x01, 0x3d, 0xb9,
  0xad, 0x07, 0x04, 0xc2, 0x00, 0x88, 0xc0, 0x40, 0x3c, 0x26, 0x42, 0x01, 0xc3, 0xa1, 0x20, 0x1c,
  0x38, 0x76, 0x80, 0x1d, 0x05, 0x48, 0x01, 0xe2, 0x35, 0x00, 0xfa, 0xf0, 0x03, 0xf1, 0xa0, 0x07,
  0xc3, 0x96, 0x20, 0x1e, 0x12, 0x20, 0x80, 0x40, 0x4c, 0x1c, 0x94, 0x40, 0x38, 0xe7, 0x7f, 0xdd,
  0x90, 0x20, 0x1f, 0xab, 0x16, 0xaf, 0x2e, 0xcb, 0xce, 0x01, 0xc3, 0xaf, 0x98, 0x74, 0x35, 0x7d,
  0xa9, 0xa0, 0x0d, 0x61, 0x86, 0x00, 0x10, 0x08, 0x53, 0x11, 0xc0, 0x08, 0xbc, 0x20, 0xbb, 0xdf,
  0xab, 0x58, 0x57, 0x02, 0x1c, 0x86, 0x0f, 0x43, 0x56, 0xb4, 0xa0, 0x05, 0x17, 0x04, 0xd0, 0x18,
  0x4c, 0x54, 0x8b, 0x10, 0x09, 0xfc, 0x44, 0xa0, 0x81, 0xe0, 0x19, 0x08, 0x02, 0xe2, 0x30, 0x10,
  0x20, 0x60, 0x0e, 0x10, 0x0e, 0x30, 0x10, 0x20, 0x70, 0x0e, 0x10, 0x0b, 0x84, 0x65, 0x05, 0x08,
  0x00, 0xcc, 0x40, 0x12, 0x60, 0x26, 0x80, 0x28, 0xba, 0x1e, 0xe4, 0xca, 0x28, 0xdc, 0x25, 0x0c,
  0x16, 0xc9, 0xe0, 0x33, 0x4d, 0xdd, 0xa2, 0x06, 0xbc, 0x20, 0x99, 0xfe, 0xb3, 0x1c, 0xfd, 0x30,
  0x0a, 0x87, 0xcc, 0x03, 0xff, 0x87, 0x89, 0x98, 0x74, 0x43, 0x57, 0x00, 0x7f, 0x56, 0x2d, 0x5d,
  0xa0, 0x60, 0x03, 0x80, 0x37, 0xe0, 0x7b, 0x40, 0x3d, 0x1f, 0x60, 0x1f, 0xfc, 0x06, 0x04, 0x20,
  0x0f, 0xf3, 0x0c, 0x05, 0x80, 0x7f, 0xac, 0x9d, 0x18, 0x03, 0xf9, 0x0a, 0x83, 0xc1, 0xc0, 0x3f,
  0x78, 0x30, 0x21, 0x50, 0x07, 0xc4, 0x8c, 0x20, 0x0a, 0x25, 0x00, 0xf5, 0x85, 0x80, 0x4c, 0x12,
  0x01, 0xc2, 0xc1, 0xbf, 0xf7, 0x01, 0x98, 0x03, 0x30, 0x33, 0xbf, 0x82, 0x40, 0x34, 0x8c, 0xc4,
  0x78, 0xd4, 0x40, 0x0a, 0x32, 0x01, 0xf4, 0x84, 0x80, 0x24, 0x18, 0x03, 0xe5, 0x16, 0x00, 0x38,
  0x20, 0x63, 0x47, 0xff, 0xeb, 0x50, 0x0c, 0x4e, 0xf9, 0x52, 0x9c, 0x02, 0x68, 0x8d, 0x5c, 0x12,
  0x01, 0xfc, 0x26, 0x20, 0x1f, 0xc2, 0x62, 0x01, 0x34, 0x46, 0xae, 0x08, 0x00, 0x89, 0xdf, 0x28,
  0x1b, 0x80, 0x49, 0xff, 0xd6, 0x3e, 0x20, 0x1f, 0x93, 0x86, 0x00, 0x3f, 0x84, 0x08, 0x03, 0xf9,
  0x40, 0x80, 0x0d, 0x11, 0xa7, 0x20, 0x2c, 0x00, 0x4e, 0xf9, 0x85, 0xb4, 0x80, 0x34, 0x00, 0x6b,
  0x40, 0x32, 0xdf, 0x7f, 0x5a, 0x80, 0x61, 0xba, 0x42, 0x55, 0x25, 0x58, 0x05, 0xa8, 0xbd, 0x95,
  0x7c, 0xce, 0x00, 0x63, 0x5a, 0x10, 0x08, 0x67, 0x00, 0x16, 0x16, 0x01, 0xfc, 0x24, 0x62, 0x01,
  0xfc, 0x60, 0xc0, 0x1f, 0xe3, 0x06, 0x00, 0xff, 0x09, 0x18, 0x80, 0x7f, 0xac, 0x2c, 0x03, 0xfc,
  0xc6, 0xb4, 0x20, 0x10, 0xce, 0x08, 0x03, 0x51, 0x7b, 0x2b, 0x39, 0x9c, 0x40, 0x03, 0x74, 0x84,
  0xa4, 0x95, 0x60, 0x3c, 0x20, 0x6b, 0x47, 0xff, 0xdd, 0x48, 0x01, 0xc2, 0xab, 0x89, 0x6e, 0xc0,
  0x19, 0x6a, 0xb6, 0x6a, 0x22, 0xc0, 0x3f, 0x8a, 0xd1, 0x0a, 0x01, 0xfe, 0x90, 0xe0, 0x0f, 0xf1,
  0x0a, 0x80, 0x7f, 0xc4, 0x20, 0x1f, 0xf1, 0x08, 0x07, 0xf8, 0x85, 0x40, 0x3f, 0xd2, 0x1c, 0x01,
  0xf8, 0xad, 0x10, 0xa0, 0x05, 0xaa, 0xd9, 0xa8, 0x8b, 0x00, 0x85, 0x57, 0x12, 0xdd, 0x80, 0x00,
  0x30, 0x20, 0x5b, 0x47, 0xff, 0xf6, 0x00, 0x42, 0xab, 0xeb, 0x00, 0x96, 0xab, 0xce, 0x01, 0xff,
  0xcd, 0x59, 0x9f, 0x00, 0x61, 0x66, 0xf0, 0x06, 0x4f, 0xff, 0x00, 0x7f, 0xf6, 0x56, 0xab, 0xe0,
  0x08, 0x55, 0x7e, 0x00, 0x2c, 0x20, 0x53, 0x47, 0xff, 0xf6, 0x00, 0x05, 0x57, 0xd6, 0x00, 0x5a,
  0xaf, 0x38, 0x07, 0xff, 0x51, 0x3f, 0xfc, 0x01, 0x0b, 0x37, 0x80, 0x25, 0x99, 0xf0, 0x07, 0xff,
  0x74, 0x38, 0x00, 0x6b, 0x40, 0x32, 0xdf, 0x7f, 0xb1, 0x80, 0x30, 0xdd, 0x21, 0x2a, 0x1c, 0xe8,
  0x80, 0x35, 0x17, 0xb2, 0xaf, 0xe0, 0x02, 0x63, 0x5a, 0x10, 0x0c, 0xfa, 0x21, 0x61, 0x60, 0x1f,
  0xc2, 0x46, 0x20, 0x1f, 0xc6, 0x0c, 0x01, 0xf1, 0xc9, 0x98, 0x18, 0x03, 0xe5, 0x66, 0x09, 0x18,
  0x80, 0x7f, 0xac, 0x2c, 0x03, 0xfc, 0xc6, 0xb6, 0x40, 0x1b, 0xc0, 0x36, 0xa2, 0x37, 0x2e, 0xde,
  0xc2, 0xe0, 0x01, 0xba, 0x42, 0x44, 0x1c, 0x71, 0x00, 0x3c, 0x20, 0x63, 0x47, 0xec, 0x03, 0xc3,
  0xf6, 0x01, 0xff, 0xe6, 0x5a, 0xaf, 0x58, 0x06, 0x15, 0x5f, 0x80, 0x32, 0x7f, 0xfb, 0x80, 0x3f,
  0xfe, 0x40, 0x18, 0x20, 0x1b, 0x47, 0xec, 0x03, 0xff, 0xb0, 0x27, 0xe0, 0x4b, 0x40, 0x1d, 0xff,
  0xce, 0x00, 0x65, 0x58, 0xc0, 0x34, 0x55, 0x52, 0x01, 0xff, 0xf2, 0x30, 0x10, 0xa7, 0x00, 0xb4,
  0x14, 0x1a, 0x36, 0xb5, 0x0c, 0xc1, 0x8e, 0x6a, 0x6d, 0xa0, 0x34, 0x20, 0x63, 0x47, 0xec, 0x03,
  0x87, 0x7c, 0x80, 0x3e, 0x1c, 0x2c, 0x20, 0x0f, 0xb4, 0xac, 0xc0, 0x3e, 0xb3, 0x94, 0x00, 0xfa,
  0x92, 0x18, 0x03, 0xea, 0x57, 0x70, 0x07, 0xd2, 0xa0, 0x60, 0x1f, 0x23, 0x22, 0x50, 0x01, 0xf2,
  0x5d, 0x13, 0xa8, 0x07, 0x15, 0x80, 0xf8, 0x51, 0x00, 0x66, 0x00, 0x8a, 0xc3, 0xc4, 0x03, 0xf2,
  0x49, 0x50, 0x07, 0xf3, 0x31, 0x20, 0x2c, 0x20, 0x53, 0x47, 0xec, 0x03, 0xff, 0xfe, 0x01, 0xff,
  0xd6, 0x5a, 0xaf, 0x28, 0x00, 0x55, 0x7d, 0xa0, 0x44, 0x20, 0x7b, 0x47, 0xe8, 0x03, 0xf9, 0xfd,
  0x00, 0x0a, 0x60, 0x1f, 0x0c, 0x00, 0x77, 0x80, 0x7d, 0x00, 0x1e, 0x35, 0x00, 0xe2, 0x60, 0x0e,
  0x51, 0xb0, 0x0e, 0x90, 0x60, 0x0e, 0xb1, 0x80, 0x09, 0x10, 0xfc, 0x01, 0xca, 0x6e, 0x20, 0x09,
  0x18, 0x00, 0xfb, 0x82, 0xc1, 0x8a, 0xc0, 0x3f, 0x13, 0x2a, 0x42, 0x28, 0x07, 0xf4, 0x0d, 0x8c,
  0x80, 0x7f, 0x86, 0x01, 0x88, 0x00, 0x20, 0x1f, 0x9a, 0x64, 0x01, 0xff, 0xc1, 0x60, 0x0f, 0x80,
  0x3c, 0x20, 0x63, 0x47, 0xec, 0x03, 0xc3, 0xf6, 0x00, 0x48, 0x00, 0xff, 0x9d, 0x00, 0x3f, 0x88,
  0x2c, 0x80, 0x3f, 0x35, 0x07, 0x80, 0x7f, 0x2b, 0x15, 0x00, 0x7f, 0x49, 0xab, 0x00, 0x7f, 0x68,
  0xc9, 0x80, 0x7e, 0x1a, 0x0d, 0x30, 0x0f, 0xc9, 0x03, 0xc0, 0x1f, 0xce, 0xa6, 0x01, 0xfe, 0xa2,
  0x00, 0xff, 0xbc, 0x00, 0x3c, 0x00, 0x7b, 0x40, 0x32, 0xdf, 0x7f, 0x5b, 0x00, 0x78, 0x6e, 0x90,
  0x95, 0x49, 0x3a, 0x40, 0x1b, 0x51, 0x7b, 0x2a, 0xf9, 0x8b, 0xc4, 0x00, 0xc6, 0xb4, 0x20, 0x10,
  0xcb, 0x94, 0x80, 0x2c, 0x2c, 0x03, 0xe8, 0x17, 0x01, 0x23, 0x10, 0x0f, 0xc8, 0x04, 0x60, 0xc0,
  0x1f, 0xc4, 0x02, 0x60, 0xc0, 0x1f, 0xc4, 0x02, 0x22, 0x31, 0x00, 0xfc, 0x82, 0x41, 0x61, 0x60,
  0x1f, 0x48, 0xb0, 0x01, 0x8d, 0x6c, 0x40, 0x21, 0x96, 0x28, 0x00, 0xb1, 0x11, 0xd9, 0x59, 0xcc,
  0x58, 0x01, 0xd7, 0x48, 0x4a, 0x69, 0x3a, 0x20, 0x00, 0x34, 0x20, 0x63, 0x47, 0xff, 0xdb, 0x00,
  0x1c, 0x2a, 0xb8, 0xdf, 0x44, 0x02, 0x5a, 0xad, 0xce, 0x56, 0x01, 0xfd, 0x02, 0xa0, 0x1f, 0xe2,
  0x00, 0xff, 0x88, 0x03, 0xfd, 0x02, 0xa0, 0x12, 0xd5, 0x6e, 0x72, 0xb0, 0x08, 0x55, 0x71, 0xbe,
  0x88, 0x04, 0x9f, 0xfb, 0x60, 0x03, 0xff, 0xb6, 0x3c, 0x1d, 0x7c, 0x00, 0x32, 0xdf, 0x7f, 0x5b,
  0x00, 0x78, 0x6e, 0x90, 0x95, 0x49, 0x3a, 0x40, 0x1b, 0x51, 0x7b, 0x2a, 0xf9, 0x8b, 0xc4, 0x00,
  0xc6, 0xb4, 0x20, 0x10, 0xcb, 0x94, 0x80, 0x2c, 0x2c, 0x03, 0xe8, 0x17, 0x01, 0x23, 0x10, 0x0f,
  0xc8, 0x04, 0x60, 0xc0, 0x1f, 0xc4, 0x02, 0x60, 0xc0, 0x1f, 0xc4, 0x02, 0x22, 0x31, 0x00, 0xfc,
  0x82, 0x41, 0x61, 0x40, 0x1f, 0x48, 0xb0, 0x01, 0x8d, 0x2c, 0x40, 0x21, 0x96, 0x28, 0x00, 0xb1,
  0x11, 0xd9, 0x59, 0xcc, 0x58, 0x01, 0xd7, 0x48, 0x4a, 0x65, 0x3a, 0x20, 0x1e, 0x5b, 0xea, 0x02,
  0x12, 0x3a, 0x80, 0x0f, 0x97, 0x0e, 0x37, 0x12, 0xc0, 0x3f, 0x1e, 0x6d, 0x5f, 0x18, 0x34, 0x20,
  0x63, 0x47, 0xff, 0xdb, 0x00, 0x1c, 0x2a, 0xb8, 0xdf, 0x44, 0x02, 0x5a, 0xad, 0xce, 0x56, 0x01,
  0xfd, 0x02, 0xa0, 0x1f, 0xe2, 0x00, 0xff, 0x88, 0x03, 0xfd, 0x02, 0xa0, 0x12, 0xcc, 0xd5, 0xce,
  0x56, 0x01, 0x0b, 0x34, 0xa2, 0xba, 0x20, 0x12, 0x7f, 0xdc, 0x0e, 0x01, 0xfc, 0x34, 0x52, 0x01,
  0xfc, 0xa8, 0xc8, 0x01, 0xfd, 0x43, 0x40, 0x2c, 0x00, 0x5b, 0x40, 0x05, 0x5d, 0xfe, 0xd8, 0x20,
  0x01, 0xea, 0xa9, 0x94, 0x5f, 0x80, 0x1e, 0x17, 0x69, 0xac, 0xdf, 0x00, 0x19, 0x20, 0x06, 0x23,
  0x00, 0x11, 0x0c, 0x03, 0xf4, 0x06, 0x52, 0x88, 0x07, 0x2e, 0x22, 0xd7, 0x6b, 0x80, 0x63, 0xbf,
  0xb6, 0x38, 0xc0, 0x0f, 0x24, 0xf2, 0x1a, 0x80, 0x7e, 0xe0, 0x30, 0xb5, 0x00, 0xee, 0x05, 0x15,
  0xae, 0xb9, 0xae, 0x45, 0x31, 0xe9, 0x55, 0x32, 0x94, 0xd0, 0x00, 0x2c, 0x00, 0x5b, 0x7b, 0xff,
  0xfa, 0x1d, 0x56, 0x20, 0x45, 0x5b, 0x66, 0xaa, 0x40, 0x9a, 0xa9, 0x40, 0x3f, 0xff, 0xe0, 0x1f,
  0xfd, 0x70, 0x38, 0x20, 0x63, 0x4f, 0xe4, 0x03, 0xcb, 0xee, 0x01, 0xff, 0xff, 0x00, 0xfc, 0x22,
  0x02, 0x00, 0xf1, 0x81, 0x90, 0xa0, 0x07, 0xb4, 0x1c, 0x18, 0x28, 0x03, 0x3a, 0x19, 0x04, 0x1a,
  0xfd, 0xdb, 0xa0, 0x78, 0x02, 0xc8, 0x34, 0x41, 0xbf, 0x90, 0x00, 0x37, 0xe0, 0x73, 0x43, 0x3c,
  0x80, 0x3e, 0x2f, 0x90, 0xa0, 0xa0, 0x0f, 0xac, 0x28, 0x18, 0x5c, 0x03, 0xc2, 0xc6, 0x60, 0x03,
  0x03, 0x00, 0x73, 0x04, 0x80, 0x52, 0x16, 0x01, 0xd2, 0x2a, 0x01, 0x0a, 0x92, 0x00, 0x4a, 0x32,
  0x01, 0xd2, 0x1c, 0x01, 0x48, 0x30, 0x07, 0x19, 0x29, 0x01, 0x1a, 0x88, 0x07, 0xac, 0x28, 0x2c,
  0x24, 0x03, 0xe6, 0x16, 0x16, 0x33, 0x00, 0x7e, 0x61, 0xd0, 0x90, 0x0f, 0xea, 0x03, 0x15, 0x00,
  0xfe, 0x25, 0x06, 0x00, 0xe0, 0x50, 0x00, 0xa3, 0x53, 0xe4, 0x03, 0xd9, 0xe6, 0x01, 0xc5, 0xf0,
  0x82, 0xe0, 0x1c, 0x46, 0x16, 0x01, 0xd4, 0x16, 0x0e, 0x26, 0x01, 0x94, 0x00, 0xa0, 0x1c, 0xa2,
  0x61, 0xa1, 0x40, 0x1a, 0xc9, 0xc8, 0x80, 0x11, 0x11, 0x80, 0x08, 0x0e, 0x01, 0x11, 0xad, 0x85,
  0x00, 0x4a, 0x16, 0x01, 0x28, 0x98, 0x01, 0x42, 0xcc, 0x54, 0x02, 0xa1, 0x30, 0x0b, 0xc2, 0xc0,
  0x16, 0x46, 0x0c, 0x44, 0x02, 0x23, 0x80, 0x65, 0x05, 0x02, 0x35, 0x00, 0x58, 0x28, 0x28, 0x68,
  0x07, 0x29, 0x11, 0x42, 0xc0, 0x06, 0x34, 0x16, 0x28, 0x01, 0xde, 0x0b, 0x62, 0x60, 0x13, 0x92,
  0x1b, 0x80, 0x79, 0x42, 0x4d, 0x80, 0x35, 0x05, 0x06, 0x80, 0x7c, 0x82, 0x16, 0x01, 0x8c, 0x44,
  0x08, 0x01, 0xf6, 0x80, 0x98, 0x07, 0x38, 0x28, 0x06, 0x30, 0x00, 0x63, 0x4b, 0xf8, 0x03, 0xd7,
  0xe6, 0x52, 0x34, 0x01, 0x9d, 0x1c, 0xc1, 0x91, 0x54, 0x00, 0x28, 0x38, 0x00, 0xa8, 0x6c, 0x43,
  0xc3, 0x80, 0x30, 0xd8, 0xd4, 0x94, 0x90, 0x07, 0x2a, 0x91, 0x95, 0x80, 0x3e, 0x90, 0x07, 0x80,
  0x7e, 0xe0, 0x05, 0x88, 0x07, 0xa4, 0xa6, 0x86, 0xc0, 0x39, 0x19, 0x19, 0x56, 0x60, 0x08, 0x68,
  0x68, 0x01, 0x63, 0x24, 0x00, 0xa1, 0xb1, 0x00, 0x0d, 0x07, 0x03, 0x22, 0xa8, 0x03, 0x23, 0x9c,
  0x00, 0x33, 0xe0, 0x6b, 0x43, 0x3c, 0x80, 0x3c, 0xbe, 0xc1, 0xe1, 0x20, 0x1e, 0xb2, 0x60, 0x36,
  0x45, 0x00, 0xd0, 0x3c, 0x01, 0x40, 0xd8, 0x04, 0x4e, 0xa6, 0x01, 0x0c, 0x0c, 0x00, 0x24, 0x2c,
  0x03, 0x98, 0x9c, 0x95, 0x20, 0x40, 0x3d, 0xc1, 0x36, 0x4e, 0x01, 0xf1, 0xaa, 0x0c, 0x80, 0x7f,
  0x40, 0x1a, 0x00, 0x7f, 0x18, 0x38, 0x07, 0xff, 0x80, 0x30, 0x00, 0x63, 0x47, 0xff, 0xfc, 0x22,
  0x55, 0xf8, 0xc0, 0x84, 0x2a, 0xbd, 0x64, 0x1e, 0x01, 0xfb, 0x46, 0x88, 0x03, 0xe9, 0x37, 0x50,
  0x0f, 0x95, 0x8e, 0x00, 0x3e, 0x2a, 0x1d, 0x00, 0xfd, 0xe1, 0xa2, 0x01, 0xf5, 0x94, 0x18, 0x07,
  0xce, 0x8a, 0xe0, 0x1f, 0x24, 0x15, 0x00, 0x7c, 0x34, 0x03, 0x55, 0xf1, 0x90, 0x81, 0xaa, 0xfc,
  0xe0, 0x18, 0x3c, 0x2c, 0x87, 0xfe, 0xa0, 0x01, 0xc7, 0x00, 0x19, 0xd0, 0x03, 0xff, 0xee, 0xce,
  0x80, 0x03, 0x8e, 0x1b, 0xfe, 0x44, 0x91, 0xc0, 0x3c, 0x30, 0x60, 0x1c, 0xa1, 0x60, 0x1e, 0x56,
  0x00, 0xf7, 0x89, 0x80, 0x72, 0x85, 0x00, 0x79, 0x5c, 0x03, 0xde, 0x28, 0x01, 0xca, 0x1a, 0x01,
  0xe5, 0x70, 0x0f, 0x70, 0xa0, 0x07, 0x20, 0xe8, 0x07, 0x9d, 0xc0, 0x1e, 0xd1, 0x40, 0x0e, 0x41,
  0xe0, 0x0f, 0x3a, 0x80, 0x7b, 0x41, 0x40, 0x39, 0x07, 0xc0, 0x18, 0x1c, 0x2c, 0xab, 0xfe, 0x1e,
  0x83, 0x00, 0x23, 0xb0, 0x07, 0xff, 0xdd, 0x1d, 0x80, 0x1d, 0x06, 0x00, 0x28, 0x23, 0x4a, 0x00,
  0x2a, 0xf2, 0x00, 0xe1, 0x50, 0xb0, 0x0e, 0x60, 0x77, 0x00, 0x75, 0x34, 0x8a, 0x80, 0x48, 0x56,
  0x2b, 0x20, 0x17, 0x19, 0x07, 0x19, 0x00, 0xac, 0x80, 0x10, 0xa8, 0x18, 0x54, 0x02, 0xa6, 0x00,
  0x24, 0x1e, 0x48, 0xbf, 0xff, 0xb7, 0x7f, 0x80, 0x2c, 0x4b, 0x28, 0xd2, 0x10, 0x00, 0x85, 0x68,
  0x00, 0xa8, 0xb4, 0x2c, 0x00, 0x52, 0x80, 0x63, 0x7f, 0xda, 0xe0, 0x14, 0x3b, 0x34, 0x71, 0x00,
  0x04, 0x6d, 0xcc, 0xbc, 0x5c, 0x00, 0x24, 0x01, 0x0b, 0x81, 0x00, 0xd7, 0xfe, 0x60, 0x10, 0xa5,
  0x8b, 0xcc, 0x28, 0x04, 0x88, 0x74, 0x33, 0x10, 0x07, 0xf2, 0x80, 0x4a, 0x92, 0x8d, 0xa4, 0x01,
  0x53, 0xba, 0xe1, 0x60, 0x00, 0x30, 0x20, 0x5b, 0x97, 0xd4, 0x03, 0xff, 0xc0, 0xdb, 0xfd, 0x44,
  0x01, 0xa2, 0x45, 0x95, 0x5a, 0x80, 0x11, 0x56, 0x4d, 0xe0, 0x50, 0x04, 0xaa, 0x00, 0x8d, 0xc5,
  0x40, 0x18, 0x01, 0xd8, 0x04, 0x01, 0xff, 0xc1, 0xc0, 0x0e, 0xc0, 0x20, 0x02, 0xa8, 0x02, 0x37,
  0x15, 0x00, 0x15, 0x64, 0xde, 0x05, 0x00, 0x53, 0x21, 0x65, 0x56, 0xa0, 0x00, 0x28, 0x00, 0x52,
  0x80, 0x28, 0xdf, 0xf5, 0x98, 0x00, 0x75, 0xc1, 0x95, 0x31, 0x02, 0xca, 0x36, 0x6b, 0x4d, 0xc5,
  0x4d, 0xc0, 0x22, 0xc3, 0x20, 0x40, 0x0f, 0xfe, 0x29, 0x82, 0x00, 0x7e, 0x63, 0x70, 0x08, 0xb0,
  0xc2, 0x0a, 0x36, 0x6b, 0x4d, 0xc0, 0x76, 0x01, 0x95, 0x31, 0x00, 0x30, 0x00, 0x5b, 0x80, 0x3f,
  0x0f, 0xd0, 0x07, 0xff, 0x5c, 0x63, 0xbf, 0xa4, 0xc0, 0x21, 0xc7, 0x26, 0x46, 0xf0, 0x0a, 0xca,
  0x32, 0x6b, 0x4c, 0x00, 0x2a, 0x6e, 0x01, 0x14, 0x00, 0x08, 0x10, 0x03, 0x9c, 0x03, 0xff, 0x82,
  0x40, 0x80, 0x1c, 0xe0, 0x01, 0x53, 0x70, 0x08, 0xa0, 0x02, 0xb2, 0x8c, 0x9a, 0xd3, 0x00, 0x87,
  0x1c, 0x99, 0x1b, 0x00, 0x00, 0x2c, 0x00, 0x5a, 0x80, 0x03, 0x1d, 0xfd, 0x22, 0x01, 0x0e, 0x3a,
  0xba, 0x37, 0x90, 0x02, 0xca, 0xed, 0x15, 0xa3, 0xc0, 0x2a, 0x88, 0x00, 0x89, 0xcc, 0x48, 0x13,
  0xff, 0x9c, 0x08, 0x00, 0xd9, 0x9f, 0x19, 0x81, 0x4c, 0xfe, 0x00, 0x29, 0xb8, 0x06, 0x91, 0x00,
  0x59, 0x46, 0xcc, 0xb9, 0x9c, 0x00, 0x3b, 0x00, 0xcc, 0x2a, 0x60, 0x18, 0x00, 0x3b, 0x80, 0x03,
  0x5f, 0xea, 0x00, 0x52, 0xb3, 0x90, 0x01, 0x11, 0x31, 0x00, 0x10, 0x20, 0x0a, 0xf8, 0x1b, 0xfc,
  0xbc, 0xe0, 0x71, 0x07, 0x59, 0x06, 0x77, 0x10, 0x07, 0xff, 0x94, 0x30, 0x1c, 0x5b, 0x80, 0x03,
  0x1d, 0xfd, 0x23, 0xd8, 0x03, 0x8e, 0xb0, 0xcf, 0xe0, 0x15, 0x94, 0xdb, 0xc7, 0x10, 0x80, 0xa9,
  0xb0, 0x06, 0xf0, 0x01, 0x02, 0x00, 0x71, 0x80, 0x7f, 0xf0, 0x48, 0x14, 0x03, 0x90, 0x00, 0x2a,
  0x50, 0x01, 0x0c, 0x80, 0x56, 0x4f, 0xb3, 0x5c, 0x01, 0x87, 0x1c, 0xd9, 0x1b, 0x01, 0xc0, 0x03,
  0x1d, 0xfd, 0x26, 0x04, 0x04, 0xe0, 0x1d, 0x21, 0xa1, 0x51, 0xf7, 0x32, 0xe4, 0x48, 0x22, 0xd5,
  0x4c, 0xc2, 0x9b, 0x00, 0x30, 0x20, 0x53, 0x97, 0xd4, 0x03, 0xff, 0xb8, 0xfb, 0xfd, 0x42, 0x01,
  0x5c, 0x32, 0x9a, 0xe0, 0x04, 0x39, 0x75, 0xac, 0x4c, 0x00, 0x63, 0x00, 0xac, 0x30, 0x01, 0xe0,
  0x18, 0x80, 0x31, 0x80, 0x78, 0x40, 0x3f, 0xfb, 0x80, 0x14, 0x20, 0x1b, 0x9b, 0xdb, 0xc3, 0xe6,
  0xe4, 0x10, 0x17, 0xd4, 0x03, 0xff, 0x9e, 0x17, 0xdc, 0x34, 0x80, 0x25, 0xf7, 0x00, 0x88, 0x34,
  0x02, 0x7b, 0xb0, 0x06, 0x41, 0x00, 0x93, 0xdc, 0x03, 0xff, 0xe6, 0x40, 0x49, 0x51, 0x00, 0x41,
  0x47, 0x3b, 0x10, 0x2c, 0x20, 0x5b, 0x97, 0xd4, 0x03, 0xff, 0xc6, 0x3b, 0xe6, 0x01, 0xe2, 0xc2,
  0xc3, 0x00, 0xe2, 0xc2, 0xb3, 0x00, 0xe2, 0xc1, 0xb4, 0x00, 0xed, 0xc1, 0x12, 0x00, 0x79, 0xc5,
  0x46, 0x80, 0x3e, 0xca, 0x45, 0x60, 0x0e, 0x93, 0x0a, 0x19, 0x30, 0x0c, 0x60, 0x01, 0xd0, 0xe0,
  0x0f, 0xc7, 0x05, 0x40, 0x14, 0x20, 0x1b, 0x97, 0xd4, 0x03, 0xff, 0xb6, 0x4c, 0x20, 0x8a, 0x97,
  0xd6, 0x3b, 0xfa, 0x00, 0x63, 0xbf, 0xa0, 0x03, 0x5b, 0xbc, 0x6f, 0x78, 0xef, 0x13, 0xd8, 0x04,
  0x3b, 0x31, 0xa6, 0x85, 0xb3, 0x18, 0x88, 0x30, 0x03, 0x90, 0x05, 0x40, 0xc4, 0x01, 0x70, 0x28,
  0x03, 0x80, 0x31, 0x87, 0x00, 0x61, 0x01, 0x00, 0x18, 0x07, 0x84, 0x03, 0xff, 0xfe, 0x30, 0x20,
  0x52, 0x97, 0xd5, 0xf7, 0xfa, 0x84, 0x02, 0xb8, 0x77, 0x2a, 0xb0, 0x02, 0x1d, 0xa8, 0xb6, 0x26,
  0x00, 0x39, 0x00, 0x56, 0x18, 0x00, 0xe0, 0x0c, 0x40, 0x18, 0xc0, 0x3c, 0x20, 0x1f, 0xfd, 0xc0,
  0x2c, 0x00, 0x5a, 0x80, 0x28, 0xdf, 0xeb, 0x30, 0x08, 0x75, 0xc5, 0x91, 0x18, 0xa0, 0x0b, 0x28,
  0xc9, 0xad, 0x1a, 0x11, 0x29, 0xb8, 0x04, 0x56, 0x0c, 0x40, 0x80, 0x1c, 0x81, 0xa0, 0x1f, 0xf1,
  0x82, 0x00, 0x73, 0x86, 0x83, 0x1b, 0x80, 0x45, 0x00, 0xc1, 0x05, 0x19, 0x35, 0xa3, 0x42, 0x03,
  0xae, 0x2c, 0x88, 0xc5, 0x00, 0x30, 0x3c, 0x5b, 0x97, 0xd1, 0xb7, 0xfa, 0x88, 0x03, 0x4c, 0x85,
  0x95, 0x5a, 0x80, 0x11, 0x56, 0x4d, 0xe0, 0x50, 0x04, 0xaa, 0x00, 0x8d, 0xc5, 0x40, 0x18, 0x01,
  0xd8, 0x04, 0x01, 0xff, 0xc1, 0xc0, 0x0e, 0xc0, 0x20, 0x02, 0xa8, 0x02, 0x37, 0x15, 0x00, 0x15,
  0x64, 0xde, 0x05, 0x00, 0x51, 0x22, 0xca, 0xad, 0x40, 0x0c, 0xdb, 0xfd, 0x44, 0x01, 0xff, 0xd7,
  0x30, 0x1c, 0x5b, 0x80, 0x03, 0x1d, 0xfd, 0x23, 0xf4, 0x03, 0x8e, 0x4c, 0x8d, 0x80, 0x15, 0x94,
  0x64, 0xd6, 0x98, 0x00, 0x54, 0xdc, 0x02, 0x2b, 0x00, 0x10, 0x20, 0x07, 0x20, 0x07, 0xff, 0x04,
  0x81, 0x00, 0x39, 0xc0, 0x02, 0xa6, 0xe0, 0x11, 0x40, 0x05, 0x65, 0x19, 0x35, 0xa6, 0x01, 0x0e,
  0x39, 0x32, 0x3f, 0x80, 0x61, 0x8e, 0xfe, 0x83, 0x00, 0xff, 0xeb, 0x80, 0x1c, 0x20, 0x32, 0x97,
  0xd5, 0xf7, 0x00, 0x11, 0x01, 0xb0, 0x01, 0x5e, 0x38, 0x01, 0x90, 0x03, 0x78, 0x07, 0x18, 0x07,
  0xff, 0x3c, 0x24, 0x00, 0x4a, 0x80, 0x67, 0xbf, 0xd8, 0xe0, 0x0c, 0x65, 0x76, 0x1a, 0x03, 0x26,
  0xb8, 0x9d, 0xc0, 0x08, 0x80, 0x30, 0x81, 0xa2, 0x3e, 0xe1, 0x40, 0x2b, 0xa6, 0x77, 0x56, 0x88,
  0x01, 0x67, 0x3d, 0xc9, 0xc1, 0x40, 0x36, 0x80, 0xad, 0x75, 0x45, 0x50, 0x15, 0x52, 0x4a, 0xe8,
  0xba, 0x40, 0x1c, 0x00, 0x3b, 0x00, 0x7e, 0x80, 0x3f, 0xd7, 0xc0, 0xbf, 0xe5, 0xe7, 0x03, 0x88,
  0x3a, 0xc8, 0x33, 0xb8, 0x80, 0x3f, 0xfa, 0x62, 0x01, 0x84, 0xd2, 0xa6, 0x40, 0x0e, 0x45, 0x60,
  0x30, 0x20, 0x52, 0x9f, 0xd0, 0x03, 0x1f, 0xc0, 0x07, 0xff, 0x98, 0x40, 0x80, 0x32, 0x80, 0x10,
  0x2c, 0x02, 0x18, 0x00, 0x12, 0x97, 0x55, 0x38, 0xc0, 0x2a, 0x73, 0x54, 0x6f, 0x00, 0x00, 0x2b,
  0xe0, 0x62, 0x83, 0x78, 0x03, 0xdb, 0xa0, 0x05, 0x8b, 0x00, 0x63, 0x2a, 0x00, 0x30, 0x50, 0x06,
  0x90, 0x60, 0x09, 0x8c, 0xc0, 0x01, 0x56, 0x10, 0x0a, 0xc2, 0x80, 0x0c, 0x14, 0x01, 0x89, 0x18,
  0x01, 0x26, 0x60, 0x0e, 0xe0, 0x65, 0x19, 0x00, 0xf2, 0x8d, 0xf0, 0xa8, 0x07, 0xd2, 0x48, 0xc0,
  0x1f, 0x98, 0x01, 0x40, 0x18, 0x40, 0x00, 0x8a, 0xaf, 0x80, 0x3b, 0x3c, 0x40, 0x35, 0x70, 0x70,
  0xa0, 0x04, 0x46, 0x0e, 0x01, 0x95, 0x81, 0x43, 0x40, 0x2a, 0x01, 0xd0, 0x09, 0x42, 0xc0, 0x0a,
  0xc0, 0x12, 0xa3, 0x20, 0x80, 0x38, 0x8c, 0x01, 0xc0, 0xa0, 0x65, 0xd4, 0x0c, 0x02, 0x94, 0x01,
  0x20, 0xf8, 0x50, 0x29, 0x1d, 0x83, 0x83, 0x00, 0x67, 0x51, 0x76, 0x00, 0x51, 0x95, 0x18, 0x80,
  0x6a, 0x0b, 0x1a, 0x00, 0x38, 0x41, 0xd0, 0x07, 0x18, 0xa9, 0x18, 0x00, 0x51, 0x41, 0xc0, 0x3c,
  0xc0, 0xa0, 0x1b, 0x81, 0x04, 0x02, 0x28, 0x00, 0x52, 0x8f, 0xec, 0x03, 0x67, 0x91, 0xc2, 0x38,
  0x02, 0x0e, 0x48, 0x1d, 0x20, 0xcc, 0xea, 0xc0, 0x15, 0x0f, 0x69, 0x50, 0x06, 0x1a, 0x21, 0xe0,
  0x0f, 0x18, 0x01, 0x80, 0x38, 0xe1, 0x0e, 0x88, 0x03, 0x70, 0xd7, 0x07, 0x00, 0x54, 0x54, 0x25,
  0x47, 0x20, 0xca, 0xe8, 0x00, 0x55, 0x32, 0x80, 0x2b, 0xfc, 0x63, 0x83, 0x78, 0x03, 0xdb, 0xa0,
  0x05, 0x8b, 0x00, 0x63, 0x2a, 0x00, 0x30, 0x50, 0x06, 0x90, 0x60, 0x09, 0x8c, 0xc0, 0x01, 0x55,
  0x08, 0x05, 0x61, 0x40, 0x06, 0x09, 0x00, 0xc4, 0x6c, 0x00, 0xa3, 0x30, 0x07, 0x48, 0x31, 0x95,
  0x00, 0x79, 0x46, 0xe4, 0x58, 0x03, 0xe6, 0x25, 0x60, 0x0f, 0xd2, 0x00, 0xa0, 0x0f, 0xc2, 0x08,
  0x40, 0x1c, 0x20, 0x06, 0x0e, 0x00, 0xe1, 0xfa, 0x99, 0x1a, 0x80, 0x79, 0x15, 0x97, 0x40, 0x3c,
  0x24, 0x00, 0x4a, 0x8b, 0xff, 0xe9, 0x38, 0x8e, 0x10, 0xd1, 0x77, 0xc2, 0x27, 0x40, 0x0c, 0x72,
  0x70, 0x01, 0x87, 0x47, 0x40, 0x3a, 0x86, 0x84, 0x03, 0x3a, 0x42, 0x00, 0x64, 0x84, 0x70, 0x0c,
  0x34, 0x06, 0xef, 0x95, 0x42, 0x0f, 0x11, 0xb8, 0x18, 0x3c, 0x2c, 0x80, 0x11, 0xde, 0x08, 0xe7,
  0x01, 0x81, 0x2e, 0x01, 0x38, 0x07, 0xff, 0x1c, 0x41, 0xd8, 0x48, 0x20, 0x50, 0x01, 0xea, 0xa2,
  0x00, 0x10, 0x08, 0x07, 0xff, 0x1d, 0xc0, 0x1a, 0x12, 0xe0, 0xae, 0x70, 0x14, 0x3c, 0x1c, 0x87,
  0xdc, 0x03, 0xff, 0xce, 0x18, 0x1c, 0x34, 0xab, 0xec, 0x40, 0x1c, 0x88, 0x80, 0x02, 0x58, 0xa0,
  0x06, 0x33, 0x00, 0x7f, 0xf4, 0x1c, 0x64, 0x80, 0x1e, 0x0c, 0xc0, 0x04, 0x07, 0x20, 0x04, 0x22,
  0x00, 0xff, 0xe4, 0x99, 0x80, 0x09, 0x42, 0xe0, 0x0e, 0x54, 0xb0, 0x00, 0x28, 0x24, 0x49, 0x40,
  0x02, 0x01, 0x84, 0x0b, 0x7b, 0x08, 0x01, 0xad, 0x03, 0x41, 0x88, 0x83, 0x54, 0x85, 0xc4, 0xbb,
  0x29, 0xd2, 0x00, 0x2b, 0x31, 0x40, 0x20, 0x06, 0x39, 0xc0, 0x6f, 0xf9, 0x80, 0x1a, 0x7f, 0x96,
  0x84, 0x48, 0x02, 0xbe, 0x00, 0xe3, 0x12, 0x37, 0x01, 0x8e, 0x0f, 0xbf, 0xe5, 0x50, 0x16, 0x77,
  0xc0, 0x00, 0x00, 0x00,
};

static const uint16_t WX_ICON_01_PAL[16] = { 0x0000, 0xfe84, 0xfde4, 0xfde4, 0xf5a3, 0xf543, 0xc4a3, 0xac02, 0x9342, 0x20c0, 0x0820, 0x0000, 0x0000, 0x0000, 0x0000, 0x0000 };
alignas(4) static const uint8_t WX_ICON_01_DATA[800] = {
  0x00, 0x00, 0x00, 0x00, 0x00, 0x00, 0x00, 0x00, 0x00, 0x00, 0x00, 0x00, 0x00, 0x00, 0x00, 0x00,
  0x00, 0x00, 0x00, 0x00, 0x00, 0x00, 0x00, 0x00, 0x00, 0x00, 0x00, 0x00, 0x00, 0x00, 0x00, 0x00,
  0x00, 0x00, 0x00, 0x00, 0x00, 0x00, 0x00, 0x00, 0x00, 0x00, 0x00, 0x00, 0x00, 0x00, 0x00, 0x00,
  0x00, 0x00, 0x00, 0x00, 0x00, 0x00, 0x00, 0x00, 0x00, 0x00, 0x00, 0x00, 0x00, 0x00, 0x00, 0x00,
  0x00, 0x00, 0x00, 0x00, 0x00, 0x00, 0x00, 0x00, 0x00, 0x00, 0x00, 0x00, 0x00, 0x00, 0x00, 0x00,
  0x00, 0x00, 0x00, 0x00, 0x00, 0x00, 0x00, 0x00, 0x00, 0x00, 0x00, 0x00, 0x00, 0x00, 0x00, 0x00,
  0x00, 0x00, 0x00, 0x00, 0x00, 0x00, 0x00, 0x00, 0x00, 0x00, 0x00, 0x00, 0x00, 0x07, 0x70, 0x00,
  0x00, 0x00, 0x00, 0x00, 0x00, 0x00, 0x00, 0x00, 0x00, 0x00, 0x00, 0x00, 0x00, 0x00, 0x00, 0x00,
  0x00, 0x04, 0x40, 0x00, 0x00, 0x00, 0x00, 0x00, 0x00, 0x00, 0x00, 0x00, 0x00, 0x00, 0x00, 0x00,
  0x00, 0x00, 0x00, 0x00, 0x00, 0x05, 0x50, 0x00, 0x00, 0x00, 0x00, 0x00, 0x00, 0x00, 0x00, 0x00,
  0x00, 0x00, 0x00, 0x00, 0x00, 0x00, 0x00, 0x00, 0x00, 0x05, 0x50, 0x00, 0x00, 0x00, 0x00, 0x00,
  0x00, 0x00, 0x00, 0x00, 0x00, 0x00, 0x00, 0x00, 0x08, 0x70, 0x00, 0x00, 0x00, 0x04, 0x40, 0x00,
  0x00, 0x00, 0x07, 0x80, 0x00, 0x00, 0x00, 0x00, 0x00, 0x00, 0x00, 0x00, 0x07, 0x17, 0x00, 0x00,
  0x00, 0x08, 0x80, 0x00, 0x00, 0x00, 0x61, 0x70, 0x00, 0x00, 0x00, 0x00, 0x00, 0x00, 0x00, 0x00,
  0x00, 0x61, 0x70, 0x00, 0x00, 0x00, 0x00, 0x00, 0x00, 0x06, 0x16, 0x00, 0x00, 0x00, 0x00, 0x00,
  0x00, 0x00, 0x00, 0x00, 0x00, 0x06, 0x17, 0x00, 0x00, 0x00, 0x00, 0x00, 0x00, 0x71, 0x60, 0x00,
  0x00, 0x00, 0x00, 0x00, 0x00, 0x00, 0x00, 0x00, 0x00, 0x00, 0x70, 0x00, 0x00, 0x87, 0x78, 0x00,
  0x00, 0x07, 0x00, 0x00, 0x00, 0x00, 0x00, 0x00, 0x00, 0x00, 0x00, 0x00, 0x00, 0x00, 0x00, 0x00,
  0x72, 0x11, 0x11, 0x27, 0x00, 0x00, 0x00, 0x00, 0x00, 0x00, 0x00, 0x00, 0x00, 0x00, 0x00, 0x00,
  0x00, 0x00, 0x00, 0x06, 0x13, 0x33, 0x33, 0x31, 0x60, 0x00, 0x00, 0x00, 0x00, 0x00, 0x00, 0x00,
  0x00, 0x00, 0x00, 0x00, 0x00, 0x00, 0x00, 0x71, 0x42, 0x22, 0x22, 0x24, 0x17, 0x00, 0x00, 0x00,
  0x00, 0x00, 0x00, 0x00, 0x00, 0x00, 0x00, 0x00, 0x00, 0x00, 0x00, 0x23, 0x22, 0x22, 0x22, 0x23,
  0x42, 0x00, 0x00, 0x00, 0x00, 0x00, 0x00, 0x00, 0x00, 0x00, 0x00, 0x00, 0x00, 0x00, 0x08, 0x13,
  0x22, 0x22, 0x22, 0x33, 0x42, 0x80, 0x00, 0x00, 0x00, 0x00, 0x00, 0x00, 0x00, 0x00, 0x07, 0x45,
  0x54, 0x80, 0x07, 0x13, 0x22, 0x22, 0x33, 0x44, 0x42, 0x70, 0x08, 0x45, 0x54, 0x70, 0x00, 0x00,
  0x00, 0x00, 0x07, 0x45, 0x54, 0x80, 0x07, 0x13, 0x22, 0x23, 0x44, 0x44, 0x54, 0x70, 0x08, 0x45,
  0x54, 0x70, 0x00, 0x00, 0x00, 0x00, 0x00, 0x00, 0x00, 0x00, 0x08, 0x13, 0x23, 0x34, 0x44, 0x45,
  0x54, 0x80, 0x00, 0x00, 0x00, 0x00, 0x00, 0x00, 0x00, 0x00, 0x00, 0x00, 0x00, 0x00, 0x00, 0x24,
  0x34, 0x44, 0x45, 0x55, 0x55, 0x00, 0x00, 0x00, 0x00, 0x00, 0x00, 0x00, 0x00, 0x00, 0x00, 0x00,
  0x00, 0x00, 0x00, 0x72, 0x44, 0x45, 0x55, 0x55, 0x57, 0x00, 0x00, 0x00, 0x00, 0x00, 0x00, 0x00,
  0x00, 0x00, 0x00, 0x00, 0x00, 0x00, 0x00, 0x06, 0x25, 0x55, 0x55, 0x55, 0x60, 0x00, 0x00, 0x00,
  0x00, 0x00, 0x00, 0x00, 0x00, 0x00, 0x00, 0x00, 0x00, 0x00, 0x00, 0x00, 0x74, 0x44, 0x55, 0x57,
  0x00, 0x00, 0x00, 0x00, 0x00, 0x00, 0x00, 0x00, 0x00, 0x00, 0x00, 0x00, 0x00, 0x00, 0x70, 0x00,
  0x00, 0x87, 0x78, 0x00, 0x00, 0x07, 0x00, 0x00, 0x00, 0x00, 0x00, 0x00, 0x00, 0x00, 0x00, 0x00,
  0x00, 0x06, 0x17, 0x00, 0x00, 0x00, 0x00, 0x00, 0x00, 0x71, 0x60, 0x00, 0x00, 0x00, 0x00, 0x00,
  0x00, 0x00, 0x00, 0x00, 0x00, 0x61, 0x60, 0x00, 0x00, 0x00, 0x00, 0x00, 0x00, 0x06, 0x16, 0x00,
  0x00, 0x00, 0x00, 0x00, 0x00, 0x00, 0x00, 0x00, 0x07, 0x16, 0x00, 0x00, 0x00, 0x08, 0x80, 0x00,
  0x00, 0x00, 0x61, 0x70, 0x00, 0x00, 0x00, 0x00, 0x00, 0x00, 0x00, 0x00, 0x08, 0x70, 0x00, 0x00,
  0x00, 0x04, 0x40, 0x00, 0x00, 0x00, 0x07, 0x80, 0x00, 0x00, 0x00, 0x00, 0x00, 0x00, 0x00, 0x00,
  0x00, 0x00, 0x00, 0x00, 0x00, 0x05, 0x50, 0x00, 0x00, 0x00, 0x00, 0x00, 0x00, 0x00, 0x00, 0x00,
  0x00, 0x00, 0x00, 0x00, 0x00, 0x00, 0x00, 0x00, 0x00, 0x05, 0x50, 0x00, 0x00, 0x00, 0x00, 0x00,
  0x00, 0x00, 0x00, 0x00, 0x00, 0x00, 0x00, 0x00, 0x00, 0x00, 0x00, 0x00, 0x00, 0x04, 0x40, 0x00,
  0x00, 0x00, 0x00, 0x00, 0x00, 0x00, 0x00, 0x00, 0x00, 0x00, 0x00, 0x00, 0x00, 0x00, 0x00, 0x00,
  0x00, 0x07, 0x70, 0x00, 0x00, 0x00, 0x00, 0x00, 0x00, 0x00, 0x00, 0x00, 0x00, 0x00, 0x00, 0x00,
  0x00, 0x00, 0x00, 0x00, 0x00, 0x00, 0x00, 0x00, 0x00, 0x00, 0x00, 0x00, 0x00, 0x00, 0x00, 0x00,
  0x00, 0x00, 0x00, 0x00, 0x00, 0x00, 0x00, 0x00, 0x00, 0x00, 0x00, 0x00, 0x00, 0x00, 0x00, 0x00,
  0x00, 0x00, 0x00, 0x00, 0x00, 0x00, 0x00, 0x00, 0x00, 0x00, 0x00, 0x00, 0x00, 0x00, 0x00, 0x00,
  0x00, 0x00, 0x00, 0x00, 0x00, 0x00, 0x00, 0x00, 0x00, 0x00, 0x00, 0x00, 0x00, 0x00, 0x00, 0x00,
  0x00, 0x00, 0x00, 0x00, 0x00, 0x00, 0x00, 0x00, 0x00, 0x00, 0x00, 0x00, 0x00, 0x00, 0x00, 0x00,
  0x00, 0x00, 0x00, 0x00, 0x00, 0x00, 0x00, 0x00, 0x00, 0x00, 0x00, 0x00, 0x00, 0x00, 0x00, 0x00,
};

static const uint16_t WX_ICON_02_PAL[16] = { 0x0000, 0xffff, 0xf7bf, 0xf7bf, 0xf7df, 0xf7bf, 0xef9f, 0xe77e, 0xe62e, 0x83ca, 0x18c1, 0x0000, 0x0000, 0x0000, 0x0000, 0x0000 };
alignas(4) static const uint8_t WX_ICON_02_DATA[800] = {
  0x00, 0x00, 0x00, 0x00, 0x00, 0x00, 0x00, 0x00, 0x00, 0x00, 0x00, 0x00, 0x00, 0x00, 0x00, 0x00,
  0x00, 0x00, 0x00, 0x00, 0x00, 0x00, 0x00, 0x00, 0x00, 0x00, 0x00, 0x00, 0x00, 0x00, 0x00, 0x00,
  0x00, 0x00, 0x00, 0x00, 0x00, 0x00, 0x00, 0x00, 0x00, 0x00, 0x00, 0x00, 0x00, 0x00, 0x00, 0x00,
  0x00, 0x00, 0x00, 0x00, 0x00, 0x00, 0x00, 0x00, 0x00, 0x00, 0x00, 0x00, 0x00, 0x00, 0x00, 0x00,
  0x00, 0x00, 0x00, 0x00, 0x00, 0x00, 0x00, 0x00, 0x00, 0x00, 0x00, 0x00, 0x00, 0x00, 0x00, 0x00,
  0x00, 0x00, 0x00, 0x00, 0x00, 0x00, 0x00, 0x00, 0x00, 0x00, 0x00, 0x00, 0x00, 0x00, 0x00, 0x00,
  0x00, 0x00, 0x00, 0x00, 0x00, 0x00, 0x00, 0x00, 0x00, 0x00, 0x00, 0x00, 0x00, 0x00, 0x00, 0x00,
  0x00, 0x00, 0x00, 0x00, 0x00, 0x00, 0x00, 0x00, 0x00, 0x00, 0x00, 0x00, 0x00, 0x00, 0x00, 0x00,
  0x00, 0x00, 0x00, 0x00, 0x00, 0x00, 0x00, 0x00, 0x00, 0x00, 0x00, 0x00, 0x00, 0x00, 0x00, 0x00,
  0x00, 0x09, 0x00, 0x00, 0x00, 0x00, 0x00, 0x00, 0x00, 0x00, 0x00, 0x00, 0x00, 0x00, 0x00, 0x00,
  0x00, 0x00, 0x00, 0x00, 0x00, 0x08, 0x90, 0x00, 0x00, 0x00, 0x00, 0x00, 0x00, 0x00, 0x00, 0x00,
  0x00, 0x00, 0x00, 0x00, 0x00, 0x00, 0x00, 0x90, 0x00, 0x08, 0x90, 0x00, 0x90, 0x00, 0x00, 0x00,
  0x00, 0x00, 0x00, 0x00, 0x00, 0x00, 0x00, 0x00, 0x00, 0x00, 0x00, 0x98, 0x00, 0x00, 0x00, 0x09,
  0x80, 0x00, 0x00, 0x00, 0x00, 0x00, 0x00, 0x00, 0x00, 0x00, 0x00, 0x00, 0x00, 0x00, 0x00, 0x09,
  0x90, 0x00, 0x00, 0x08, 0x00, 0x00, 0x00, 0x90, 0x00, 0x00, 0x00, 0x00, 0x00, 0x00, 0x00, 0x00,
  0x00, 0x00, 0x00, 0x00, 0x00, 0x88, 0x89, 0x00, 0x00, 0x07, 0x11, 0x11, 0x17, 0x00, 0x00, 0x00,
  0x00, 0x00, 0x00, 0x00, 0x00, 0x00, 0x00, 0x00, 0x08, 0x88, 0x88, 0x90, 0x00, 0x11, 0x55, 0x55,
  0x51, 0x30, 0x00, 0x00, 0x00, 0x00, 0x00, 0x00, 0x00, 0x00, 0x99, 0x90, 0x08, 0x88, 0x87, 0x37,
  0x87, 0x15, 0x22, 0x22, 0x25, 0x26, 0x00, 0x00, 0x00, 0x00, 0x00, 0x00, 0x00, 0x00, 0x99, 0x90,
  0x08, 0x87, 0x42, 0x21, 0x12, 0x52, 0x22, 0x22, 0x22, 0x61, 0x90, 0x00, 0x00, 0x00, 0x00, 0x00,
  0x00, 0x00, 0x00, 0x00, 0x08, 0x84, 0x33, 0x35, 0x55, 0x22, 0x22, 0x22, 0x22, 0x52, 0x70, 0x00,
  0x00, 0x00, 0x00, 0x00, 0x00, 0x00, 0x00, 0x00, 0x00, 0x73, 0x52, 0x22, 0x22, 0x22, 0x22, 0x22,
  0x22, 0x25, 0x20, 0x00, 0x00, 0x00, 0x00, 0x00, 0x00, 0x00, 0x00, 0x09, 0x90, 0x71, 0x52, 0x22,
  0x22, 0x22, 0x22, 0x22, 0x22, 0x55, 0x50, 0x00, 0x00, 0x00, 0x00, 0x00, 0x00, 0x00, 0x00, 0x98,
  0x98, 0x52, 0x22, 0x22, 0x22, 0x22, 0x22, 0x22, 0x25, 0x55, 0x70, 0x00, 0x00, 0x00, 0x00, 0x00,
  0x00, 0x00, 0x00, 0x99, 0x71, 0x22, 0x22, 0x22, 0x22, 0x22, 0x22, 0x22, 0x55, 0x56, 0x61, 0x48,
  0x00, 0x00, 0x00, 0x00, 0x00, 0x00, 0x00, 0x07, 0x16, 0x22, 0x22, 0x22, 0x22, 0x22, 0x22, 0x55,
  0x56, 0x66, 0x67, 0x71, 0x80, 0x00, 0x00, 0x00, 0x00, 0x00, 0x00, 0x01, 0x62, 0x22, 0x22, 0x22,
  0x22, 0x22, 0x55, 0x55, 0x66, 0x66, 0x66, 0x67, 0x40, 0x00, 0x00, 0x00, 0x00, 0x00, 0x00, 0x91,
  0x52, 0x22, 0x22, 0x22, 0x22, 0x55, 0x55, 0x66, 0x66, 0x66, 0x66, 0x67, 0x49, 0x00, 0x00, 0x00,
  0x00, 0x00, 0x00, 0x91, 0x52, 0x22, 0x22, 0x22, 0x25, 0x55, 0x66, 0x66, 0x66, 0x66, 0x67, 0x77,
  0x49, 0x00, 0x00, 0x00, 0x00, 0x00, 0x00, 0x01, 0x55, 0x22, 0x22, 0x25, 0x55, 0x56, 0x66, 0x66,
  0x66, 0x67, 0x77, 0x77, 0x40, 0x00, 0x00, 0x00, 0x00, 0x00, 0x00, 0x09, 0x15, 0x55, 0x66, 0x66,
  0x67, 0x77, 0x77, 0x77, 0x77, 0x77, 0x77, 0x74, 0x70, 0x00, 0x00, 0x00, 0x00, 0x00, 0x00, 0x00,
  0x91, 0x11, 0x11, 0x11, 0x11, 0x11, 0x11, 0x14, 0x44, 0x44, 0x44, 0x47, 0x00, 0x00, 0x00, 0x00,
  0x00, 0x00, 0x00, 0x00, 0x00, 0x99, 0x99, 0x99, 0x99, 0x99, 0x99, 0x99, 0x99, 0x99, 0x99, 0x00,
  0x00, 0x00, 0x00, 0x00, 0x00, 0x00, 0x00, 0x00, 0x00, 0x00, 0x00, 0x00, 0x00, 0x00, 0x00, 0x00,
  0x00, 0x00, 0x00, 0x00, 0x00, 0x00, 0x00, 0x00, 0x00, 0x00, 0x00, 0x00, 0x00, 0x00, 0x00, 0x00,
  0x00, 0x00, 0x00, 0x00, 0x00, 0x00, 0x00, 0x00, 0x00, 0x00, 0x00, 0x00, 0x00, 0x00, 0x00, 0x00,
  0x00, 0x00, 0x00, 0x00, 0x00, 0x00, 0x00, 0x00, 0x00, 0x00, 0x00, 0x00, 0x00, 0x00, 0x00, 0x00,
  0x00, 0x00, 0x00, 0x00, 0x00, 0x00, 0x00, 0x00, 0x00, 0x00, 0x00, 0x00, 0x00, 0x00, 0x00, 0x00,
  0x00, 0x00, 0x00, 0x00, 0x00, 0x00, 0x00, 0x00, 0x00, 0x00, 0x00, 0x00, 0x00, 0x00, 0x00, 0x00,
  0x00, 0x00, 0x00, 0x00, 0x00, 0x00, 0x00, 0x00, 0x00, 0x00, 0x00, 0x00, 0x00, 0x00, 0x00, 0x00,
  0x00, 0x00, 0x00, 0x00, 0x00, 0x00, 0x00, 0x00, 0x00, 0x00, 0x00, 0x00, 0x00, 0x00, 0x00, 0x00,
  0x00, 0x00, 0x00, 0x00, 0x00, 0x00, 0x00, 0x00, 0x00, 0x00, 0x00, 0x00, 0x00, 0x00, 0x00, 0x00,
  0x00, 0x00, 0x00, 0x00, 0x00, 0x00, 0x00, 0x00, 0x00, 0x00, 0x00, 0x00, 0x00, 0x00, 0x00, 0x00,
  0x00, 0x00, 0x00, 0x00, 0x00, 0x00, 0x00, 0x00, 0x00, 0x00, 0x00, 0x00, 0x00, 0x00, 0x00, 0x00,
  0x00, 0x00, 0x00, 0x00, 0x00, 0x00, 0x00, 0x00, 0x00, 0x00, 0x00, 0x00, 0x00, 0x00, 0x00, 0x00,
  0x00, 0x00, 0x00, 0x00, 0x00, 0x00, 0x00, 0x00, 0x00, 0x00, 0x00, 0x00, 0x00, 0x00, 0x00, 0x00,
  0x00, 0x00, 0x00, 0x00, 0x00, 0x00, 0x00, 0x00, 0x00, 0x00, 0x00, 0x00, 0x00, 0x00, 0x00, 0x00,
};

static const uint16_t WX_ICON_03_PAL[16] = { 0x0000, 0xffff, 0xf7ff, 0xf7bf, 0xf7df, 0xf7bf, 0xef9f, 0xef9f, 0xe75f, 0xa576, 0x73af, 0x18c3, 0x0000, 0x0000, 0x0000, 0x0000 };
alignas(4) static const uint8_t WX_ICON_03_DATA[800] = {
  0x00, 0x00, 0x00, 0x00, 0x00, 0x00, 0x00, 0x00, 0x00, 0x00, 0x00, 0x00, 0x00, 0x00, 0x00, 0x00,
  0x00, 0x00, 0x00, 0x00, 0x00, 0x00, 0x00, 0x00, 0x00, 0x00, 0x00, 0x00, 0x00, 0x00, 0x00, 0x00,
  0x00, 0x00, 0x00, 0x00, 0x00, 0x00, 0x00, 0x00, 0x00, 0x00, 0x00, 0x00, 0x00, 0x00, 0x00, 0x00,
  0x00, 0x00, 0x00, 0x00, 0x00, 0x00, 0x00, 0x00, 0x00, 0x00, 0x00, 0x00, 0x00, 0x00, 0x00, 0x00,
  0x00, 0x00, 0x00, 0x00, 0x00, 0x00, 0x00, 0x00, 0x00, 0x00, 0x00, 0x00, 0x00, 0x00, 0x00, 0x00,
  0x00, 0x00, 0x00, 0x00, 0x00, 0x00, 0x00, 0x00, 0x00, 0x00, 0x00, 0x00, 0x00, 0x00, 0x00, 0x00,
  0x00, 0x00, 0x00, 0x00, 0x00, 0x00, 0x00, 0x00, 0x00, 0x00, 0x00, 0x00, 0x00, 0x00, 0x00, 0x00,
  0x00, 0x00, 0x00, 0x00, 0x00, 0x00, 0x00, 0x00, 0x00, 0x00, 0x00, 0x00, 0x00, 0x00, 0x00, 0x00,
  0x00, 0x00, 0x00, 0x00, 0x00, 0x00, 0x00, 0x00, 0x00, 0x00, 0x00, 0x00, 0x00, 0x00, 0x00, 0x00,
  0x00, 0x00, 0x00, 0x00, 0x00, 0x00, 0x00, 0x00, 0x00, 0x00, 0x00, 0x00, 0x00, 0x00, 0x00, 0x00,
  0x00, 0x00, 0x00, 0x00, 0x00, 0x00, 0x00, 0x00, 0x00, 0x00, 0x00, 0x00, 0x00, 0x00, 0x00, 0x00,
  0x00, 0x00, 0x00, 0x00, 0x00, 0x00, 0x00, 0x00, 0x00, 0x00, 0x00, 0x00, 0x00, 0x00, 0x00, 0x00,
  0x00, 0x00, 0x00, 0x00, 0x00, 0x00, 0x00, 0x00, 0x00, 0x00, 0x00, 0x00, 0x00, 0x00, 0x00, 0x00,
  0x00, 0x00, 0x00, 0x00, 0x00, 0x00, 0x00, 0x00, 0x00, 0x00, 0x00, 0x00, 0x00, 0x00, 0x00, 0x00,
  0x00, 0x00, 0x00, 0x00, 0x00, 0x00, 0x00, 0xa0, 0x00, 0x00, 0x00, 0x00, 0x00, 0x00, 0x00, 0x00,
  0x00, 0x00, 0x00, 0x00, 0x00, 0x00, 0x00, 0x00, 0x00, 0x09, 0x11, 0x11, 0x19, 0x00, 0x00, 0x00,
  0x00, 0x00, 0x00, 0x00, 0x00, 0x00, 0x00, 0x00, 0x00, 0x00, 0x00, 0x00, 0x00, 0x21, 0x56, 0x66,
  0x51, 0x30, 0x00, 0x00, 0x00, 0x00, 0x00, 0x00, 0x00, 0x00, 0x00, 0x00, 0x00, 0x00, 0x08, 0x78,
  0x98, 0x26, 0x33, 0x33, 0x36, 0x27, 0x00, 0x00, 0x00, 0x00, 0x00, 0x00, 0x00, 0x00, 0x00, 0x00,
  0x00, 0x09, 0x12, 0x32, 0x13, 0x53, 0x33, 0x33, 0x33, 0x61, 0x90, 0x00, 0x00, 0x00, 0x00, 0x00,
  0x00, 0x00, 0x00, 0x00, 0x00, 0x01, 0x75, 0x55, 0x65, 0x33, 0x33, 0x33, 0x33, 0x52, 0x80, 0x00,
  0x00, 0x00, 0x00, 0x00, 0x00, 0x00, 0x00, 0x00, 0x00, 0x91, 0x63, 0x33, 0x33, 0x33, 0x33, 0x33,
  0x33, 0x35, 0x30, 0x00, 0x00, 0x00, 0x00, 0x00, 0x00, 0x00, 0x00, 0x00, 0x00, 0x91, 0x63, 0x33,
  0x33, 0x33, 0x33, 0x33, 0x33, 0x55, 0x50, 0x00, 0x00, 0x00, 0x00, 0x00, 0x00, 0x00, 0x00, 0x00,
  0x09, 0x73, 0x33, 0x33, 0x33, 0x33, 0x33, 0x33, 0x35, 0x65, 0x70, 0x00, 0x00, 0x00, 0x00, 0x00,
  0x00, 0x00, 0x00, 0x00, 0x31, 0x33, 0x33, 0x33, 0x33, 0x33, 0x33, 0x35, 0x55, 0x66, 0x62, 0x49,
  0x00, 0x00, 0x00, 0x00, 0x00, 0x00, 0x00, 0x08, 0x16, 0x33, 0x33, 0x33, 0x33, 0x33, 0x35, 0x55,
  0x66, 0x66, 0x68, 0x81, 0x90, 0x00, 0x00, 0x00, 0x00, 0x00, 0x00, 0x01, 0x63, 0x33, 0x33, 0x33,
  0x33, 0x35, 0x55, 0x56, 0x66, 0x67, 0x77, 0x78, 0x20, 0x00, 0x00, 0x00, 0x00, 0x00, 0x00, 0xa1,
  0x63, 0x33, 0x33, 0x33, 0x33, 0x55, 0x56, 0x66, 0x67, 0x77, 0x77, 0x78, 0x4a, 0x00, 0x00, 0x00,
  0x00, 0x00, 0x00, 0xa1, 0x63, 0x33, 0x33, 0x33, 0x55, 0x56, 0x66, 0x66, 0x77, 0x77, 0x77, 0x88,
  0x4a, 0x00, 0x00, 0x00, 0x00, 0x00, 0x00, 0x01, 0x65, 0x33, 0x33, 0x55, 0x56, 0x66, 0x66, 0x77,
  0x77, 0x77, 0x88, 0x88, 0x40, 0x00, 0x00, 0x00, 0x00, 0x00, 0x00, 0x09, 0x16, 0x66, 0x67, 0x77,
  0x77, 0x77, 0x88, 0x88, 0x88, 0x88, 0x88, 0x84, 0x90, 0x00, 0x00, 0x00, 0x00, 0x00, 0x00, 0x00,
  0x91, 0x11, 0x11, 0x11, 0x11, 0x22, 0x22, 0x22, 0x44, 0x44, 0x44, 0x49, 0x00, 0x00, 0x00, 0x00,
  0x00, 0x00, 0x00, 0x00, 0x00, 0xaa, 0x99, 0x99, 0x99, 0x99, 0x99, 0xaa, 0xaa, 0xaa, 0xaa, 0x00,
  0x00, 0x00, 0x00, 0x00, 0x00, 0x00, 0x00, 0x00, 0x00, 0x00, 0x00, 0x00, 0x00, 0x00, 0x00, 0x00,
  0x00, 0x00, 0x00, 0x00, 0x00, 0x00, 0x00, 0x00, 0x00, 0x00, 0x00, 0x00, 0x00, 0x00, 0x00, 0x00,
  0x00, 0x00, 0x00, 0x00, 0x00, 0x00, 0x00, 0x00, 0x00, 0x00, 0x00, 0x00, 0x00, 0x00, 0x00, 0x00,
  0x00, 0x00, 0x00, 0x00, 0x00, 0x00, 0x00, 0x00, 0x00, 0x00, 0x00, 0x00, 0x00, 0x00, 0x00, 0x00,
  0x00, 0x00, 0x00, 0x00, 0x00, 0x00, 0x00, 0x00, 0x00, 0x00, 0x00, 0x00, 0x00, 0x00, 0x00, 0x00,
  0x00, 0x00, 0x00, 0x00, 0x00, 0x00, 0x00, 0x00, 0x00, 0x00, 0x00, 0x00, 0x00, 0x00, 0x00, 0x00,
  0x00, 0x00, 0x00, 0x00, 0x00, 0x00, 0x00, 0x00, 0x00, 0x00, 0x00, 0x00, 0x00, 0x00, 0x00, 0x00,
  0x00, 0x00, 0x00, 0x00, 0x00, 0x00, 0x00, 0x00, 0x00, 0x00, 0x00, 0x00, 0x00, 0x00, 0x00, 0x00,
  0x00, 0x00, 0x00, 0x00, 0x00, 0x00, 0x00, 0x00, 0x00, 0x00, 0x00, 0x00, 0x00, 0x00, 0x00, 0x00,
  0x00, 0x00, 0x00, 0x00, 0x00, 0x00, 0x00, 0x00, 0x00, 0x00, 0x00, 0x00, 0x00, 0x00, 0x00, 0x00,
  0x00, 0x00, 0x00, 0x00, 0x00, 0x00, 0x00, 0x00, 0x00, 0x00, 0x00, 0x00, 0x00, 0x00, 0x00, 0x00,
  0x00, 0x00, 0x00, 0x00, 0x00, 0x00, 0x00, 0x00, 0x00, 0x00, 0x00, 0x00, 0x00, 0x00, 0x00, 0x00,
  0x00, 0x00, 0x00, 0x00, 0x00, 0x00, 0x00, 0x00, 0x00, 0x00, 0x00, 0x00, 0x00, 0x00, 0x00, 0x00,
  0x00, 0x00, 0x00, 0x00, 0x00, 0x00, 0x00, 0x00, 0x00, 0x00, 0x00, 0x00, 0x00, 0x00, 0x00, 0x00,
};

static const uint16_t WX_ICON_04_PAL[16] = { 0x0000, 0xffff, 0xf7bf, 0xf7df, 0xf7bf, 0xef9f, 0xef9f, 0xe77f, 0xc67b, 0x94d4, 0x7c11, 0x2145, 0x0000, 0x0000, 0x0000, 0x0000 };
alignas(4) static const uint8_t WX_ICON_04_DATA[800] = {
  0x00, 0x00, 0x00, 0x00, 0x00, 0x00, 0x00, 0x00, 0x00, 0x00, 0x00, 0x00, 0x00, 0x00, 0x00, 0x00,
  0x00, 0x00, 0x00, 0x00, 0x00, 0x00, 0x00, 0x00, 0x00, 0x00, 0x00, 0x00, 0x00, 0x00, 0x00, 0x00,
  0x00, 0x00, 0x00, 0x00, 0x00, 0x00, 0x00, 0x00, 0x00, 0x00, 0x00, 0x00, 0x00, 0x00, 0x00, 0x00,
  0x00, 0x00, 0x00, 0x00, 0x00, 0x00, 0x00, 0x00, 0x00, 0x00, 0x00, 0x00, 0x00, 0x00, 0x00, 0x00,
  0x00, 0x00, 0x00, 0x00, 0x00, 0x00, 0x00, 0x00, 0x00, 0x00, 0x00, 0x00, 0x00, 0x00, 0x00, 0x00,
  0x00, 0x00, 0x00, 0x00, 0x00, 0x00, 0x00, 0x00, 0x00, 0x00, 0x00, 0x00, 0x00, 0x00, 0x00, 0x00,
  0x00, 0x00, 0x00, 0x00, 0x00, 0x00, 0x00, 0x00, 0x00, 0x00, 0x00, 0x00, 0x00, 0x00, 0x00, 0x00,
  0x00, 0x00, 0x00, 0x00, 0x00, 0x00, 0x00, 0x00, 0x00, 0x00, 0x00, 0x00, 0x00, 0x00, 0x00, 0x00,
  0x00, 0x00, 0x00, 0x00, 0x00, 0x00, 0x00, 0x00, 0x00, 0x00, 0x00, 0x00, 0x00, 0x00, 0x00, 0x00,
  0x00, 0x00, 0x00, 0x00, 0x00, 0x00, 0x00, 0x00, 0x00, 0x00, 0x00, 0x00, 0x00, 0x00, 0x00, 0x00,
  0x00, 0x00, 0x00, 0x00, 0x00, 0x00, 0x00, 0x00, 0x00, 0x00, 0x00, 0x00, 0x00, 0x00, 0x00, 0x00,
  0x00, 0x00, 0x00, 0x00, 0x00, 0x00, 0x00, 0x00, 0x00, 0x00, 0x00, 0x00, 0x00, 0x00, 0x00, 0x00,
  0x00, 0x00, 0x00, 0x00, 0x00, 0x00, 0x00, 0x00, 0x00, 0x00, 0x00, 0x00, 0x00, 0x00, 0x00, 0x00,
  0x00, 0x00, 0x00, 0x00, 0x00, 0x00, 0x00, 0x00, 0x00, 0x00, 0x00, 0x00, 0x00, 0x00, 0x00, 0x00,
  0x00, 0x00, 0x00, 0x00, 0x00, 0x00, 0x00, 0xa0, 0x00, 0x00, 0x00, 0x00, 0x00, 0x00, 0x00, 0x00,
  0x00, 0x00, 0x00, 0x00, 0x00, 0x00, 0x00, 0x00, 0x00, 0x08, 0x11, 0x11, 0x18, 0x00, 0x00, 0x00,
  0x00, 0x00, 0x00, 0x00, 0x00, 0x00, 0x00, 0x00, 0x00, 0x00, 0x00, 0x00, 0x00, 0x11, 0x55, 0x55,
  0x51, 0x4a, 0x00, 0x00, 0x00, 0x00, 0x00, 0x00, 0x00, 0x00, 0x00, 0x00, 0x00, 0x00, 0x08, 0x77,
  0x97, 0x15, 0x22, 0x22, 0x25, 0x21, 0x89, 0x00, 0x00, 0x00, 0x00, 0x00, 0x00, 0x00, 0x00, 0x00,
  0x00, 0x09, 0x11, 0x21, 0x12, 0x42, 0x22, 0x22, 0x22, 0x52, 0x89, 0x9a, 0x9a, 0x00, 0x00, 0x00,
  0x00, 0x00, 0x00, 0x00, 0x00, 0x01, 0x55, 0x44, 0x54, 0x22, 0x22, 0x22, 0x22, 0x22, 0x79, 0x99,
  0x98, 0xa0, 0x00, 0x00, 0x00, 0x00, 0x00, 0x00, 0x00, 0x91, 0x52, 0x22, 0x22, 0x22, 0x22, 0x22,
  0x22, 0x24, 0x48, 0x99, 0x99, 0xa0, 0x00, 0x00, 0x00, 0x00, 0x00, 0x00, 0x00, 0x81, 0x52, 0x22,
  0x22, 0x22, 0x22, 0x22, 0x22, 0x44, 0x49, 0x99, 0x99, 0x9a, 0x00, 0x00, 0x00, 0x00, 0x00, 0x00,
  0x08, 0x72, 0x22, 0x22, 0x22, 0x22, 0x22, 0x22, 0x44, 0x44, 0x68, 0x99, 0x99, 0xa9, 0xa0, 0x00,
  0x00, 0x00, 0x00, 0x00, 0x21, 0x22, 0x22, 0x22, 0x22, 0x22, 0x22, 0x44, 0x44, 0x56, 0x64, 0x68,
  0x9a, 0xaa, 0xa0, 0x00, 0x00, 0x00, 0x00, 0x07, 0x15, 0x22, 0x22, 0x22, 0x22, 0x22, 0x44, 0x44,
  0x56, 0x66, 0x67, 0x73, 0x8a, 0xaa, 0xa0, 0x00, 0x00, 0x00, 0x00, 0x01, 0x52, 0x22, 0x22, 0x22,
  0x22, 0x24, 0x44, 0x55, 0x66, 0x66, 0x67, 0x77, 0x69, 0xaa, 0x00, 0x00, 0x00, 0x00, 0x00, 0xa1,
  0x52, 0x22, 0x22, 0x22, 0x24, 0x44, 0x55, 0x66, 0x66, 0x66, 0x77, 0x77, 0x39, 0xb0, 0x00, 0x00,
  0x00, 0x00, 0x00, 0xa1, 0x52, 0x22, 0x22, 0x24, 0x44, 0x55, 0x66, 0x66, 0x66, 0x77, 0x77, 0x77,
  0x3a, 0x00, 0x00, 0x00, 0x00, 0x00, 0x00, 0x01, 0x54, 0x22, 0x24, 0x44, 0x45, 0x56, 0x66, 0x66,
  0x77, 0x77, 0x77, 0x77, 0x30, 0x00, 0x00, 0x00, 0x00, 0x00, 0x00, 0x09, 0x15, 0x55, 0x55, 0x67,
  0x77, 0x77, 0x77, 0x77, 0x77, 0x77, 0x77, 0x73, 0x80, 0x00, 0x00, 0x00, 0x00, 0x00, 0x00, 0x00,
  0x91, 0x11, 0x11, 0x11, 0x11, 0x11, 0x11, 0x33, 0x33, 0x33, 0x33, 0x38, 0x00, 0x00, 0x00, 0x00,
  0x00, 0x00, 0x00, 0x00, 0x00, 0xa9, 0x99, 0x99, 0x99, 0x99, 0x99, 0x99, 0x99, 0x99, 0x9a, 0x00,
  0x00, 0x00, 0x00, 0x00, 0x00, 0x00, 0x00, 0x00, 0x00, 0x00, 0x00, 0x00, 0x00, 0x00, 0x00, 0x00,
  0x00, 0x00, 0x00, 0x00, 0x00, 0x00, 0x00, 0x00, 0x00, 0x00, 0x00, 0x00, 0x00, 0x00, 0x00, 0x00,
  0x00, 0x00, 0x00, 0x00, 0x00, 0x00, 0x00, 0x00, 0x00, 0x00, 0x00, 0x00, 0x00, 0x00, 0x00, 0x00,
  0x00, 0x00, 0x00, 0x00, 0x00, 0x00, 0x00, 0x00, 0x00, 0x00, 0x00, 0x00, 0x00, 0x00, 0x00, 0x00,
  0x00, 0x00, 0x00, 0x00, 0x00, 0x00, 0x00, 0x00, 0x00, 0x00, 0x00, 0x00, 0x00, 0x00, 0x00, 0x00,
  0x00, 0x00, 0x00, 0x00, 0x00, 0x00, 0x00, 0x00, 0x00, 0x00, 0x00, 0x00, 0x00, 0x00, 0x00, 0x00,
  0x00, 0x00, 0x00, 0x00, 0x00, 0x00, 0x00, 0x00, 0x00, 0x00, 0x00, 0x00, 0x00, 0x00, 0x00, 0x00,
  0x00, 0x00, 0x00, 0x00, 0x00, 0x00, 0x00, 0x00, 0x00, 0x00, 0x00, 0x00, 0x00, 0x00, 0x00, 0x00,
  0x00, 0x00, 0x00, 0x00, 0x00, 0x00, 0x00, 0x00, 0x00, 0x00, 0x00, 0x00, 0x00, 0x00, 0x00, 0x00,
  0x00, 0x00, 0x00, 0x00, 0x00, 0x00, 0x00, 0x00, 0x00, 0x00, 0x00, 0x00, 0x00, 0x00, 0x00, 0x00,
  0x00, 0x00, 0x00, 0x00, 0x00, 0x00, 0x00, 0x00, 0x00, 0x00, 0x00, 0x00, 0x00, 0x00, 0x00, 0x00,
  0x00, 0x00, 0x00, 0x00, 0x00, 0x00, 0x00, 0x00, 0x00, 0x00, 0x00, 0x00, 0x00, 0x00, 0x00, 0x00,
  0x00, 0x00, 0x00, 0x00, 0x00, 0x00, 0x00, 0x00, 0x00, 0x00, 0x00, 0x00, 0x00, 0x00, 0x00, 0x00,
  0x00, 0x00, 0x00, 0x00, 0x00, 0x00, 0x00, 0x00, 0x00, 0x00, 0x00, 0x00, 0x00, 0x00, 0x00, 0x00,
};

static const uint16_t WX_ICON_09_PAL[16] = { 0x0000, 0xffff, 0xf7bf, 0xf7bf, 0xf7df, 0xf7bf, 0xef9f, 0xef9f, 0xe75f, 0xad97, 0x6bd1, 0x10c3, 0x0000, 0x0000, 0x0000, 0x0000 };
alignas(4) static const uint8_t WX_ICON_09_DATA[800] = {
  0x00, 0x00, 0x00, 0x00, 0x00, 0x00, 0x00, 0x00, 0x00, 0x00, 0x00, 0x00, 0x00, 0x00, 0x00, 0x00,
  0x00, 0x00, 0x00, 0x00, 0x00, 0x00, 0x00, 0x00, 0x00, 0x00, 0x00, 0x00, 0x00, 0x00, 0x00, 0x00,
  0x00, 0x00, 0x00, 0x00, 0x00, 0x00, 0x00, 0x00, 0x00, 0x00, 0x00, 0x00, 0x00, 0x00, 0x00, 0x00,
  0x00, 0x00, 0x00, 0x00, 0x00, 0x00, 0x00, 0x00, 0x00, 0x00, 0x00, 0x00, 0x00, 0x00, 0x00, 0x00,
  0x00, 0x00, 0x00, 0x00, 0x00, 0x00, 0x00, 0x00, 0x00, 0x00, 0x00, 0x00, 0x00, 0x00, 0x00, 0x00,
  0x00, 0x00, 0x00, 0x00, 0x00, 0x00, 0x00, 0x00, 0x00, 0x00, 0x00, 0x00, 0x00, 0x00, 0x00, 0x00,
  0x00, 0x00, 0x00, 0x00, 0x00, 0x00, 0x00, 0x00, 0x00, 0x00, 0x00, 0x00, 0x00, 0x00, 0x00, 0x00,
  0x00, 0x00, 0x00, 0x00, 0x00, 0x00, 0x00, 0x00, 0x00, 0x00, 0x00, 0x00, 0x00, 0x00, 0x00, 0x00,
  0x00, 0x00, 0x00, 0x00, 0x00, 0x00, 0x00, 0x00, 0x00, 0x00, 0x00, 0x00, 0x00, 0x00, 0x00, 0x00,
  0x00, 0x00, 0x00, 0x00, 0x00, 0x00, 0x00, 0x00, 0x00, 0x00, 0x00, 0x00, 0x00, 0x00, 0x00, 0x00,
  0x00, 0x00, 0x00, 0x00, 0x00, 0x00, 0x00, 0x00, 0x00, 0x00, 0x00, 0x00, 0x00, 0x00, 0x00, 0x00,
  0x00, 0x00, 0x00, 0x00, 0x00, 0x00, 0x00, 0x00, 0x00, 0x00, 0x00, 0x00, 0x00, 0x00, 0x00, 0x00,
  0x00, 0x00, 0x00, 0x00, 0x00, 0x00, 0x00, 0x00, 0x00, 0x00, 0x00, 0x00, 0x00, 0x00, 0x00, 0x00,
  0x00, 0x00, 0x00, 0x00, 0x00, 0x00, 0x00, 0x00, 0x00, 0x00, 0x00, 0x00, 0x00, 0x00, 0x00, 0x00,
  0x00, 0x00, 0x00, 0x00, 0x00, 0x00, 0x00, 0xa0, 0x00, 0x00, 0x00, 0x00, 0x00, 0x00, 0x00, 0x00,
  0x00, 0x00, 0x00, 0x00, 0x00, 0x00, 0x00, 0x00, 0x00, 0x09, 0x11, 0x11, 0x19, 0x00, 0x00, 0x00,
  0x00, 0x00, 0x00, 0x00, 0x00, 0x00, 0x00, 0x00, 0x00, 0x00, 0x00, 0x00, 0x00, 0x11, 0x56, 0x66,
  0x51, 0x20, 0x00, 0x00, 0x00, 0x00, 0x00, 0x00, 0x00, 0x00, 0x00, 0x00, 0x00, 0x00, 0x08, 0x78,
  0x98, 0x16, 0x33, 0x33, 0x36, 0x27, 0x00, 0x00, 0x00, 0x00, 0x00, 0x00, 0x00, 0x00, 0x00, 0x00,
  0x00, 0x09, 0x11, 0x31, 0x13, 0x53, 0x33, 0x33, 0x33, 0x61, 0x90, 0x00, 0x00, 0x00, 0x00, 0x00,
  0x00, 0x00, 0x00, 0x00, 0x00, 0x01, 0x75, 0x55, 0x65, 0x33, 0x33, 0x33, 0x33, 0x52, 0x80, 0x00,
  0x00, 0x00, 0x00, 0x00, 0x00, 0x00, 0x00, 0x00, 0x00, 0x91, 0x63, 0x33, 0x33, 0x33, 0x33, 0x33,
  0x33, 0x35, 0x30, 0x00, 0x00, 0x00, 0x00, 0x00, 0x00, 0x00, 0x00, 0x00, 0x00, 0x91, 0x63, 0x33,
  0x33, 0x33, 0x33, 0x33, 0x33, 0x55, 0x50, 0x00, 0x00, 0x00, 0x00, 0x00, 0x00, 0x00, 0x00, 0x00,
  0x09, 0x73, 0x33, 0x33, 0x33, 0x33, 0x33, 0x33, 0x35, 0x65, 0x70, 0x00, 0x00, 0x00, 0x00, 0x00,
  0x00, 0x00, 0x00, 0x00, 0x21, 0x33, 0x33, 0x33, 0x33, 0x33, 0x33, 0x35, 0x55, 0x66, 0x61, 0x49,
  0x00, 0x00, 0x00, 0x00, 0x00, 0x00, 0x00, 0x08, 0x16, 0x33, 0x33, 0x33, 0x33, 0x33, 0x35, 0x55,
  0x66, 0x66, 0x68, 0x81, 0x90, 0x00, 0x00, 0x00, 0x00, 0x00, 0x00, 0x01, 0x63, 0x33, 0x33, 0x33,
  0x33, 0x35, 0x55, 0x56, 0x66, 0x67, 0x77, 0x78, 0x40, 0x00, 0x00, 0x00, 0x00, 0x00, 0x00, 0xa1,
  0x63, 0x33, 0x33, 0x33, 0x33, 0x55, 0x56, 0x66, 0x67, 0x77, 0x77, 0x78, 0x4a, 0x00, 0x00, 0x00,
  0x00, 0x00, 0x00, 0xa1, 0x63, 0x33, 0x33, 0x33, 0x55, 0x56, 0x66, 0x66, 0x77, 0x77, 0x77, 0x88,
  0x4a, 0x00, 0x00, 0x00, 0x00, 0x00, 0x00, 0x01, 0x65, 0x33, 0x33, 0x56, 0x56, 0x67, 0x66, 0x77,
  0x77, 0x77, 0x88, 0x88, 0x40, 0x00, 0x00, 0x00, 0x00, 0x00, 0x00, 0x09, 0x16, 0x66, 0x67, 0x22,
  0x77, 0x72, 0x78, 0x88, 0x88, 0x88, 0x88, 0x84, 0x90, 0x00, 0x00, 0x00, 0x00, 0x00, 0x00, 0x00,
  0x91, 0x11, 0x11, 0x88, 0x11, 0x69, 0x41, 0x44, 0x44, 0x44, 0x44, 0x49, 0x00, 0x00, 0x00, 0x00,
  0x00, 0x00, 0x00, 0x00, 0x00, 0xaa, 0xa9, 0xaa, 0xaa, 0xaa, 0xaa, 0xaa, 0xaa, 0xaa, 0xaa, 0x00,
  0x00, 0x00, 0x00, 0x00, 0x00, 0x00, 0x00, 0x00, 0x00, 0x00, 0x00, 0x00, 0x00, 0x00, 0x00, 0x00,
  0x00, 0x00, 0x00, 0x00, 0x00, 0x00, 0x00, 0x00, 0x00, 0x00, 0x00, 0x00, 0x00, 0x00, 0x00, 0x00,
  0x00, 0x00, 0x00, 0x00, 0x00, 0x00, 0x00, 0x00, 0x00, 0x00, 0x00, 0x00, 0x00, 0x00, 0x00, 0x00,
  0x00, 0x00, 0x00, 0x00, 0x00, 0x00, 0x00, 0x00, 0x00, 0x00, 0x00, 0x00, 0x00, 0x00, 0x00, 0x00,
  0x00, 0x00, 0x00, 0x00, 0x00, 0x00, 0x00, 0x00, 0x00, 0x00, 0x00, 0x00, 0x00, 0x00, 0x00, 0x00,
  0x00, 0x00, 0x00, 0x00, 0x00, 0x00, 0x00, 0x00, 0x00, 0x00, 0x00, 0x00, 0x00, 0x00, 0x00, 0x00,
  0x00, 0x00, 0x00, 0x00, 0x00, 0x00, 0x00, 0x00, 0x00, 0x00, 0x00, 0x00, 0x00, 0x00, 0x00, 0x00,
  0x00, 0x00, 0x00, 0x00, 0x00, 0x00, 0x00, 0x00, 0x00, 0x00, 0x00, 0x00, 0x00, 0x00, 0x00, 0x00,
  0x00, 0x00, 0x00, 0x00, 0x00, 0x00, 0x00, 0x00, 0x00, 0x00, 0x00, 0x00, 0x00, 0x00, 0x00, 0x00,
  0x00, 0x00, 0x00, 0x00, 0x00, 0x00, 0x00, 0x00, 0x00, 0x00, 0x00, 0x00, 0x00, 0x00, 0x00, 0x00,
  0x00, 0x00, 0x00, 0x00, 0x00, 0x00, 0x00, 0x00, 0x00, 0x00, 0x00, 0x00, 0x00, 0x00, 0x00, 0x00,
  0x00, 0x00, 0x00, 0x00, 0x00, 0x00, 0x00, 0x00, 0x00, 0x00, 0x00, 0x00, 0x00, 0x00, 0x00, 0x00,
  0x00, 0x00, 0x00, 0x00, 0x00, 0x00, 0x00, 0x00, 0x00, 0x00, 0x00, 0x00, 0x00, 0x00, 0x00, 0x00,
  0x00, 0x00, 0x00, 0x00, 0x00, 0x00, 0x00, 0x00, 0x00, 0x00, 0x00, 0x00, 0x00, 0x00, 0x00, 0x00,
};

static const uint16_t WX_ICON_10_PAL[16] = { 0x0000, 0xffff, 0xf7bf, 0xf7df, 0xf7bf, 0xefbf, 0xef9f, 0xef9f, 0xd71e, 0x9517, 0x5b92, 0x10c4, 0x0000, 0x0000, 0x0000, 0x0000 };
alignas(4) static const uint8_t WX_ICON_10_DATA[800] = {
  0x00, 0x00, 0x00, 0x00, 0x00, 0x00, 0x00, 0x00, 0x00, 0x00, 0x00, 0x00, 0x00, 0x00, 0x00, 0x00,
  0x00, 0x00, 0x00, 0x00, 0x00, 0x00, 0x00, 0x00, 0x00, 0x00, 0x00, 0x00, 0x00, 0x00, 0x00, 0x00,
  0x00, 0x00, 0x00, 0x00, 0x00, 0x00, 0x00, 0x00, 0x00, 0x00, 0x00, 0x00, 0x00, 0x00, 0x00, 0x00,
  0x00, 0x00, 0x00, 0x00, 0x00, 0x00, 0x00, 0x00, 0x00, 0x00, 0x00, 0x00, 0x00, 0x00, 0x00, 0x00,
  0x00, 0x00, 0x00, 0x00, 0x00, 0x00, 0x00, 0x00, 0x00, 0x00, 0x00, 0x00, 0x00, 0x00, 0x00, 0x00,
  0x00, 0x00, 0x00, 0x00, 0x00, 0x00, 0x00, 0x00, 0x00, 0x00, 0x00, 0x00, 0x00, 0x00, 0x00, 0x00,
  0x00, 0x00, 0x00, 0x00, 0x00, 0x00, 0x00, 0x00, 0x00, 0x00, 0x00, 0x00, 0x00, 0x00, 0x00, 0x00,
  0x00, 0x00, 0x00, 0x00, 0x00, 0x00, 0x00, 0x00, 0x00, 0x00, 0x00, 0x00, 0x00, 0x00, 0x00, 0x00,
  0x00, 0x00, 0x00, 0x00, 0x00, 0x00, 0x00, 0x00, 0x00, 0x00, 0x00, 0x00, 0x00, 0x00, 0x00, 0x00,
  0x00, 0x00, 0x00, 0x00, 0x00, 0x00, 0x00, 0x00, 0x00, 0x00, 0x00, 0x00, 0x00, 0x00, 0x00, 0x00,
  0x00, 0x00, 0x00, 0x00, 0x00, 0x00, 0x00, 0x00, 0x00, 0x00, 0x00, 0x00, 0x00, 0x00, 0x00, 0x00,
  0x00, 0x00, 0x00, 0x00, 0x00, 0x00, 0x00, 0x00, 0x00, 0x00, 0x00, 0x00, 0x00, 0x00, 0x00, 0x00,
  0x00, 0x00, 0x00, 0x00, 0x00, 0x00, 0x00, 0x00, 0x00, 0x00, 0x00, 0x00, 0x00, 0x00, 0x00, 0x00,
  0x00, 0x00, 0x00, 0x00, 0x00, 0x00, 0x00, 0x00, 0x00, 0x00, 0x00, 0x00, 0x00, 0x00, 0x00, 0x00,
  0x00, 0x00, 0x00, 0x00, 0x00, 0x00, 0x00, 0xa0, 0x00, 0x00, 0x00, 0x00, 0x00, 0x00, 0x00, 0x00,
  0x00, 0x00, 0x00, 0x00, 0x00, 0x00, 0x00, 0x00, 0x00, 0x08, 0x11, 0x11, 0x18, 0x00, 0x00, 0x00,
  0x00, 0x00, 0x00, 0x00, 0x00, 0x00, 0x00, 0x00, 0x00, 0x00, 0x00, 0x00, 0x00, 0x11, 0x55, 0x55,
  0x51, 0x20, 0x00, 0x00, 0x00, 0x00, 0x00, 0x00, 0x00, 0x00, 0x00, 0x00, 0x00, 0x00, 0x08, 0x78,
  0x97, 0x16, 0x22, 0x22, 0x25, 0x27, 0x00, 0x00, 0x00, 0x00, 0x00, 0x00, 0x00, 0x00, 0x00, 0x00,
  0x00, 0x09, 0x11, 0x21, 0x12, 0x42, 0x22, 0x22, 0x22, 0x61, 0x90, 0x00, 0x00, 0x00, 0x00, 0x00,
  0x00, 0x00, 0x00, 0x00, 0x00, 0x01, 0x65, 0x44, 0x54, 0x22, 0x22, 0x22, 0x22, 0x42, 0x80, 0x00,
  0x00, 0x00, 0x00, 0x00, 0x00, 0x00, 0x00, 0x00, 0x00, 0x91, 0x52, 0x22, 0x22, 0x22, 0x22, 0x22,
  0x22, 0x24, 0x20, 0x00, 0x00, 0x00, 0x00, 0x00, 0x00, 0x00, 0x00, 0x00, 0x00, 0x81, 0x52, 0x22,
  0x22, 0x22, 0x22, 0x22, 0x22, 0x45, 0x40, 0x00, 0x00, 0x00, 0x00, 0x00, 0x00, 0x00, 0x00, 0x00,
  0x09, 0x72, 0x22, 0x22, 0x22, 0x22, 0x22, 0x22, 0x24, 0x64, 0x70, 0x00, 0x00, 0x00, 0x00, 0x00,
  0x00, 0x00, 0x00, 0x00, 0x41, 0x22, 0x22, 0x22, 0x22, 0x22, 0x22, 0x24, 0x44, 0x66, 0x61, 0x39,
  0x00, 0x00, 0x00, 0x00, 0x00, 0x00, 0x00, 0x08, 0x16, 0x22, 0x22, 0x22, 0x22, 0x22, 0x24, 0x44,
  0x66, 0x66, 0x67, 0x71, 0x90, 0x00, 0x00, 0x00, 0x00, 0x00, 0x00, 0x01, 0x62, 0x22, 0x22, 0x22,
  0x22, 0x24, 0x44, 0x56, 0x66, 0x67, 0x77, 0x77, 0x30, 0x00, 0x00, 0x00, 0x00, 0x00, 0x00, 0xa1,
  0x52, 0x22, 0x22, 0x22, 0x22, 0x44, 0x56, 0x66, 0x67, 0x77, 0x77, 0x77, 0x3a, 0x00, 0x00, 0x00,
  0x00, 0x00, 0x00, 0xa1, 0x52, 0x22, 0x22, 0x24, 0x44, 0x56, 0x66, 0x67, 0x77, 0x77, 0x77, 0x77,
  0x3a, 0x00, 0x00, 0x00, 0x00, 0x00, 0x00, 0x01, 0x54, 0x22, 0x22, 0x21, 0x46, 0x62, 0x66, 0x74,
  0x57, 0x77, 0x77, 0x78, 0x30, 0x00, 0x00, 0x00, 0x00, 0x00, 0x00, 0x09, 0x15, 0x55, 0x62, 0x89,
  0x67, 0x79, 0x87, 0x68, 0x87, 0x77, 0x78, 0x83, 0x90, 0x00, 0x00, 0x00, 0x00, 0x00, 0x00, 0x00,
  0x91, 0x11, 0x11, 0x99, 0x11, 0x7a, 0x81, 0x19, 0x91, 0x33, 0x33, 0x39, 0x00, 0x00, 0x00, 0x00,
  0x00, 0x00, 0x00, 0x00, 0x00, 0xa9, 0x99, 0xaa, 0x99, 0x9a, 0x99, 0x9a, 0xa9, 0x99, 0x9a, 0x00,
  0x00, 0x00, 0x00, 0x00, 0x00, 0x00, 0x00, 0x00, 0x00, 0x00, 0x00, 0xab, 0x00, 0x0a, 0x00, 0x0a,
  0x00, 0x00, 0x00, 0x00, 0x00, 0x00, 0x00, 0x00, 0x00, 0x00, 0x00, 0x00, 0x00, 0x00, 0x00, 0x00,
  0x00, 0x00, 0x00, 0x00, 0x00, 0x00, 0x00, 0x00, 0x00, 0x00, 0x00, 0x00, 0x00, 0x00, 0x00, 0x00,
  0x00, 0x00, 0x00, 0x00, 0x00, 0x00, 0x00, 0x00, 0x00, 0x00, 0x00, 0x00, 0x00, 0x00, 0x00, 0x00,
  0x00, 0x00, 0x00, 0x00, 0x00, 0x00, 0x00, 0x00, 0x00, 0x00, 0x00, 0x00, 0x00, 0x00, 0x00, 0x00,
  0x00, 0x00, 0x00, 0x00, 0x00, 0x00, 0x00, 0x00, 0x00, 0x00, 0x00, 0x00, 0x00, 0x00, 0x00, 0x00,
  0x00, 0x00, 0x00, 0x00, 0x00, 0x00, 0x00, 0x00, 0x00, 0x00, 0x00, 0x00, 0x00, 0x00, 0x00, 0x00,
  0x00, 0x00, 0x00, 0x00, 0x00, 0x00, 0x00, 0x00, 0x00, 0x00, 0x00, 0x00, 0x00, 0x00, 0x00, 0x00,
  0x00, 0x00, 0x00, 0x00, 0x00, 0x00, 0x00, 0x00, 0x00, 0x00, 0x00, 0x00, 0x00, 0x00, 0x00, 0x00,
  0x00, 0x00, 0x00, 0x00, 0x00, 0x00, 0x00, 0x00, 0x00, 0x00, 0x00, 0x00, 0x00, 0x00, 0x00, 0x00,
  0x00, 0x00, 0x00, 0x00, 0x00, 0x00, 0x00, 0x00, 0x00, 0x00, 0x00, 0x00, 0x00, 0x00, 0x00, 0x00,
  0x00, 0x00, 0x00, 0x00, 0x00, 0x00, 0x00, 0x00, 0x00, 0x00, 0x00, 0x00, 0x00, 0x00, 0x00, 0x00,
  0x00, 0x00, 0x00, 0x00, 0x00, 0x00, 0x00, 0x00, 0x00, 0x00, 0x00, 0x00, 0x00, 0x00, 0x00, 0x00,
  0x00, 0x00, 0x00, 0x00, 0x00, 0x00, 0x00, 0x00, 0x00, 0x00, 0x00, 0x00, 0x00, 0x00, 0x00, 0x00,
};

static const uint16_t WX_ICON_11_PAL[16] = { 0x0000, 0xffff, 0xf7bf, 0xf7df, 0xf7bf, 0xef9f, 0xe73c, 0xedcb, 0xbd0d, 0x7b6a, 0x18a2, 0x0000, 0x0000, 0x0000, 0x0000, 0x0000 };
alignas(4) static const uint8_t WX_ICON_11_DATA[800] = {
  0x00, 0x00, 0x00, 0x00, 0x00, 0x00, 0x00, 0x00, 0x00, 0x00, 0x00, 0x00, 0x00, 0x00, 0x00, 0x00,
  0x00, 0x00, 0x00, 0x00, 0x00, 0x00, 0x00, 0x00, 0x00, 0x00, 0x00, 0x00, 0x00, 0x00, 0x00, 0x00,
  0x00, 0x00, 0x00, 0x00, 0x00, 0x00, 0x00, 0x00, 0x00, 0x00, 0x00, 0x00, 0x00, 0x00, 0x00, 0x00,
  0x00, 0x00, 0x00, 0x00, 0x00, 0x00, 0x00, 0x00, 0x00, 0x00, 0x00, 0x00, 0x00, 0x00, 0x00, 0x00,
  0x00, 0x00, 0x00, 0x00, 0x00, 0x00, 0x00, 0x00, 0x00, 0x00, 0x00, 0x00, 0x00, 0x00, 0x00, 0x00,
  0x00, 0x00, 0x00, 0x00, 0x00, 0x00, 0x00, 0x00, 0x00, 0x00, 0x00, 0x00, 0x00, 0x00, 0x00, 0x00,
  0x00, 0x00, 0x00, 0x00, 0x00, 0x00, 0x00, 0x00, 0x00, 0x00, 0x00, 0x00, 0x00, 0x00, 0x00, 0x00,
  0x00, 0x00, 0x00, 0x00, 0x00, 0x00, 0x00, 0x00, 0x00, 0x00, 0x00, 0x00, 0x00, 0x00, 0x00, 0x00,
  0x00, 0x00, 0x00, 0x00, 0x00, 0x00, 0x00, 0x00, 0x00, 0x00, 0x00, 0x00, 0x00, 0x00, 0x00, 0x00,
  0x00, 0x00, 0x00, 0x00, 0x00, 0x00, 0x00, 0x00, 0x00, 0x00, 0x00, 0x00, 0x00, 0x00, 0x00, 0x00,
  0x00, 0x00, 0x00, 0x00, 0x00, 0x00, 0x00, 0x00, 0x00, 0x00, 0x00, 0x00, 0x00, 0x00, 0x00, 0x00,
  0x00, 0x00, 0x00, 0x00, 0x00, 0x00, 0x00, 0x00, 0x00, 0x00, 0x00, 0x00, 0x00, 0x00, 0x00, 0x00,
  0x00, 0x00, 0x00, 0x00, 0x00, 0x00, 0x00, 0x00, 0x00, 0x00, 0x00, 0x00, 0x00, 0x00, 0x00, 0x00,
  0x00, 0x00, 0x00, 0x00, 0x00, 0x00, 0x00, 0x00, 0x00, 0x00, 0x00, 0x00, 0x00, 0x00, 0x00, 0x00,
  0x00, 0x00, 0x00, 0x00, 0x00, 0x00, 0x00, 0x90, 0x00, 0x00, 0x00, 0x00, 0x00, 0x00, 0x00, 0x00,
  0x00, 0x00, 0x00, 0x00, 0x00, 0x00, 0x00, 0x00, 0x00, 0x06, 0x11, 0x11, 0x16, 0x00, 0x00, 0x00,
  0x00, 0x00, 0x00, 0x00, 0x00, 0x00, 0x00, 0x00, 0x00, 0x00, 0x00, 0x00, 0x00, 0x11, 0x44, 0x44,
  0x41, 0x20, 0x00, 0x00, 0x00, 0x00, 0x00, 0x00, 0x00, 0x00, 0x00, 0x00, 0x00, 0x00, 0x06, 0x56,
  0x85, 0x14, 0x22, 0x22, 0x24, 0x25, 0x00, 0x00, 0x00, 0x00, 0x00, 0x00, 0x00, 0x00, 0x00, 0x00,
  0x00, 0x08, 0x11, 0x21, 0x12, 0x42, 0x22, 0x22, 0x22, 0x51, 0x80, 0x00, 0x00, 0x00, 0x00, 0x00,
  0x00, 0x00, 0x00, 0x00, 0x00, 0x01, 0x54, 0x44, 0x44, 0x22, 0x22, 0x22, 0x22, 0x42, 0x60, 0x00,
  0x00, 0x00, 0x00, 0x00, 0x00, 0x00, 0x00, 0x00, 0x00, 0x81, 0x42, 0x22, 0x22, 0x22, 0x22, 0x22,
  0x22, 0x22, 0x20, 0x00, 0x00, 0x00, 0x00, 0x00, 0x00, 0x00, 0x00, 0x00, 0x00, 0x61, 0x42, 0x22,
  0x22, 0x22, 0x22, 0x22, 0x22, 0x24, 0x40, 0x00, 0x00, 0x00, 0x00, 0x00, 0x00, 0x00, 0x00, 0x00,
  0x06, 0x52, 0x22, 0x22, 0x22, 0x22, 0x22, 0x22, 0x24, 0x42, 0x50, 0x00, 0x00, 0x00, 0x00, 0x00,
  0x00, 0x00, 0x00, 0x00, 0x41, 0x22, 0x22, 0x22, 0x22, 0x22, 0x22, 0x22, 0x44, 0x44, 0x51, 0x38,
  0x00, 0x00, 0x00, 0x00, 0x00, 0x00, 0x00, 0x06, 0x15, 0x22, 0x22, 0x22, 0x22, 0x23, 0x33, 0x34,
  0x44, 0x45, 0x55, 0x51, 0x80, 0x00, 0x00, 0x00, 0x00, 0x00, 0x00, 0x01, 0x52, 0x22, 0x22, 0x22,
  0x23, 0x67, 0x77, 0x63, 0x45, 0x55, 0x55, 0x55, 0x30, 0x00, 0x00, 0x00, 0x00, 0x00, 0x00, 0x91,
  0x42, 0x22, 0x22, 0x22, 0x23, 0x77, 0x77, 0x63, 0x55, 0x55, 0x55, 0x55, 0x39, 0x00, 0x00, 0x00,
  0x00, 0x00, 0x00, 0x91, 0x42, 0x22, 0x22, 0x22, 0x36, 0x77, 0x77, 0x35, 0x55, 0x55, 0x55, 0x55,
  0x39, 0x00, 0x00, 0x00, 0x00, 0x00, 0x00, 0x01, 0x44, 0x22, 0x22, 0x24, 0x36, 0x77, 0x76, 0x55,
  0x55, 0x55, 0x55, 0x55, 0x30, 0x00, 0x00, 0x00, 0x00, 0x00, 0x00, 0x08, 0x14, 0x44, 0x55, 0x55,
  0x57, 0x77, 0x73, 0x55, 0x55, 0x55, 0x55, 0x53, 0x60, 0x00, 0x00, 0x00, 0x00, 0x00, 0x00, 0x00,
  0x81, 0x11, 0x11, 0x11, 0x47, 0x77, 0x77, 0x76, 0x33, 0x33, 0x33, 0x36, 0x00, 0x00, 0x00, 0x00,
  0x00, 0x00, 0x00, 0x00, 0x00, 0x98, 0x88, 0x88, 0x87, 0x77, 0x77, 0x79, 0x88, 0x88, 0x89, 0x00,
  0x00, 0x00, 0x00, 0x00, 0x00, 0x00, 0x00, 0x00, 0x00, 0x00, 0x00, 0x00, 0x97, 0x77, 0x77, 0x90,
  0x00, 0x00, 0x00, 0x00, 0x00, 0x00, 0x00, 0x00, 0x00, 0x00, 0x00, 0x00, 0x00, 0x00, 0x00, 0x00,
  0x00, 0x97, 0x78, 0x00, 0x00, 0x00, 0x00, 0x00, 0x00, 0x00, 0x00, 0x00, 0x00, 0x00, 0x00, 0x00,
  0x00, 0x00, 0x00, 0x00, 0x00, 0x97, 0x70, 0x00, 0x00, 0x00, 0x00, 0x00, 0x00, 0x00, 0x00, 0x00,
  0x00, 0x00, 0x00, 0x00, 0x00, 0x00, 0x00, 0x00, 0x00, 0x87, 0x00, 0x00, 0x00, 0x00, 0x00, 0x00,
  0x00, 0x00, 0x00, 0x00, 0x00, 0x00, 0x00, 0x00, 0x00, 0x00, 0x00, 0x00, 0x00, 0x79, 0x00, 0x00,
  0x00, 0x00, 0x00, 0x00, 0x00, 0x00, 0x00, 0x00, 0x00, 0x00, 0x00, 0x00, 0x00, 0x00, 0x00, 0x00,
  0x00, 0x70, 0x00, 0x00, 0x00, 0x00, 0x00, 0x00, 0x00, 0x00, 0x00, 0x00, 0x00, 0x00, 0x00, 0x00,
  0x00, 0x00, 0x00, 0x00, 0x09, 0x00, 0x00, 0x00, 0x00, 0x00, 0x00, 0x00, 0x00, 0x00, 0x00, 0x00,
  0x00, 0x00, 0x00, 0x00, 0x00, 0x00, 0x00, 0x00, 0x00, 0x00, 0x00, 0x00, 0x00, 0x00, 0x00, 0x00,
  0x00, 0x00, 0x00, 0x00, 0x00, 0x00, 0x00, 0x00, 0x00, 0x00, 0x00, 0x00, 0x00, 0x00, 0x00, 0x00,
  0x00, 0x00, 0x00, 0x00, 0x00, 0x00, 0x00, 0x00, 0x00, 0x00, 0x00, 0x00, 0x00, 0x00, 0x00, 0x00,
  0x00, 0x00, 0x00, 0x00, 0x00, 0x00, 0x00, 0x00, 0x00, 0x00, 0x00, 0x00, 0x00, 0x00, 0x00, 0x00,
  0x00, 0x00, 0x00, 0x00, 0x00, 0x00, 0x00, 0x00, 0x00, 0x00, 0x00, 0x00, 0x00, 0x00, 0x00, 0x00,
};

static const uint16_t WX_ICON_13_PAL[16] = { 0x0000, 0xffff, 0xf7bf, 0xf7bf, 0xf7df, 0xf7bf, 0xef9f, 0xef9f, 0xdf5e, 0xa61a, 0x7c10, 0x18e3, 0x0000, 0x0000, 0x0000, 0x0000 };
alignas(4) static const uint8_t WX_ICON_13_DATA[800] = {
  0x00, 0x00, 0x00, 0x00, 0x00, 0x00, 0x00, 0x00, 0x00, 0x00, 0x00, 0x00, 0x00, 0x00, 0x00, 0x00,
  0x00, 0x00, 0x00, 0x00, 0x00, 0x00, 0x00, 0x00, 0x00, 0x00, 0x00, 0x00, 0x00, 0x00, 0x00, 0x00,
  0x00, 0x00, 0x00, 0x00, 0x00, 0x00, 0x00, 0x00, 0x00, 0x00, 0x00, 0x00, 0x00, 0x00, 0x00, 0x00,
  0x00, 0x00, 0x00, 0x00, 0x00, 0x00, 0x00, 0x00, 0x00, 0x00, 0x00, 0x00, 0x00, 0x00, 0x00, 0x00,
  0x00, 0x00, 0x00, 0x00, 0x00, 0x00, 0x00, 0x00, 0x00, 0x00, 0x00, 0x00, 0x00, 0x00, 0x00, 0x00,
  0x00, 0x00, 0x00, 0x00, 0x00, 0x00, 0x00, 0x00, 0x00, 0x00, 0x00, 0x00, 0x00, 0x00, 0x00, 0x00,
  0x00, 0x00, 0x00, 0x00, 0x00, 0x00, 0x00, 0x00, 0x00, 0x00, 0x00, 0x00, 0x00, 0x00, 0x00, 0x00,
  0x00, 0x00, 0x00, 0x00, 0x00, 0x00, 0x00, 0x00, 0x00, 0x00, 0x00, 0x00, 0x00, 0x00, 0x00, 0x00,
  0x00, 0x00, 0x00, 0x00, 0x00, 0x00, 0x00, 0x00, 0x00, 0x00, 0x00, 0x00, 0x00, 0x00, 0x00, 0x00,
  0x00, 0x00, 0x00, 0x00, 0x00, 0x00, 0x00, 0x00, 0x00, 0x00, 0x00, 0x00, 0x00, 0x00, 0x00, 0x00,
  0x00, 0x00, 0x00, 0x00, 0x00, 0x00, 0x00, 0x00, 0x00, 0x00, 0x00, 0x00, 0x00, 0x00, 0x00, 0x00,
  0x00, 0x00, 0x00, 0x00, 0x00, 0x00, 0x00, 0x00, 0x00, 0x00, 0x00, 0x00, 0x00, 0x00, 0x00, 0x00,
  0x00, 0x00, 0x00, 0x00, 0x00, 0x00, 0x00, 0x00, 0x00, 0x00, 0x00, 0x00, 0x00, 0x00, 0x00, 0x00,
  0x00, 0x00, 0x00, 0x00, 0x00, 0x00, 0x00, 0x00, 0x00, 0x00, 0x00, 0x00, 0x00, 0x00, 0x00, 0x00,
  0x00, 0x00, 0x00, 0x00, 0x00, 0x00, 0x00, 0xa0, 0x00, 0x00, 0x00, 0x00, 0x00, 0x00, 0x00, 0x00,
  0x00, 0x00, 0x00, 0x00, 0x00, 0x00, 0x00, 0x00, 0x00, 0x09, 0x11, 0x11, 0x19, 0x00, 0x00, 0x00,
  0x00, 0x00, 0x00, 0x00, 0x00, 0x00, 0x00, 0x00, 0x00, 0x00, 0x00, 0x00, 0x00, 0x11, 0x56, 0x66,
  0x51, 0x20, 0x00, 0x00, 0x00, 0x00, 0x00, 0x00, 0x00, 0x00, 0x00, 0x00, 0x00, 0x00, 0x08, 0x78,
  0x98, 0x16, 0x33, 0x33, 0x36, 0x27, 0x00, 0x00, 0x00, 0x00, 0x00, 0x00, 0x00, 0x00, 0x00, 0x00,
  0x00, 0x09, 0x11, 0x21, 0x12, 0x53, 0x33, 0x33, 0x33, 0x61, 0xa0, 0x00, 0x00, 0x00, 0x00, 0x00,
  0x00, 0x00, 0x00, 0x00, 0x00, 0x01, 0x75, 0x55, 0x65, 0x33, 0x33, 0x33, 0x33, 0x52, 0x80, 0x00,
  0x00, 0x00, 0x00, 0x00, 0x00, 0x00, 0x00, 0x00, 0x00, 0x91, 0x63, 0x33, 0x33, 0x33, 0x33, 0x33,
  0x33, 0x35, 0x30, 0x00, 0x00, 0x00, 0x00, 0x00, 0x00, 0x00, 0x00, 0x00, 0x00, 0x91, 0x63, 0x33,
  0x33, 0x33, 0x33, 0x33, 0x33, 0x55, 0x50, 0x00, 0x00, 0x00, 0x00, 0x00, 0x00, 0x00, 0x00, 0x00,
  0x09, 0x72, 0x33, 0x33, 0x33, 0x33, 0x33, 0x33, 0x35, 0x65, 0x70, 0x00, 0x00, 0x00, 0x00, 0x00,
  0x00, 0x00, 0x00, 0x00, 0x31, 0x33, 0x33, 0x33, 0x33, 0x33, 0x33, 0x35, 0x55, 0x66, 0x61, 0x29,
  0x00, 0x00, 0x00, 0x00, 0x00, 0x00, 0x00, 0x08, 0x16, 0x33, 0x33, 0x33, 0x33, 0x33, 0x35, 0x55,
  0x66, 0x66, 0x67, 0x71, 0x90, 0x00, 0x00, 0x00, 0x00, 0x00, 0x00, 0x01, 0x63, 0x33, 0x33, 0x33,
  0x33, 0x35, 0x55, 0x56, 0x66, 0x67, 0x77, 0x78, 0x40, 0x00, 0x00, 0x00, 0x00, 0x00, 0x00, 0xa1,
  0x63, 0x33, 0x33, 0x33, 0x33, 0x55, 0x56, 0x66, 0x67, 0x77, 0x77, 0x78, 0x4a, 0x00, 0x00, 0x00,
  0x00, 0x00, 0x00, 0xa1, 0x63, 0x33, 0x33, 0x35, 0x55, 0x56, 0x66, 0x67, 0x77, 0x77, 0x77, 0x78,
  0x4a, 0x00, 0x00, 0x00, 0x00, 0x00, 0x00, 0x01, 0x65, 0x33, 0x33, 0x23, 0x55, 0x55, 0x66, 0x76,
  0x77, 0x77, 0x77, 0x78, 0x40, 0x00, 0x00, 0x00, 0x00, 0x00, 0x00, 0x09, 0x16, 0x66, 0x66, 0x88,
  0x67, 0x88, 0x78, 0x78, 0x88, 0x88, 0x88, 0x84, 0x90, 0x00, 0x00, 0x00, 0x00, 0x00, 0x00, 0x00,
  0x91, 0x11, 0x18, 0x99, 0x84, 0x99, 0x94, 0x89, 0x98, 0x44, 0x44, 0x49, 0x00, 0x00, 0x00, 0x00,
  0x00, 0x00, 0x00, 0x00, 0x00, 0xaa, 0xa9, 0x99, 0x99, 0x99, 0x9a, 0x99, 0x99, 0xaa, 0xaa, 0x00,
  0x00, 0x00, 0x00, 0x00, 0x00, 0x00, 0x00, 0x00, 0x00, 0x00, 0x00, 0x00, 0x00, 0x0a, 0x00, 0x0a,
  0x00, 0x00, 0x00, 0x00, 0x00, 0x00, 0x00, 0x00, 0x00, 0x00, 0x00, 0x00, 0x00, 0x00, 0x00, 0x00,
  0x00, 0x00, 0x00, 0x00, 0x00, 0x00, 0x00, 0x00, 0x00, 0x00, 0x00, 0x00, 0x00, 0x00, 0x00, 0x00,
  0x00, 0x00, 0x00, 0x00, 0x00, 0x00, 0x00, 0x00, 0x00, 0x00, 0x00, 0x00, 0x00, 0x00, 0x00, 0x00,
  0x00, 0x00, 0x00, 0x00, 0x00, 0x00, 0x00, 0x00, 0x00, 0x00, 0x00, 0x00, 0x00, 0x00, 0x00, 0x00,
  0x00, 0x00, 0x00, 0x00, 0x00, 0x00, 0x00, 0x00, 0x00, 0x00, 0x00, 0x00, 0x00, 0x00, 0x00, 0x00,
  0x00, 0x00, 0x00, 0x00, 0x00, 0x00, 0x00, 0x00, 0x00, 0x00, 0x00, 0x00, 0x00, 0x00, 0x00, 0x00,
  0x00, 0x00, 0x00, 0x00, 0x00, 0x00, 0x00, 0x00, 0x00, 0x00, 0x00, 0x00, 0x00, 0x00, 0x00, 0x00,
  0x00, 0x00, 0x00, 0x00, 0x00, 0x00, 0x00, 0x00, 0x00, 0x00, 0x00, 0x00, 0x00, 0x00, 0x00, 0x00,
  0x00, 0x00, 0x00, 0x00, 0x00, 0x00, 0x00, 0x00, 0x00, 0x00, 0x00, 0x00, 0x00, 0x00, 0x00, 0x00,
  0x00, 0x00, 0x00, 0x00, 0x00, 0x00, 0x00, 0x00, 0x00, 0x00, 0x00, 0x00, 0x00, 0x00, 0x00, 0x00,
  0x00, 0x00, 0x00, 0x00, 0x00, 0x00, 0x00, 0x00, 0x00, 0x00, 0x00, 0x00, 0x00, 0x00, 0x00, 0x00,
  0x00, 0x00, 0x00, 0x00, 0x00, 0x00, 0x00, 0x00, 0x00, 0x00, 0x00, 0x00, 0x00, 0x00, 0x00, 0x00,
  0x00, 0x00, 0x00, 0x00, 0x00, 0x00, 0x00, 0x00, 0x00, 0x00, 0x00, 0x00, 0x00, 0x00, 0x00, 0x00,
};

static const uint16_t WX_ICON_50_PAL[16] = { 0x0000, 0xffff, 0xf7bf, 0xf7bf, 0xf7df, 0xf7bf, 0xefbf, 0xef9f, 0xe73d, 0xa555, 0x6b6e, 0x3186, 0x0021, 0x0000, 0x0000, 0x0000 };
alignas(4) static const uint8_t WX_ICON_50_DATA[800] = {
  0x00, 0x00, 0x00, 0x00, 0x00, 0x00, 0x00, 0x00, 0x00, 0x00, 0x00, 0x00, 0x00, 0x00, 0x00, 0x00,
  0x00, 0x00, 0x00, 0x00, 0x00, 0x00, 0x00, 0x00, 0x00, 0x00, 0x00, 0x00, 0x00, 0x00, 0x00, 0x00,
  0x00, 0x00, 0x00, 0x00, 0x00, 0x00, 0x00, 0x00, 0x00, 0x00, 0x00, 0x00, 0x00, 0x00, 0x00, 0x00,
  0x00, 0x00, 0x00, 0x00, 0x00, 0x00, 0x00, 0x00, 0x00, 0x00, 0x00, 0x00, 0x00, 0x00, 0x00, 0x00,
  0x00, 0x00, 0x00, 0x00, 0x00, 0x00, 0x00, 0x00, 0x00, 0x00, 0x00, 0x00, 0x00, 0x00, 0x00, 0x00,
  0x00, 0x00, 0x00, 0x00, 0x00, 0x00, 0x00, 0x00, 0x00, 0x00, 0x00, 0x00, 0x00, 0x00, 0x00, 0x00,
  0x00, 0x00, 0x00, 0x00, 0x00, 0x00, 0x00, 0x00, 0x00, 0x00, 0x00, 0x00, 0x00, 0x00, 0x00, 0x00,
  0x00, 0x00, 0x00, 0x00, 0x00, 0x00, 0x00, 0x00, 0x00, 0x00, 0x00, 0x00, 0x00, 0x00, 0x00, 0x00,
  0x00, 0x00, 0x00, 0x00, 0x00, 0x00, 0x00, 0x00, 0x00, 0x00, 0x00, 0x00, 0x00, 0x00, 0x00, 0x00,
  0x00, 0x00, 0x00, 0x00, 0x00, 0x00, 0x00, 0x00, 0x00, 0x00, 0x00, 0x00, 0x00, 0x00, 0x00, 0x00,
  0x00, 0x00, 0x00, 0x00, 0x00, 0x00, 0x00, 0x00, 0x00, 0x00, 0x00, 0x00, 0x00, 0x00, 0x00, 0x00,
  0x00, 0x00, 0x00, 0x00, 0x00, 0x00, 0x00, 0x00, 0x00, 0x00, 0x00, 0x00, 0x00, 0x00, 0x00, 0x00,
  0x00, 0x00, 0x00, 0x00, 0x00, 0x00, 0x00, 0x00, 0x00, 0x00, 0x00, 0x00, 0x00, 0x00, 0x00, 0x00,
  0x00, 0x00, 0x00, 0x00, 0x00, 0x00, 0x00, 0x00, 0x00, 0x00, 0x00, 0x00, 0x00, 0x00, 0x00, 0x00,
  0x00, 0x00, 0x00, 0x00, 0x00, 0x00, 0x00, 0xa0, 0x00, 0x00, 0x00, 0x00, 0x00, 0x00, 0x00, 0x00,
  0x00, 0x00, 0x00, 0x00, 0x00, 0x00, 0x00, 0x00, 0x00, 0x09, 0x11, 0x11, 0x19, 0x00, 0x00, 0x00,
  0x00, 0x00, 0x00, 0x00, 0x00, 0x00, 0x00, 0x00, 0x00, 0x00, 0x00, 0x00, 0x00, 0x11, 0x66, 0x66,
  0x61, 0x20, 0x00, 0x00, 0x00, 0x00, 0x00, 0x00, 0x00, 0x00, 0x00, 0x00, 0x00, 0x00, 0x08, 0x78,
  0x98, 0x16, 0x33, 0x33, 0x36, 0x27, 0x00, 0x00, 0x00, 0x00, 0x00, 0x00, 0x00, 0x00, 0x00, 0x00,
  0x00, 0x09, 0x11, 0x21, 0x12, 0x53, 0x33, 0x33, 0x33, 0x71, 0x90, 0x00, 0x00, 0x00, 0x00, 0x00,
  0x00, 0x00, 0x00, 0x00, 0x00, 0x01, 0x76, 0x55, 0x65, 0x33, 0x33, 0x33, 0x33, 0x52, 0x80, 0x00,
  0x00, 0x00, 0x00, 0x00, 0x00, 0x00, 0x00, 0x00, 0x00, 0x91, 0x63, 0x33, 0x33, 0x33, 0x33, 0x33,
  0x33, 0x35, 0x30, 0x00, 0x00, 0x00, 0x00, 0x00, 0x00, 0x00, 0x00, 0x00, 0x00, 0x91, 0x63, 0x33,
  0x33, 0x33, 0x33, 0x33, 0x33, 0x56, 0x50, 0x00, 0x00, 0x00, 0x00, 0x00, 0x00, 0x00, 0x00, 0x00,
  0x09, 0x72, 0x33, 0x33, 0x33, 0x33, 0x33, 0x33, 0x35, 0x65, 0x70, 0x00, 0x00, 0x00, 0x00, 0x00,
  0x00, 0x00, 0x00, 0x00, 0x51, 0x33, 0x33, 0x33, 0x33, 0x33, 0x33, 0x35, 0x56, 0x66, 0x61, 0x49,
  0x00, 0x00, 0x00, 0x00, 0x00, 0x00, 0x00, 0x08, 0x17, 0x33, 0x33, 0x33, 0x33, 0x33, 0x35, 0x55,
  0x66, 0x66, 0x77, 0x71, 0x90, 0x00, 0x00, 0x00, 0x00, 0x00, 0x00, 0x01, 0x73, 0x33, 0x33, 0x33,
  0x33, 0x35, 0x55, 0x66, 0x66, 0x77, 0x77, 0x78, 0x40, 0x00, 0x00, 0x00, 0x00, 0x00, 0x00, 0xa1,
  0x63, 0x33, 0x33, 0x33, 0x33, 0x55, 0x66, 0x66, 0x77, 0x77, 0x77, 0x78, 0x4a, 0x00, 0x00, 0x00,
  0x00, 0x00, 0x00, 0xa1, 0x63, 0x33, 0x33, 0x33, 0x55, 0x66, 0x66, 0x77, 0x77, 0x77, 0x77, 0x78,
  0x4a, 0x00, 0x00, 0x00, 0x00, 0x00, 0x00, 0x01, 0x65, 0x33, 0x33, 0x55, 0x66, 0x66, 0x67, 0x77,
  0x77, 0x77, 0x77, 0x78, 0x40, 0x00, 0x00, 0x00, 0x00, 0x00, 0x00, 0x09, 0x16, 0x66, 0x67, 0x77,
  0x77, 0x77, 0x77, 0x77, 0x88, 0x88, 0x88, 0x84, 0x90, 0x00, 0x00, 0x00, 0x00, 0x00, 0x00, 0x00,
  0x91, 0x11, 0x11, 0x11, 0x11, 0x11, 0x11, 0x44, 0x44, 0x44, 0x44, 0x49, 0x00, 0x00, 0x00, 0x00,
  0x00, 0x00, 0x00, 0x00, 0x00, 0xa9, 0x99, 0x99, 0x99, 0x99, 0x99, 0x99, 0x99, 0x99, 0x9a, 0x00,
  0x00, 0x00, 0x00, 0x00, 0x00, 0x00, 0x00, 0x00, 0x00, 0x00, 0x00, 0x00, 0x00, 0x00, 0x00, 0x00,
  0x00, 0x00, 0x00, 0x00, 0x00, 0x00, 0x00, 0x00, 0x00, 0x00, 0x00, 0x00, 0x00, 0x00, 0x00, 0x00,
  0x00, 0x00, 0x00, 0x00, 0x00, 0x00, 0x00, 0x00, 0x00, 0x00, 0x00, 0x00, 0x00, 0x00, 0x00, 0x00,
  0x00, 0x00, 0x00, 0x00, 0x00, 0x00, 0x00, 0x00, 0x00, 0x00, 0x00, 0x00, 0x00, 0x00, 0x00, 0x00,
  0x00, 0x00, 0x00, 0x00, 0x00, 0x25, 0x65, 0x55, 0x55, 0x66, 0x77, 0x78, 0x88, 0x88, 0x88, 0x00,
  0x00, 0x00, 0x00, 0x00, 0x00, 0x00, 0x00, 0x00, 0x00, 0x00, 0x00, 0x00, 0x00, 0x00, 0x00, 0x00,
  0x00, 0x00, 0x00, 0x00, 0x00, 0x00, 0x00, 0x00, 0x00, 0x00, 0x00, 0x00, 0x00, 0x00, 0x00, 0x00,
  0x00, 0x00, 0x00, 0x00, 0x00, 0x00, 0x00, 0x00, 0x00, 0x00, 0x00, 0x00, 0x00, 0x00, 0x00, 0x00,
  0x00, 0x99, 0x99, 0x99, 0x99, 0x99, 0x99, 0x99, 0x99, 0x99, 0x9a, 0x00, 0x00, 0x00, 0x00, 0x00,
  0x00, 0x00, 0x00, 0x00, 0x00, 0x88, 0x88, 0x88, 0x88, 0x88, 0x88, 0x88, 0x88, 0x88, 0x88, 0x00,
  0x00, 0x00, 0x00, 0x00, 0x00, 0x00, 0x00, 0x00, 0x00, 0x00, 0x00, 0x00, 0x00, 0x00, 0x00, 0x00,
  0x00, 0x00, 0x00, 0x00, 0x00, 0x00, 0x00, 0x00, 0x00, 0x00, 0x00, 0x00, 0x00, 0x00, 0x00, 0x00,
  0x00, 0x00, 0x00, 0x00, 0x00, 0x00, 0x00, 0x00, 0x00, 0x00, 0x00, 0x00, 0x00, 0x00, 0x00, 0x00,
  0x00, 0x00, 0x00, 0x00, 0x00, 0x00, 0x00, 0x00, 0x00, 0x00, 0x00, 0x00, 0x00, 0x00, 0x00, 0x00,
};

static const uint16_t WX_GAUGE_TEMP_PAL[16] = { 0x0000, 0xdf9f, 0xd71d, 0xc639, 0xc577, 0xacb3, 0x8bf0, 0x82ec, 0xe189, 0xe127, 0x6967, 0x10a2, 0x0000, 0x0000, 0x0000, 0x0000 };
alignas(4) static const uint8_t WX_GAUGE_TEMP_DATA[280] = {
  0x00, 0x00, 0x00, 0x00, 0x00, 0x00, 0x00, 0x00, 0x00, 0x00, 0x00, 0x00, 0x00, 0x00, 0x00, 0x00,
  0x00, 0x00, 0x00, 0x00, 0x00, 0x00, 0x00, 0x00, 0x00, 0x00, 0x00, 0x00, 0x00, 0x00, 0x00, 0x00,
  0x00, 0x00, 0x00, 0x00, 0x00, 0x00, 0x00, 0x00, 0x00, 0x00, 0x00, 0x00, 0x00, 0x00, 0x00, 0x07,
  0x33, 0x70, 0x00, 0x00, 0x00, 0x00, 0x00, 0x00, 0x00, 0x71, 0x22, 0x27, 0x00, 0x00, 0x00, 0x00,
  0x00, 0x00, 0x0a, 0xb5, 0x85, 0x23, 0x00, 0x00, 0x00, 0x00, 0x00, 0x00, 0x71, 0x7b, 0x98, 0x23,
  0x00, 0x00, 0x00, 0x00, 0x00, 0x0a, 0xa5, 0x89, 0x84, 0x17, 0x00, 0x00, 0x00, 0x00, 0x00, 0x61,
  0x7b, 0x98, 0x41, 0x60, 0x00, 0x00, 0x00, 0x00, 0x0b, 0xa4, 0x89, 0x84, 0x16, 0x00, 0x00, 0x00,
  0x00, 0x00, 0x62, 0xaa, 0x98, 0x41, 0x60, 0x00, 0x00, 0x00, 0x00, 0x0b, 0x74, 0x8a, 0x84, 0x16,
  0x00, 0x00, 0x00, 0x00, 0x00, 0x63, 0xba, 0x98, 0x41, 0x60, 0x00, 0x00, 0x00, 0x00, 0x0b, 0x64,
  0x8a, 0x84, 0x16, 0x00, 0x00, 0x00, 0x00, 0x00, 0x63, 0xba, 0x98, 0x41, 0x60, 0x00, 0x00, 0x00,
  0x00, 0x42, 0x14, 0x8a, 0x84, 0x16, 0x00, 0x00, 0x00, 0x00, 0x02, 0x25, 0x58, 0x98, 0x41, 0x60,
  0x00, 0x00, 0x00, 0x00, 0x52, 0x89, 0x99, 0x84, 0x16, 0x00, 0x00, 0x00, 0x00, 0x00, 0x33, 0x98,
  0x89, 0x51, 0x60, 0x00, 0x00, 0x00, 0x00, 0x00, 0x33, 0x89, 0x89, 0x42, 0x00, 0x00, 0x00, 0x00,
  0x00, 0x00, 0x61, 0x58, 0x98, 0x24, 0x00, 0x00, 0x00, 0x00, 0x00, 0x00, 0x04, 0x13, 0x32, 0x20,
  0x00, 0x00, 0x00, 0x00, 0x00, 0x00, 0x00, 0x63, 0x35, 0x00, 0x00, 0x00, 0x00, 0x00, 0x00, 0x00,
  0x00, 0x00, 0x00, 0x00, 0x00, 0x00, 0x00, 0x00, 0x00, 0x00, 0x00, 0x00, 0x00, 0x00, 0x00, 0x00,
  0x00, 0x00, 0x00, 0x00, 0x00, 0x00, 0x00, 0x00, 0x00, 0x00, 0x00, 0x00, 0x00, 0x00, 0x00, 0x00,
  0x00, 0x00, 0x00, 0x00, 0x00, 0x00, 0x00, 0x00,
};

static const uint16_t WX_GAUGE_HUMI_PAL[16] = { 0x0000, 0x65bf, 0x5d9e, 0x5d7d, 0x5d7d, 0x5d7d, 0x5d5d, 0x5d7d, 0x5d5c, 0x54b9, 0x3b52, 0x1126, 0x0020, 0x0000, 0x0000, 0x0000 };
alignas(4) static const uint8_t WX_GAUGE_HUMI_DATA[160] = {
  0x00, 0x00, 0x00, 0x0a, 0x00, 0x00, 0x00, 0x00, 0x00, 0x00, 0x00, 0x02, 0xa0, 0x00, 0x00, 0x00,
  0x00, 0x00, 0x00, 0xa1, 0x10, 0x00, 0x00, 0x00, 0x00, 0x00, 0x00, 0x18, 0x29, 0x00, 0x00, 0x00,
  0x00, 0x00, 0x09, 0x27, 0x81, 0xa0, 0x00, 0x00, 0x00, 0x00, 0x01, 0x83, 0x54, 0x30, 0x00, 0x00,
  0x00, 0x00, 0x82, 0x73, 0x36, 0x19, 0x00, 0x00, 0x00, 0x0a, 0x18, 0x33, 0x33, 0x81, 0x00, 0x00,
  0x00, 0x02, 0x45, 0x33, 0x33, 0x63, 0x80, 0x00, 0x00, 0xa1, 0x63, 0x33, 0x33, 0x38, 0x1a, 0x00,
  0x00, 0x27, 0x33, 0x33, 0x33, 0x33, 0x53, 0x00, 0x0a, 0x16, 0x33, 0x33, 0x33, 0x33, 0x61, 0xa0,
  0x09, 0x26, 0x33, 0x33, 0x33, 0x33, 0x72, 0x90, 0x09, 0x26, 0x33, 0x33, 0x33, 0x33, 0x72, 0x90,
  0x09, 0x27, 0x33, 0x33, 0x33, 0x33, 0x61, 0xa0, 0x00, 0x18, 0x33, 0x33, 0x33, 0x33, 0x62, 0x00,
  0x00, 0x91, 0x83, 0x33, 0x33, 0x38, 0x19, 0x00, 0x00, 0x08, 0x17, 0x77, 0x76, 0x61, 0x80, 0x00,
  0x00, 0x00, 0x92, 0x11, 0x11, 0x2a, 0x00, 0x00, 0x00, 0x00, 0x00, 0xa9, 0x9a, 0x00, 0x00, 0x00,
};

const uint8_t WX_ICON_CODES[WX_ICON_COUNT] = { 1, 2, 3, 4, 9, 10, 11, 13, 50 };
const WxIcon WX_ICONS[WX_ICON_COUNT] = {
  { 40, 40, WX_ICON_01_PAL, WX_ICON_01_DATA },
  { 40, 40, WX_ICON_02_PAL, WX_ICON_02_DATA },
  { 40, 40, WX_ICON_03_PAL, WX_ICON_03_DATA },
  { 40, 40, WX_ICON_04_PAL, WX_ICON_04_DATA },
  { 40, 40, WX_ICON_09_PAL, WX_ICON_09_DATA },
  { 40, 40, WX_ICON_10_PAL, WX_ICON_10_DATA },
  { 40, 40, WX_ICON_11_PAL, WX_ICON_11_DATA },
  { 40, 40, WX_ICON_13_PAL, WX_ICON_13_DATA },
  { 40, 40, WX_ICON_50_PAL, WX_ICON_50_DATA },
};
const WxIcon WX_GAUGE_TEMP = { 20, 28, WX_GAUGE_TEMP_PAL, WX_GAUGE_TEMP_DATA };
const WxIcon WX_GAUGE_HUMI = { 16, 20, WX_GAUGE_HUMI_PAL, WX_GAUGE_HUMI_DATA };
